Date,Close
2009-06-01,727.9494320600699
2009-06-02,705.2933425621786
2009-06-03,701.0250348361132
2009-06-04,709.5620927986347
2009-06-05,693.1445885417871
2009-06-08,696.0995991797294
2009-06-09,723.0242176588815
2009-06-10,722.3676797424176
2009-06-11,722.0391157772583
2009-06-12,710.2185569633668
2009-06-15,704.3084619357509
2009-06-16,690.8461895720408
2009-06-17,705.2933425621786
2009-06-18,691.5028012402365
2009-06-19,702.3384056759683
2009-06-22,681.3241034796278
2009-06-23,676.3988890784393
2009-06-24,690.1894304003814
2009-06-25,700.0400067062218
2009-06-26,701.3532300426133
2009-06-29,701.681572752577
2009-06-30,704.3084619357509
2009-07-01,714.4872334480915
2009-07-02,708.2485744553162
2009-07-06,703.651850267555
2009-07-07,685.592484957425
2009-07-08,674.4286115634612
2009-07-09,684.9358732892292
2009-07-10,688.5475693470989
2009-07-13,704.3084619357509
2009-07-14,716.7857799213015
2009-07-15,751.9191136530116
2009-07-16,768.3363966546638
2009-07-17,777.2018710788811
2009-07-20,787.0524473847215
2009-07-21,781.7986690183737
2009-07-22,800.514572244968
2009-07-23,813.97691836041
2009-07-24,814.3053348221057
2009-07-27,814.3053348221057
2009-07-28,821.2006054830766
2009-07-29,815.2903629519968
2009-07-30,814.6335300286058
2009-07-31,819.2306229750257
2009-08-03,829.7378109490619
2009-08-04,829.4093207356345
2009-08-05,821.5289481930403
2009-08-06,810.693565012504
2009-08-07,808.7233612492578
2009-08-10,803.4698041381055
2009-08-11,795.9179218089389
2009-08-12,802.8131924699098
2009-08-13,821.5289481930403
2009-08-14,806.0965458178158
2009-08-17,786.7240309230259
2009-08-18,798.544663488649
2009-08-19,806.0965458178158
2009-08-20,807.0817214511708
2009-08-21,821.8572909030041
2009-08-24,814.9620939937649
2009-08-25,817.9172521351708
2009-08-26,826.4541625942289
2009-08-27,827.4392644758518
2009-08-28,843.528352271004
2009-08-31,835.6481272318734
2009-09-01,815.6186319102287
2009-09-02,811.6786668941271
2009-09-03,818.5738638033664
2009-09-04,838.274795159852
2009-09-08,850.7521131454024
2009-09-09,857.9755790128737
2009-09-10,858.6322644328013
2009-09-11,845.4984085307865
2009-09-14,845.1701395725546
2009-09-15,850.4236966837069
2009-09-16,847.1401958323373
2009-09-17,831.3795244988806
2009-09-18,839.5882397514388
2009-09-21,835.9763961901056
2009-09-22,842.2148339276854
2009-09-23,851.408724813598
2009-09-24,835.6481272318734
2009-09-25,833.6779234686272
2009-09-28,850.4236966837069
2009-09-29,837.946452449888
2009-09-30,841.2299533012575
2009-10-01,807.7383331193665
2009-10-02,801.8282380917504
2009-10-05,810.693565012504
2009-10-06,829.0809780256708
2009-10-07,827.4392644758518
2009-10-08,823.8275684179823
2009-10-09,850.0953539737433
2009-10-12,862.9009409175256
2009-10-13,859.9457827761199
2009-10-14,872.4231007616705
2009-10-15,859.2891711079241
2009-10-16,842.5433241411127
2009-10-19,856.990698386446
2009-10-20,852.3938266952214
2009-10-21,835.6481272318734
2009-10-22,851.080455855366
2009-10-23,829.4093207356345
2009-10-26,833.3495070069316
2009-10-27,820.872189021381
2009-10-28,799.2013489085764
2009-10-29,815.6186319102287
2009-10-30,794.2759870039246
2009-11-02,793.6193015839968
2009-11-03,784.7539009115116
2009-11-04,788.0373280111493
2009-11-05,806.7533049894752
2009-11-06,804.7833224814243
2009-11-09,829.7378109490619
2009-11-10,836.6331553617648
2009-11-11,846.8117793706418
2009-11-12,839.9166562131345
2009-11-13,843.528352271004
2009-11-16,864.5425807156129
2009-11-17,864.2143855091126
2009-11-18,856.0056702565548
2009-11-19,827.4392644758518
2009-11-20,823.4990782045548
2009-11-23,832.3643313735768
2009-11-24,837.946452449888
2009-11-25,842.2148339276854
2009-11-27,834.006339930323
2009-11-30,835.9763961901056
2009-12-01,860.2741254860838
2009-12-02,866.841053437091
2009-12-03,878.6617597544458
2009-12-04,890.8105137748373
2009-12-07,890.1539021066417
2009-12-08,884.2435858238301
2009-12-09,887.5272341786631
2009-12-10,884.9003449954894
2009-12-11,878.3333432927502
2009-12-14,890.1539021066417
2009-12-15,881.9452606058155
2009-12-16,887.8555031368951
2009-12-17,872.7514434716343
2009-12-18,888.8405312667865
2009-12-21,906.8998228251846
2009-12-22,908.8697315815039
2009-12-23,907.8847034516125
2009-12-24,921.6753922770182
2009-12-28,912.4816488945689
2009-12-29,908.5413888715401
2009-12-30,924.3022077084602
2009-12-31,916.7501778758298
2010-01-04,932.8391919192502
2010-01-05,927.5857823115617
2010-01-06,925.2871620866196
2010-01-07,918.0635487156851
2010-01-08,936.451182984047
2010-01-11,933.1676083809456
2010-01-12,900.0044046607503
2010-01-13,911.4966207646777
2010-01-14,912.8100653562644
2010-01-15,884.2435858238301
2010-01-19,897.0492465193443
2010-01-20,892.1240321181559
2010-01-21,886.870401255272
2010-01-22,842.87181435454
2010-01-25,854.363882955004
2010-01-26,847.1401958323373
2010-01-27,859.2891711079241
2010-01-28,838.6031378698157
2010-01-29,812.9919639822505
2010-02-01,830.7227653272214
2010-02-02,840.2449989230981
2010-02-03,837.2896932782287
2010-02-04,804.7833224814243
2010-02-05,824.4841063344463
2010-02-08,821.2006054830766
2010-02-09,829.7378109490619
2010-02-10,832.0361361670765
2010-02-11,846.8117793706418
2010-02-12,855.6773275465908
2010-02-16,874.721499731417
2010-02-17,875.3781851513444
2010-02-18,880.303399552533
2010-02-19,881.2884276824241
2010-02-22,878.6617597544458
2010-02-23,857.3191148481416
2010-02-24,872.4231007616705
2010-02-25,871.1096561700837
2010-02-26,866.1845155206271
2010-03-01,887.1987439652356
2010-03-02,882.6017985222793
2010-03-03,876.3631395295041
2010-03-04,877.676584121091
2010-03-05,887.5272341786631
2010-03-08,884.5719285337938
2010-03-09,879.9750568425692
2010-03-10,898.3627648626631
2010-03-11,889.8255593966777
2010-03-12,886.870401255272
2010-03-15,880.9602324759239
2010-03-16,908.2131199133081
2010-03-17,921.0187068570906
2010-03-18,914.4518526578152
2010-03-19,902.6310725887286
2010-03-22,919.0485768455762
2010-03-23,939.4063411254529
2010-03-24,918.0635487156851
2010-03-25,916.421835165866
2010-03-26,912.8100653562644
2010-03-29,917.7352797574531
2010-03-30,920.6902903953951
2010-03-31,915.1084643260108
2010-04-01,916.7501778758298
2010-04-05,938.4212392438297
2010-04-06,930.8692094111991
2010-04-07,935.7944238123879
2010-04-08,921.6753922770182
2010-04-09,931.8542375410908
2010-04-12,944.0032128166774
2010-04-13,951.5550213941125
2010-04-14,990.3003461906194
2010-04-15,999.822579786496
2010-04-16,986.3602336710541
2010-04-19,982.0915571863296
2010-04-20,992.9271616220614
2010-04-21,979.7931582165834
2010-04-22,992.9271616220614
2010-04-23,995.8822460117353
2010-04-26,998.1807187332136
2010-04-27,967.9724518992283
2010-04-28,972.2411283839529
2010-04-29,986.6885763810177
2010-04-30,951.8835853592716
2010-05-03,971.912785673989
2010-05-04,937.4362111139384
2010-05-05,931.1974783694311
2010-05-06,899.3476454890906
2010-05-07,886.5422060487718
2010-05-10,932.1825802510544
2010-05-11,926.2723377199746
2010-05-12,953.5252251573587
2010-05-13,924.6304766666922
2010-05-14,901.317849252337
2010-05-17,916.421835165866
2010-05-18,891.4673466982284
2010-05-19,898.6909600691632
2010-05-20,876.0350180747356
2010-05-21,884.5719285337938
2010-05-24,871.4379988800473
2010-05-25,881.2884276824241
2010-05-26,875.0499161931124
2010-05-27,915.1084643260108
2010-05-28,900.332747370714
2010-06-01,885.2286877054531
2010-06-02,911.4966207646777
2010-06-03,922.9889843720687
2010-06-04,885.8854468771126
2010-06-07,857.6474575581053
2010-06-08,859.9457827761199
2010-06-09,851.737067523562
2010-06-10,880.303399552533
2010-06-11,889.1688739767501
2010-06-14,893.1089864963155
2010-06-15,934.1527102625688
2010-06-16,936.779451942279
2010-06-17,937.4362111139384
2010-06-18,934.4809792208008
2010-06-21,925.9440687617426
2010-06-22,913.1383343144963
2010-06-23,915.1084643260108
2010-06-24,894.0940883779388
2010-06-25,892.1240321181559
2010-06-28,898.6909600691632
2010-06-29,865.5278301006995
2010-06-30,851.080455855366
2010-07-01,847.7968812522649
2010-07-02,843.2000833127719
2010-07-06,846.4835104124098
2010-07-07,887.1987439652356
2010-07-08,884.9003449954894
2010-07-09,896.3926348511486
2010-07-12,905.9146471918299
2010-07-13,925.6155785483153
2010-07-14,922.6604204069096
2010-07-15,923.3173270820326
2010-07-16,901.317849252337
2010-07-19,924.6304766666922
2010-07-20,919.0485768455762
2010-07-21,902.3028036304966
2010-07-22,930.5408667012355
2010-07-23,933.8242200491414
2010-07-26,941.3762498817719
2010-07-27,937.7645538239022
2010-07-28,922.0037349869822
2010-07-29,907.5562869899168
2010-07-30,899.3476454890906
2010-08-02,915.4368070359748
2010-08-03,902.9594890504242
2010-08-04,910.5115926347863
2010-08-05,911.8250372263733
2010-08-06,911.1682780547137
2010-08-09,915.1084643260108
2010-08-10,892.7807175380835
2010-08-11,870.452970750156
2010-08-12,854.692151913236
2010-08-13,843.8568424844316
2010-08-16,852.0654839852577
2010-08-17,862.2442554975983
2010-08-18,871.4379988800473
2010-08-19,854.0354664933084
2010-08-20,853.0505121151489
2010-08-23,845.1701395725546
2010-08-24,831.7077934571128
2010-08-25,835.9763961901056
2010-08-26,819.2306229750257
2010-08-27,831.0511080371853
2010-08-30,808.7233612492578
2010-08-31,796.9028761870983
2010-09-01,821.2006054830766
2010-09-02,835.9763961901056
2010-09-03,849.1103258438518
2010-09-07,831.0511080371853
2010-09-08,829.4093207356345
2010-09-09,834.334608888555
2010-09-10,824.155911127946
2010-09-13,850.0953539737433
2010-09-14,862.9009409175256
2010-09-15,860.602615699511
2010-09-16,871.7662678382794
2010-09-17,874.3930832697215
2010-09-20,878.6617597544458
2010-09-21,877.3483889145907
2010-09-22,863.2292836274893
2010-09-23,871.1096561700837
2010-09-24,904.2728598902794
2010-09-27,897.3775892293081
2010-09-28,914.7800478643154
2010-09-29,911.4966207646777
2010-09-30,909.8548334631271
2010-10-01,909.8548334631271
2010-10-04,899.019302779127
2010-10-05,922.6604204069096
2010-10-06,915.4368070359748
2010-10-07,920.0336049754677
2010-10-08,930.2123764878083
2010-10-11,935.4661548541559
2010-10-12,941.3762498817719
2010-10-13,928.2422464762939
2010-10-14,926.2723377199746
2010-10-15,934.1527102625688
2010-10-18,928.5707366897211
2010-10-19,917.4069370474891
2010-10-20,925.6155785483153
2010-10-21,923.9737912467647
2010-10-22,935.7944238123879
2010-10-25,943.3464536450181
2010-10-26,941.7045188400039
2010-10-27,962.3906258298442
2010-10-28,964.6890985513224
2010-10-29,968.9576275325832
2010-11-01,970.9276837923659
2010-11-02,974.8680175671266
2010-11-03,984.7183726177716
2010-11-04,1009.3444446237137
2010-11-05,1024.1203090824743
2010-11-08,1023.1352072008511
2010-11-09,1013.6131211084382
2010-11-10,1013.6131211084382
2010-11-11,1002.4491739627426
2010-11-12,1002.1209787562425
2010-11-15,995.5538295500397
2010-11-16,985.0467153277353
2010-11-17,988.3302899308368
2010-11-18,1003.1058593826701
2010-11-19,1012.6280929785466
2010-11-22,1025.1053372123656
2010-11-23,1018.538188006163
2010-11-24,1040.20954438109
2010-11-26,1033.9707378848511
2010-11-29,1032.329098086764
2010-11-30,1019.8516325977499
2010-12-01,1046.4479821186699
2010-12-02,1065.1640328487276
2010-12-03,1072.0593035096988
2010-12-06,1070.7458589181117
2010-12-07,1072.3875724679306
2010-12-08,1082.566417732003
2010-12-09,1083.5514458618943
2010-12-10,1078.9545741706697
2010-12-13,1069.7608307882206
2010-12-14,1070.0892472499158
2010-12-15,1061.5521892873944
2010-12-16,1067.7906270249741
2010-12-17,1072.0593035096988
2010-12-20,1063.1937553337496
2010-12-21,1072.0593035096988
2010-12-22,1067.4622843150105
2010-12-23,1067.1339416050466
2010-12-27,1070.7458589181117
2010-12-28,1065.1640328487276
2010-12-29,1069.4323405747932
2010-12-30,1070.4174424564162
2010-12-31,1068.1190434866699
2011-01-03,1073.3725268460903
2011-01-04,1074.0293597694813
2011-01-05,1072.0593035096988
2011-01-06,1079.939602300561
2011-01-07,1077.9695460407784
2011-01-10,1080.9245566787206
2011-01-11,1089.1333456830102
2011-01-12,1100.625488035206
2011-01-13,1100.9539044969015
2011-01-14,1129.8487267393
2011-01-18,1135.758821766916
2011-01-19,1120.9832523150828
2011-01-20,1112.1178516425969
2011-01-21,1107.8492489096045
2011-01-24,1131.1620238274234
2011-01-25,1124.5949483729523
2011-01-26,1131.4902927856551
2011-01-27,1153.4897706153506
2011-01-28,1129.5202365258726
2011-01-31,1129.8487267393
2011-02-01,1158.4149112648072
2011-02-02,1161.0419479514446
2011-02-03,1157.1015404249522
2011-02-04,1175.817517403278
2011-02-07,1171.5489884220171
2011-02-08,1170.5638865403942
2011-02-09,1168.2657088258431
2011-02-10,1174.1755825982639
2011-02-11,1182.0558813891262
2011-02-14,1188.2948353888287
2011-02-15,1182.7127143125174
2011-02-16,1191.578114985003
2011-02-17,1201.4286175391114
2011-02-18,1200.443663160952
2011-02-22,1165.6386721392057
2011-02-23,1148.5645562141622
2011-02-24,1157.7581520931478
2011-02-25,1182.7127143125174
2011-02-28,1174.832489273387
2011-03-01,1155.7883170885605
2011-03-02,1180.4144628462345
2011-03-03,1204.712118390481
2011-03-04,1195.8467914697271
2011-03-07,1162.355245039568
2011-03-08,1163.340346921191
2011-03-09,1128.863624857677
2011-03-10,1107.8492489096045
2011-03-11,1114.7445195705754
2011-03-14,1112.7746108142567
2011-03-15,1095.043661965822
2011-03-16,1068.7755814031339
2011-03-17,1082.8949079454305
2011-03-18,1085.1932331634453
2011-03-21,1106.5358780697493
2011-03-22,1100.2971453252424
2011-03-23,1113.7593439372208
2011-03-24,1134.1171819688288
2011-03-25,1135.102283850452
2011-03-28,1131.8187829990825
2011-03-29,1140.6839624163724
2011-03-30,1141.0123788780681
2011-03-31,1135.758821766916
2011-04-01,1119.0130485518364
2011-04-04,1110.4760643410464
2011-04-05,1136.743997400271
2011-04-06,1151.1913716456042
2011-04-07,1149.54943684059
2011-04-08,1145.2811291145244
2011-04-11,1137.0722663585032
2011-04-12,1114.7445195705754
2011-04-13,1117.6996777119812
2011-04-14,1118.6847058418725
2011-04-15,1128.206939437749
2011-04-18,1113.102658517293
2011-04-19,1118.0278729184815
2011-04-20,1170.5638865403942
2011-04-21,1174.5040728116912
2011-04-25,1178.772970551611
2011-04-26,1198.8016546042059
2011-04-27,1206.6821746502635
2011-04-28,1201.4286175391114
2011-04-29,1204.712118390481
2011-05-02,1191.578114985003
2011-05-03,1185.996510170814
2011-05-04,1189.9364751869157
2011-05-05,1194.533494381604
2011-05-06,1199.787125244488
2011-05-09,1193.2201972934806
2011-05-10,1198.8016546042059
2011-05-11,1194.533494381604
2011-05-12,1206.6821746502635
2011-05-13,1197.8169952329736
2011-05-16,1186.324779129046
2011-05-17,1170.8924505055531
2011-05-18,1196.503403137923
2011-05-19,1186.324779129046
2011-05-20,1178.772970551611
2011-05-23,1155.7883170885605
2011-05-24,1147.2511853743072
2011-05-25,1154.14652978701
2011-05-26,1156.4448550050247
2011-05-27,1160.0568460698214
2011-05-31,1178.4441115795246
2011-06-01,1141.6690642979959
2011-06-02,1145.2811291145244
2011-06-03,1121.63993773501
2011-06-06,1117.6996777119812
2011-06-07,1125.2517812963436
2011-06-08,1101.6106636685608
2011-06-09,1104.894017016467
2011-06-10,1087.1632894232278
2011-06-13,1078.6262314607059
2011-06-14,1097.9986726037641
2011-06-15,1078.2978149990104
2011-06-16,1067.7906270249741
2011-06-17,1061.2236253222352
2011-06-20,1064.8355426353003
2011-06-21,1088.1482438013873
2011-06-22,1081.2530468921482
2011-06-23,1096.6854492673726
2011-06-24,1072.3875724679306
2011-06-27,1083.5514458618943
2011-06-28,1092.0887250796115
2011-06-29,1090.118521316365
2011-06-30,1119.0130485518364
2011-07-01,1141.6690642979959
2011-07-05,1129.8487267393
2011-07-06,1128.863624857677
2011-07-07,1154.8031414552058
2011-07-08,1137.7291730336258
2011-07-11,1121.63993773501
2011-07-12,1086.8347992098002
2011-07-13,1079.611407094061
2011-07-14,1065.8204970134598
2011-07-15,1069.7608307882206
2011-07-18,1060.2385971923438
2011-07-19,1090.7752067362928
2011-07-20,1082.8949079454305
2011-07-21,1091.1035494462567
2011-07-22,1109.4909624594234
2011-07-25,1098.983848237119
2011-07-26,1102.5956180467203
2011-07-27,1066.4773299368508
2011-07-28,1060.5669399023077
2011-07-29,1052.686714863177
2011-08-01,1053.0151313248728
2011-08-02,1023.7919663725105
2011-08-03,1033.6423951748873
2011-08-04,977.494685495105
2011-08-05,965.3458577229818
2011-08-08,928.5707366897211
2011-08-09,958.1220968485833
2011-08-10,935.1376646407282
2011-08-11,970.2709983724384
2011-08-12,967.9724518992283
2011-08-15,983.0767328196846
2011-08-16,966.9876450245324
2011-08-17,964.0324131313948
2011-08-18,916.421835165866
2011-08-19,898.0343484009675
2011-08-22,908.2131199133081
2011-08-23,943.3464536450181
2011-08-24,940.0628790419169
2011-08-25,916.0934187041706
2011-08-26,934.8092481790328
2011-08-29,964.3608295930904
2011-08-30,963.0473850015034
2011-08-31,957.4652639251922
2011-09-01,944.0032128166774
2011-09-02,921.6753922770182
2011-09-06,918.3918914256487
2011-09-07,946.9582234546197
2011-09-08,942.0330090534313
2011-09-09,936.451182984047
2011-09-12,956.4803095470327
2011-09-13,972.8976663004167
2011-09-14,995.5538295500397
2011-09-15,1010.001203795373
2011-09-16,1015.583177368221
2011-09-19,1008.3594164938223
2011-09-20,1000.4789701994964
2011-09-21,982.0915571863296
2011-09-22,956.1519668370689
2011-09-23,975.8529719452863
2011-09-26,978.4796398732645
2011-09-27,998.8374041531409
2011-09-28,972.2411283839529
2011-09-29,964.6890985513224
2011-09-30,933.8242200491414
2011-10-03,908.8697315815039
2011-10-04,892.1240321181559
2011-10-05,920.0336049754677
2011-10-06,931.8542375410908
2011-10-07,939.077998415489
2011-10-10,965.6741266812137
2011-10-11,966.0024693911777
2011-10-12,974.2112583954672
2011-10-13,995.5538295500397
2011-10-14,1005.0759893941846
2011-10-17,985.0467153277353
2011-10-18,1001.4641458328513
2011-10-19,992.9271616220614
2011-10-20,979.4648155066194
2011-10-21,1006.3892864823079
2011-10-24,1038.2393406178437
2011-10-25,1028.0604953537713
2011-10-26,1032.329098086764
2011-10-27,1067.4622843150105
2011-10-28,1068.4474599483653
2011-10-31,1042.1795268891408
2011-11-01,1012.2996765168513
2011-11-02,1011.6429910969239
2011-11-03,1039.5525639542352
2011-11-04,1048.0897694202206
2011-11-07,1048.7463810884162
2011-11-08,1055.6418730045827
2011-11-09,1009.6728610854094
2011-11-10,1018.8666782195902
2011-11-11,1051.0448538098944
2011-11-14,1040.866008545822
2011-11-15,1055.3133827911554
2011-11-16,1048.418185881916
2011-11-17,1011.6429910969239
2011-11-18,1000.8075341646554
2011-11-21,977.1662690334093
2011-11-22,962.3906258298442
2011-11-23,934.8092481790328
2011-11-25,927.5857823115617
2011-11-28,955.8237716305687
2011-11-29,953.8536416190543
2011-11-30,1007.0460456539671
2011-12-01,1011.3146483869599
2011-12-02,1004.7477941876845
2011-12-05,1019.523363639518
2011-12-06,1021.1650771893368
2011-12-07,1029.3738661936266
2011-12-08,1001.4641458328513
2011-12-09,1013.6131211084382
2011-12-12,981.763140724634
2011-12-13,964.3608295930904
2011-12-14,947.6149088745472
2011-12-15,956.1519668370689
2011-12-16,956.1519668370689
2011-12-19,948.6000107561703
2011-12-20,986.0318172093586
2011-12-21,974.5395273536992
2011-12-22,999.1658206148367
2011-12-23,1006.3892864823079
2011-12-27,1006.3892864823079
2011-12-28,994.2405324619165
2011-12-29,1003.1058593826701
2011-12-30,999.1658206148367
2012-01-03,1012.9563619367786
2012-01-04,1013.6131211084382
2012-01-05,1026.0904390939888
2012-01-06,1024.77692075067
2012-01-09,1041.5228414692133
2012-01-10,1049.0749450535757
2012-01-11,1047.761352958525
2012-01-12,1056.9550225892424
2012-01-13,1037.2543862396842
2012-01-17,1038.5676833278073
2012-01-18,1079.939602300561
2012-01-19,1097.6703298938003
2012-01-20,1105.550849939858
2012-01-23,1105.550849939858
2012-01-24,1109.8194526728507
2012-01-25,1113.102658517293
2012-01-26,1107.520832447909
2012-01-27,1108.505934329532
2012-01-30,1100.9539044969015
2012-01-31,1100.625488035206
2012-02-01,1118.6847058418725
2012-02-02,1119.0130485518364
2012-02-03,1136.743997400271
2012-02-06,1124.9232910829162
2012-02-07,1128.206939437749
2012-02-08,1138.3855634466263
2012-02-09,1142.3259709731187
2012-02-10,1121.968280444974
2012-02-13,1125.908466716271
2012-02-14,1129.5202365258726
2012-02-15,1132.4753946672781
2012-02-16,1155.4599743785968
2012-02-17,1153.4897706153506
2012-02-21,1140.0272769964452
2012-02-22,1133.4605703006332
2012-02-23,1130.8335336139958
2012-02-24,1129.5202365258726
2012-02-27,1134.1171819688288
2012-02-28,1150.534612473945
2012-02-29,1132.803737377242
2012-03-01,1132.803737377242
2012-03-02,1123.9383367047565
2012-03-05,1099.9688026152785
2012-03-06,1096.028763847445
2012-03-07,1111.1326760092422
2012-03-08,1121.31174252851
2012-03-09,1130.1769219458001
2012-03-12,1119.9981504334594
2012-03-13,1145.9378882861838
2012-03-14,1139.699081789945
2012-03-15,1158.7434014782348
2012-03-16,1158.4149112648072
2012-03-19,1170.2357650856259
2012-03-20,1163.0116354525683
2012-03-21,1168.5936827771477
2012-03-22,1162.0266810744088
2012-03-23,1163.340346921191
2012-03-26,1181.3993434726622
2012-03-27,1180.7428055561984
2012-03-28,1166.623700269097
2012-03-29,1168.922246742307
2012-03-30,1175.4890271898507
2012-04-02,1179.1008707511842
2012-04-03,1162.6834402460681
2012-04-04,1141.9973332562276
2012-04-05,1147.5796755877343
2012-04-09,1130.5054121592275
2012-04-10,1112.4462681042926
2012-04-11,1129.5202365258726
2012-04-12,1149.878000805749
2012-04-13,1134.1171819688288
2012-04-16,1138.3855634466263
2012-04-17,1152.176252272032
2012-04-18,1144.6245174463288
2012-04-19,1137.4006090684668
2012-04-20,1117.6996777119812
2012-04-23,1101.9390801302566
2012-04-24,1089.1333456830102
2012-04-25,1112.1178516425969
2012-04-26,1137.4006090684668
2012-04-27,1143.3111466064736
2012-04-30,1135.758821766916
2012-05-01,1140.6839624163724
2012-05-02,1146.9228426643435
2012-05-03,1120.9832523150828
2012-05-04,1095.3720046757855
2012-05-07,1093.4016534090758
2012-05-08,1081.58131585038
2012-05-09,1077.3127868691192
2012-05-10,1079.2829906323652
2012-05-11,1085.1932331634453
2012-05-14,1069.7608307882206
2012-05-15,1060.8952826122713
2012-05-16,1051.3731227681264
2012-05-17,1031.6722651633731
2012-05-18,1013.6131211084382
2012-05-21,1034.9557660147425
2012-05-22,1029.3738661936266
2012-05-23,1025.1053372123656
2012-05-24,1018.538188006163
2012-05-25,1025.433753674061
2012-05-29,1043.8212404389596
2012-05-30,1028.3888380637352
2012-05-31,1020.1800490594454
2012-06-01,982.0915571863296
2012-06-04,981.4347980146703
2012-06-05,1000.4789701994964
2012-06-06,1030.6873107852134
2012-06-07,1022.1502528226916
2012-06-08,1032.985636003228
2012-06-11,1015.9114463264528
2012-06-12,1039.2243687477353
2012-06-13,1031.343996205141
2012-06-14,1028.0604953537713
2012-06-15,1044.4778521071555
2012-06-18,1054.6569186264232
2012-06-19,1065.1640328487276
2012-06-20,1073.0441103843946
2012-06-21,1036.9260435297206
2012-06-22,1047.761352958525
2012-06-25,1011.9712600551558
2012-06-26,1011.9712600551558
2012-06-27,1025.1053372123656
2012-06-28,1018.2099927996628
2012-06-29,1058.268540932561
2012-07-02,1056.9550225892424
2012-07-03,1068.7755814031339
2012-07-05,1058.268540932561
2012-07-06,1033.6423951748873
2012-07-09,1022.4785955326553
2012-07-10,1008.6877592037861
2012-07-11,1001.4641458328513
2012-07-12,986.6885763810177
2012-07-13,998.8374041531409
2012-07-16,988.6586326408004
2012-07-17,987.016771587518
2012-07-18,1021.8217626092644
2012-07-19,1030.3589680752495
2012-07-20,1013.2847783984744
2012-07-23,1002.77766417617
2012-07-24,995.5538295500397
2012-07-25,1016.5682054981121
2012-07-26,1037.2543862396842
2012-07-27,1062.2085797003947
2012-07-30,1054.328354661264
2012-07-31,1058.5969573942568
2012-08-01,1058.5969573942568
2012-08-02,1050.7165848516627
2012-08-03,1078.2978149990104
2012-08-06,1077.9695460407784
2012-08-07,1092.4168465343798
2012-08-08,1097.0136444738728
2012-08-09,1105.2225072298943
2012-08-10,1113.102658517293
2012-08-13,1104.5657480582347
2012-08-14,1097.9986726037641
2012-08-15,1099.9688026152785
2012-08-16,1113.102658517293
2012-08-17,1103.9090626383074
2012-08-20,1101.2823209585972
2012-08-21,1103.252303466648
2012-08-22,1093.730217374235
2012-08-23,1082.2379275185756
2012-08-24,1085.5216496251405
2012-08-27,1080.2679450105247
2012-08-28,1078.6262314607059
2012-08-29,1080.5962877204884
2012-08-30,1065.1640328487276
2012-08-31,1082.566417732003
2012-09-04,1065.8204970134598
2012-09-05,1058.268540932561
2012-09-06,1092.0887250796115
2012-09-07,1081.58131585038
2012-09-10,1064.1788572153728
2012-09-11,1069.4323405747932
2012-09-12,1069.4323405747932
2012-09-13,1077.6411295790829
2012-09-14,1094.0585600841987
2012-09-17,1083.2232506553942
2012-09-18,1082.2379275185756
2012-09-19,1071.402618089771
2012-09-20,1059.2536428141843
2012-09-21,1060.2385971923438
2012-09-24,1045.4628802370469
2012-09-25,1028.0604953537713
2012-09-26,1024.77692075067
2012-09-27,1047.1046675385974
2012-09-28,1038.8959522860396
2012-10-01,1038.5676833278073
2012-10-02,1043.492897728996
2012-10-03,1039.8810541676626
2012-10-04,1045.4628802370469
2012-10-05,1049.4031402600756
2012-10-08,1035.6125989381335
2012-10-09,1019.1949471778223
2012-10-10,1004.7477941876845
2012-10-11,1004.7477941876845
2012-10-12,1001.4641458328513
2012-10-15,1012.6280929785466
2012-10-16,1034.299080594815
2012-10-17,1027.403809933844
2012-10-18,1024.77692075067
2012-10-19,1001.1359506263511
2012-10-22,1006.061017524076
2012-10-23,1012.2996765168513
2012-10-24,1002.4491739627426
2012-10-25,1012.6280929785466
2012-10-26,1024.77692075067
2012-10-31,1020.8367344793728
2012-11-01,1051.7015392298222
2012-11-02,1030.3589680752495
2012-11-05,1048.418185881916
2012-11-06,1061.2236253222352
2012-11-07,1034.299080594815
2012-11-08,1026.4187080522206
2012-11-09,1029.0454497319308
2012-11-12,1030.6873107852134
2012-11-13,1020.5083180176774
2012-11-14,1006.3892864823079
2012-11-15,1000.4789701994964
2012-11-16,1001.7925622945469
2012-11-19,1019.1949471778223
2012-11-20,1009.6728610854094
2012-11-21,1011.3146483869599
2012-11-23,1032.329098086764
2012-11-26,1034.299080594815
2012-11-27,1037.2543862396842
2012-11-28,1051.3731227681264
2012-11-29,1049.7315567217713
2012-11-30,1052.0300294432495
2012-12-03,1047.1046675385974
2012-12-04,1051.0448538098944
2012-12-05,1049.4031402600756
2012-12-06,1061.2236253222352
2012-12-07,1064.5072736770683
2012-12-10,1066.4773299368508
2012-12-11,1086.178335045068
2012-12-12,1083.8797885718582
2012-12-13,1072.7158414261626
2012-12-14,1068.4474599483653
2012-12-17,1073.0441103843946
2012-12-18,1087.4917058849232
2012-12-19,1093.730217374235
2012-12-20,1093.0736057060392
2012-12-21,1081.909584808612
2012-12-24,1078.219490659841
2012-12-26,1072.8519133713296
2012-12-27,1071.509926859537
2012-12-28,1064.1295173068
2012-12-31,1084.593631583929
2013-01-02,1127.5346186506806
2013-01-03,1121.83110222383
2013-01-04,1115.1219071821847
2013-01-07,1112.1023637789197
2013-01-08,1101.03178632568
2013-01-09,1087.9483028564835
2013-01-10,1131.5599881722042
2013-01-11,1136.9277867159112
2013-01-14,1131.895558551884
2013-01-15,1120.1539878427484
2013-01-16,1132.5665518077803
2013-01-17,1160.0756527614299
2013-01-18,1146.321102284605
2013-01-22,1143.9724046337728
2013-01-23,1148.3339345488305
2013-01-24,1139.611538484301
2013-01-25,1149.3402769292115
2013-01-28,1151.6887533248484
2013-01-29,1153.7014380856103
2013-01-30,1155.7143441015673
2013-01-31,1150.6820421858085
2013-02-01,1173.4945591068429
2013-02-04,1159.0691628775853
2013-02-05,1176.8493041311292
2013-02-06,1174.1655523627394
2013-02-07,1167.7914114386515
2013-02-08,1183.223445055217
2013-02-11,1185.2363510711743
2013-02-12,1189.9329351037893
2013-02-13,1189.9329351037893
2013-02-14,1200.3326668045963
2013-02-15,1190.2682104765422
2013-02-19,1206.706807728684
2013-02-20,1181.2104652875282
2013-02-21,1159.0691628775853
2013-02-22,1177.5203711387574
2013-02-25,1153.366015209394
2013-02-26,1161.417491769759
2013-02-27,1179.533350906446
2013-02-28,1178.1914381463853
2013-03-01,1178.1914381463853
2013-03-04,1176.5135862479858
2013-03-05,1195.3005861440329
2013-03-06,1195.6361565237128
2013-03-07,1195.3005861440329
2013-03-08,1190.9394249876339
2013-03-11,1194.6293716329412
2013-03-12,1195.3005861440329
2013-03-13,1198.6552574165873
2013-03-14,1208.0484992335496
2013-03-15,1187.248962080204
2013-03-18,1172.8236396026784
2013-03-19,1170.4752369587732
2013-03-20,1178.1914381463853
2013-03-21,1161.7529883977072
2013-03-22,1170.810881090185
2013-03-25,1169.1333241987122
2013-03-26,1182.5524517993208
2013-03-27,1184.9007806914944
2013-03-28,1191.945767368015
2013-04-01,1173.1591362306267
2013-04-02,1163.7657469102007
2013-04-03,1141.9598673764742
2013-04-04,1149.3402769292115
2013-04-05,1148.3339345488305
2013-04-08,1154.707854217723
2013-04-09,1165.778579174426
2013-04-10,1190.9394249876339
2013-04-11,1190.2682104765422
2013-04-12,1185.9070493201432
2013-04-15,1160.0756527614299
2013-04-16,1179.868626279199
2013-04-17,1155.043424597403
2013-04-18,1157.7270288623292
2013-04-19,1171.1463777181332
2013-04-22,1180.539693286827
2013-04-23,1206.0358882245196
2013-04-24,1218.4483784378199
2013-04-25,1228.1771168827304
2013-04-26,1216.7709690498111
2013-04-29,1230.8607948993883
2013-04-30,1242.9380834916678
2013-05-01,1237.9060028311044
2013-05-02,1253.6730905652273
2013-05-03,1263.4019765136013
2013-05-06,1269.4407683132047
2013-05-07,1272.1244463298628
2013-05-08,1287.5561111877694
2013-05-09,1291.5820707231474
2013-05-10,1300.3042455324814
2013-05-13,1284.5371577983585
2013-05-14,1286.5498425591204
2013-05-15,1297.6205675158235
2013-05-16,1286.214419682904
2013-05-17,1300.6396684086978
2013-05-20,1296.614446390638
2013-05-21,1293.5949029873727
2013-05-22,1275.1433997192737
2013-05-23,1272.4600167095427
2013-05-24,1272.1244463298628
2013-05-28,1283.5305941627823
2013-05-29,1288.2273994505929
2013-05-30,1300.6396684086978
2013-05-31,1284.5371577983585
2013-06-03,1294.6011716160217
2013-06-04,1300.6396684086978
2013-06-05,1276.8213991211371
2013-06-06,1273.1308624619755
2013-06-07,1285.2080035507913
2013-06-10,1292.2530639790436
2013-06-11,1268.4344996845557
2013-06-12,1253.3378151924746
2013-06-13,1275.4792651058808
2013-06-14,1270.782902328461
2013-06-17,1281.5179094020205
2013-06-18,1299.9686751528016
2013-06-19,1281.8534797817003
2013-06-20,1242.6026606154514
2013-06-21,1241.2606741036589
2013-06-24,1218.4483784378199
2013-06-25,1243.9443521203168
2013-06-26,1251.3248354247855
2013-06-27,1258.0344729768217
2013-06-28,1264.408392645714
2013-07-01,1261.053573869696
2013-07-02,1260.7181509934796
2013-07-03,1268.7699225607719
2013-07-05,1285.878849303224
2013-07-08,1258.369895853038
2013-07-09,1268.4344996845557
2013-07-10,1278.162943122539
2013-07-11,1312.046258752008
2013-07-12,1316.7427690328916
2013-07-15,1317.0780444056443
2013-07-16,1325.1298159729365
2013-07-17,1327.1425007336984
2013-07-18,1299.2978294003688
2013-07-19,1294.2660437467325
2013-07-22,1291.9174935993638
2013-07-23,1292.9239097314764
2013-07-24,1277.1563794869626
2013-07-25,1286.214419682904
2013-07-26,1278.8340838818988
2013-07-29,1274.8082718499845
2013-07-30,1287.5561111877694
2013-07-31,1293.5949029873727
2013-08-01,1309.6977086046393
2013-08-02,1302.6527956798504
2013-08-05,1301.9816549204904
2013-08-06,1293.5949029873727
2013-08-07,1281.8534797817003
2013-08-08,1282.1890501613805
2013-08-09,1278.8340838818988
2013-08-12,1281.1823390223406
2013-08-13,1294.9367419957018
2013-08-14,1282.1890501613805
2013-08-15,1254.0086609449074
2013-08-16,1255.3507949601635
2013-08-19,1253.6730905652273
2013-08-20,1259.7118823648307
2013-08-21,1249.3122981674874
2013-08-22,1257.028056844709
2013-08-23,1261.053573869696
2013-08-26,1258.7056137361815
2013-08-27,1233.5446204195102
2013-08-28,1242.9380834916678
2013-08-29,1253.3378151924746
2013-08-30,1245.957331888006
2013-09-03,1258.0344729768217
2013-09-04,1283.195171286566
2013-09-05,1292.9239097314764
2013-09-06,1287.891829070913
2013-09-09,1304.3302050678594
2013-09-10,1327.8136414930582
2013-09-11,1323.787829461144
2013-09-12,1320.7684335613424
2013-09-13,1328.8197626182437
2013-09-16,1335.529695177207
2013-09-17,1346.2647022507665
2013-09-18,1358.3416958361188
2013-09-19,1358.0061254564387
2013-09-20,1348.9485277708882
2013-09-23,1345.9291318710866
2013-09-24,1354.3158838042043
2013-09-25,1351.6322057875464
2013-09-26,1351.2964879044027
2013-09-27,1339.2196418225142
2013-09-30,1337.8779503176486
2013-10-01,1350.9610650281863
2013-10-02,1349.9549439030009
2013-10-03,1346.600125126983
2013-10-04,1354.3158838042043
2013-10-07,1349.2839506471046
2013-10-08,1328.1487693623474
2013-10-09,1323.787829461144
2013-10-10,1353.9807559349151
2013-10-11,1358.3416958361188
2013-10-14,1367.06416565238
2013-10-15,1358.6769712088715
2013-10-16,1370.4186894214708
2013-10-17,1377.4637498497232
2013-10-18,1383.1666762627194
2013-10-21,1388.19905193021
2013-10-22,1386.5217900456646
2013-10-23,1343.9162996068612
2013-10-24,1350.2902192757535
2013-10-25,1355.993440695677
2013-10-28,1362.3678028749603
2013-10-29,1383.1666762627194
2013-10-30,1375.115347205818
2013-10-31,1381.1539915019575
2013-11-01,1373.4383803281996
2013-11-04,1370.4186894214708
2013-11-05,1367.3994410251328
2013-11-06,1374.1092260806324
2013-11-07,1352.6387694231225
2013-11-08,1362.0320849918166
2013-11-11,1359.3484069751585
2013-11-12,1366.3931723964838
2013-11-13,1375.7863404617142
2013-11-14,1367.3994410251328
2013-11-15,1376.7927565938269
2013-11-18,1368.4060046607092
2013-11-19,1356.999709324326
2013-11-20,1352.6387694231225
2013-11-21,1373.4383803281996
2013-11-22,1367.06416565238
2013-11-25,1367.3994410251328
2013-11-26,1373.4383803281996
2013-11-27,1380.4832932529885
2013-11-29,1381.4898568885649
2013-12-02,1376.1220583448578
2013-12-03,1381.1539915019575
2013-12-04,1376.4573337176105
2013-12-05,1380.8187161292049
2013-12-06,1396.9212267395442
2013-12-09,1403.295736422291
2013-12-10,1397.927937878584
2013-12-11,1388.53462230989
2013-12-12,1373.4383803281996
2013-12-13,1371.0896826773671
2013-12-16,1378.805736361516
2013-12-17,1390.2118841944352
2013-12-18,1403.9665821747237
2013-12-19,1400.2761930190259
2013-12-20,1410.675777216369
2013-12-23,1422.91148452855
2013-12-24,1426.660432559295
2013-12-26,1432.4542211058665
2013-12-27,1432.4542211058665
2013-12-30,1439.6113841664514
2013-12-31,1446.087081225225
2014-01-02,1431.0908465918524
2014-01-03,1426.660432559295
2014-01-06,1417.4581339759575
2014-01-07,1422.2298710232749
2014-01-08,1437.5663961471623
2014-01-09,1424.9560300374487
2014-01-10,1430.75026109441
2014-01-13,1416.4360824767039
2014-01-14,1454.2662957850637
2014-01-15,1463.8093273693073
2014-01-16,1459.0377378254536
2014-01-17,1441.3157866882984
2014-01-21,1447.7910412366812
2014-01-22,1464.1502078736767
2014-01-23,1445.4051727130225
2014-01-24,1418.14004248816
2014-01-27,1405.529676378446
2014-01-28,1412.005225933756
2014-01-29,1403.143955358251
2014-01-30,1414.7316799548569
2014-01-31,1403.143955358251
2014-02-03,1378.9458646519317
2014-02-04,1373.8335421071722
2014-02-05,1373.4928091062666
2014-02-06,1393.9419517818405
2014-02-07,1412.6868394390312
2014-02-10,1420.5257635083549
2014-02-11,1437.9072766515317
2014-02-12,1445.7459057139283
2014-02-13,1461.08302085167
2014-02-14,1471.9889844395368
2014-02-18,1475.0564664684707
2014-02-19,1471.6482514386312
2014-02-20,1481.532016023781
2014-02-21,1473.352358953551
2014-02-24,1482.2134820255922
2014-02-25,1474.0339724588262
2014-02-26,1485.962577559801
2014-02-27,1486.6441910650763
2014-02-28,1487.666685074721
2014-03-03,1478.1235059870137
2014-03-04,1497.5503021564068
2014-03-05,1499.2544096713266
2014-03-06,1515.2726958039527
2014-03-07,1515.2726958039527
2014-03-10,1515.2726958039527
2014-03-11,1504.3665847126222
2014-03-12,1521.0666318539875
2014-03-13,1500.2770511844349
2014-03-14,1488.007713082554
2014-03-17,1504.3665847126222
2014-03-18,1522.0889783601685
2014-03-19,1520.3853133556395
2014-03-20,1545.9463360655823
2014-03-21,1529.9279024294922
2014-03-24,1524.8157273881964
2014-03-25,1541.174894025192
2014-03-26,1525.4973408934716
2014-03-27,1516.9769508223362
2014-03-28,1528.2237949145724
2014-03-31,1554.466578633254
2014-04-01,1577.6423228333924
2014-04-02,1569.8036937709958
2014-04-03,1573.8932272991833
2014-04-04,1535.040077470788
2014-04-07,1526.5196873996526
2014-04-08,1548.3319095823135
2014-04-09,1566.7363592455256
2014-04-10,1519.703404843437
2014-04-11,1497.8910351573127
2014-04-14,1511.1833097792287
2014-04-15,1521.74854036619
2014-04-16,1518.3401778328869
2014-04-17,1537.0850654900773
2014-04-21,1545.6054555612127
2014-04-22,1556.5117141560067
2014-04-23,1551.3992441077837
2014-04-24,1562.987116207853
2014-04-25,1513.5688832959602
2014-04-28,1509.4789072573817
2014-04-29,1515.954309309228
2014-04-30,1522.4300063680016
2014-05-01,1511.1833097792287
2014-05-02,1513.5688832959602
2014-05-05,1513.9094687934023
2014-05-06,1511.523895276671
2014-05-07,1517.3176838232423
2014-05-08,1527.2017434153186
2014-05-09,1520.3853133556395
2014-05-12,1545.6054555612127
2014-05-13,1534.35875897244
2014-05-14,1521.74854036619
2014-05-15,1506.752453236281
2014-05-16,1518.6809108337925
2014-05-19,1531.9727429453178
2014-05-20,1524.4748468838272
2014-05-21,1533.3362649627954
2014-05-22,1538.7894680119243
2014-05-23,1550.717778105972
2014-05-27,1572.871028296466
2014-05-28,1575.2564543097337
2014-05-29,1575.597777324494
2014-05-30,1579.3464303483122
2014-06-02,1588.2078484272806
2014-06-03,1607.975082590652
2014-06-04,1613.0874051354117
2014-06-05,1619.5629546907214
2014-06-06,1628.0831972583933
2014-06-09,1631.4912647847693
2014-06-10,1639.6710693584625
2014-06-11,1642.3975233795634
2014-06-12,1638.6487228522815
2014-06-13,1665.2322395718686
2014-06-16,1672.048669631548
2014-06-17,1679.2059801955966
2014-06-18,1676.1386456701264
2014-06-19,1682.2730197141395
2014-06-20,1682.2730197141395
2014-06-23,1676.820111671938
2014-06-24,1665.9141480840713
2014-06-25,1677.1608446728437
2014-06-26,1668.9811876026142
2014-06-27,1674.4342431482792
2014-06-30,1686.7038762570874
2014-07-01,1713.9693014888771
2014-07-02,1719.0813290267092
2014-07-03,1735.781523671538
2014-07-07,1722.8302770574546
2014-07-08,1714.3097394828553
2014-07-09,1719.7629425319844
2014-07-10,1720.785731548556
2014-07-11,1717.0366360143473
2014-07-14,1727.2609860969392
2014-07-15,1723.1711575618244
2014-07-16,1742.2569257233843
2014-07-17,1699.314389870265
2014-07-18,1719.4223570345423
2014-07-21,1726.2386395907579
2014-07-22,1742.597953731217
2014-07-23,1706.4714054273863
2014-07-24,1704.7670029055394
2014-07-25,1672.7304306402868
2014-07-28,1672.048669631548
2014-07-29,1671.3672036297364
2014-07-30,1693.861186821136
2014-07-31,1661.8238770385656
2014-08-01,1667.6179605920638
2014-08-04,1674.7752711561125
2014-08-05,1647.1691129234168
2014-08-06,1656.3708214929004
2014-08-07,1637.96725685047
2014-08-08,1650.5770329463294
2014-08-11,1667.6179605920638
2014-08-12,1666.2547335815134
2014-08-13,1686.7038762570874
2014-08-14,1692.497812307122
2014-08-15,1706.4714054273863
2014-08-18,1713.9693014888771
2014-08-19,1724.8755600836707
2014-08-20,1734.418149157524
2014-08-21,1741.9160452190147
2014-08-22,1744.3020612461366
2014-08-25,1737.8266591942906
2014-08-26,1738.1673921951963
2014-08-27,1741.5753122181093
2014-08-28,1747.710128772513
2014-08-29,1761.3429888918713
2014-09-02,1761.0016658771112
2014-09-03,1766.1142834287978
2014-09-04,1769.8632314595432
2014-09-05,1778.3837690341422
2014-09-08,1779.7471435481561
2014-09-09,1766.4548689262401
2014-09-10,1766.1142834287978
2014-09-11,1768.840589946435
2014-09-12,1744.9835272479486
2014-09-15,1729.9875876215033
2014-09-16,1755.548610331446
2014-09-17,1767.1364824315156
2014-09-18,1790.9938401369288
2014-09-19,1769.8632314595432
2014-09-22,1750.0957022892444
2014-09-23,1742.2569257233843
2014-09-24,1762.7059208954945
2014-09-25,1732.3733086416983
2014-09-26,1748.3915947743246
2014-09-29,1751.1183438023527
2014-09-30,1741.2345792172032
2014-10-01,1703.0631903975466
2014-10-02,1694.8832383203899
2014-10-03,1708.5163934466752
2014-10-06,1700.6773218738883
2014-10-07,1667.6179605920638
2014-10-08,1703.0631903975466
2014-10-09,1663.1872515525795
2014-10-10,1553.1036466296307
2014-10-13,1530.9501014322097
2014-10-14,1563.6690247200554
2014-10-15,1563.327849208759
2014-10-16,1582.072884369413
2014-10-17,1598.7730790142414
2014-10-20,1614.1097516415928
2014-10-21,1663.8688650578547
2014-10-22,1644.1019259014104
2014-10-23,1665.2322395718686
2014-10-24,1679.2059801955966
2014-10-27,1707.4934569266402
2014-10-28,1711.9244609730515
2014-10-29,1712.9465124723054
2014-10-30,1685.3406492465374
2014-10-31,1752.4814233094394
2014-11-03,1762.3651878945889
2014-11-04,1761.6831318789227
2014-11-05,1773.6123269937523
2014-11-06,1771.5671914709994
2014-11-07,1757.9344788551045
2014-11-10,1771.2266059735573
2014-11-11,1766.1142834287978
2014-11-12,1762.3651878945889
2014-11-13,1767.1364824315156
2014-11-14,1782.4733025623298
2014-11-17,1773.6123269937523
2014-11-18,1796.4470431860575
2014-11-19,1793.3794136536603
2014-11-20,1820.3039583810805
2014-11-21,1830.8693364715052
2014-11-24,1844.8429295917695
2014-11-25,1843.479702581219
2014-11-26,1880.6285973912309
2014-11-28,1893.2388159974812
2014-12-01,1871.4264463113566
2014-12-02,1875.8573028543049
2014-12-03,1907.8941701264841
2014-12-04,1910.6207716510485
2014-12-05,1926.6389102802111
2014-12-08,1900.39612656153
2014-12-09,1896.98791153169
2014-12-10,1867.6777932875386
2014-12-11,1875.5162748464716
2014-12-12,1847.5693836128703
2014-12-15,1831.5508024733172
2014-12-16,1816.214424852893
2014-12-17,1852.3408256532603
2014-12-18,1884.7185734298093
2014-12-19,1877.90214337013
2014-12-22,1909.000446103451
2014-12-23,1904.8634164599857
2014-12-24,1909.6898772922968
2014-12-26,1907.9662993201823
2014-12-29,1902.7946803830575
2014-12-30,1890.72771703323
2014-12-31,1883.1429414316813
2015-01-02,1878.6607536834022
2015-01-05,1845.2178833962294
2015-01-06,1801.7763433257664
2015-01-07,1825.221133843503
2015-01-08,1870.7309674805035
2015-01-09,1865.214632948956
2015-01-12,1841.4252743402599
2015-01-13,1831.082331472937
2015-01-14,1824.1869870602343
2015-01-15,1834.185214333134
2015-01-16,1849.0103449487356
2015-01-20,1867.2830740189568
2015-01-21,1891.4174432290029
2015-01-22,1908.3111624180688
2015-01-23,1900.0363656138202
2015-01-26,1900.3813762151701
2015-01-27,1862.456465683182
2015-01-28,1846.596745773921
2015-01-29,1856.9402786550977
2015-01-30,1817.9809263329137
2015-02-02,1821.4288197944604
2015-02-03,1847.2866194731575
2015-02-04,1860.3878771097175
2015-02-05,1879.0053217743614
2015-02-06,1859.008719725099
2015-02-09,1834.5297824240931
2015-02-10,1894.8650416836224
2015-02-11,1905.8977107467178
2015-02-12,1932.7899522156108
2015-02-13,1944.167336873129
2015-02-17,1952.4418386704506
2015-02-18,1945.8913573556342
2015-02-19,1946.9256516423666
2015-02-20,1955.88943712507
2015-02-23,1941.753885201778
2015-02-24,1981.7475318106945
2015-02-25,1968.3011160693206
2015-02-26,1975.5417660903013
2015-02-27,1964.1643814327826
2015-03-02,2015.8799807901767
2015-03-03,1982.781678593963
2015-03-04,1979.6786482303028
2015-03-05,1978.9896595518478
2015-03-06,1954.1655641460286
2015-03-09,1947.2702197333258
2015-03-10,1907.6215837257596
2015-03-11,1921.7572831525154
2015-03-12,1911.0691821803791
2015-03-13,1926.9287545861766
2015-03-16,1952.4418386704506
2015-03-17,1939.3404335304272
2015-03-18,1957.2687420131526
2015-03-19,1959.6821936845038
2015-03-20,1990.711759803789
2015-03-23,1973.12831441895
2015-03-24,1955.2000059362244
2015-03-25,1863.8356230678003
2015-03-26,1850.3893548298906
2015-03-27,1909.6898772922968
2015-03-30,1925.8943127959808
2015-03-31,1906.5872894390272
2015-04-01,1887.969549767456
2015-04-02,1893.1408736976537
2015-04-06,1897.9680720472827
2015-04-07,1899.0025138374785
2015-04-08,1908.3111624180688
2015-04-09,1927.2737651875266
2015-04-10,1938.6510023415813
2015-04-13,1925.2050291105988
2015-04-14,1907.6215837257596
2015-04-15,1943.1328950829331
2015-04-16,1934.5138251946523
2015-04-17,1909.6898772922968
2015-04-20,1925.5497447050213
2015-04-21,1937.9615711527356
2015-04-22,1973.12831441895
2015-04-23,1952.786701768337
2015-04-24,1932.1003735233014
2015-04-27,1947.6150828312122
2015-04-28,1946.2359254465935
2015-04-29,1932.1003735233014
2015-04-30,1912.1034764671117
2015-05-01,1966.57768560067
2015-05-04,1955.88943712507
2015-05-05,1918.654252788855
2015-05-06,1918.309537194432
2015-05-07,1932.1003735233014
2015-05-08,1950.373250096986
2015-05-11,1949.6838189081404
2015-05-12,1934.8583932856116
2015-05-13,1944.5121999710154
2015-05-14,1964.5089495237419
2015-05-15,1967.2669692860522
2015-05-18,1984.5058465799318
2015-05-19,1981.057953118385
2015-05-20,1986.919298251283
2015-05-21,1990.711759803789
2015-05-22,1992.435485279367
2015-05-26,1976.5760603770332
2015-05-27,2050.3571453640816
2015-05-28,2053.1153126298555
2015-05-29,2062.07954062295
2015-06-01,2054.8390381054337
2015-06-02,2025.533197461726
2015-06-03,2011.3979405453608
2015-06-04,1987.6087294401286
2015-06-05,1981.7475318106945
2015-06-08,1946.2359254465935
2015-06-09,1948.3045140200584
2015-06-10,1977.9550702581882
2015-06-11,1980.3683744260757
2015-06-12,1963.4746552370098
2015-06-15,1957.958320705462
2015-06-16,1966.57768560067
2015-06-17,1968.3011160693206
2015-06-18,1996.2277993284094
2015-06-19,1988.987444314357
2015-06-22,2006.2264691117
2015-06-23,1996.5728099297596
2015-06-24,1981.057953118385
2015-06-25,1985.5399933632004
2015-06-26,1927.6184807819495
2015-06-29,1872.454840459545
2015-06-30,1881.418920949176
2015-07-01,1888.6589809563018
2015-07-02,1900.3813762151701
2015-07-06,1869.696525690308
2015-07-07,1860.3878771097175
2015-07-08,1811.7750131090563
2015-07-09,1791.4335479619074
2015-07-10,1823.842418969275
2015-07-13,1839.7016963681453
2015-07-14,1854.5266794802833
2015-07-15,1845.2178833962294
2015-07-16,1844.1834416060335
2015-07-17,1843.1491473193016
2015-07-20,1828.3238692002362
2015-07-21,1826.9450068225447
2015-07-22,1782.4693199688127
2015-07-23,1807.2928253607774
2015-07-24,1765.5756007797468
2015-07-27,1758.6799613601167
2015-07-28,1795.226157017877
2015-07-29,1802.466217025003
2015-07-30,1819.0150731161823
2015-07-31,1797.9844717871144
2015-08-03,1789.3648118849792
2015-08-04,1770.402356618985
2015-08-05,1791.778411059794
2015-08-06,1771.0917878078308
2015-08-07,1775.5741230595736
2015-08-10,1820.3943780042646
2015-08-11,1779.021721514193
2015-08-12,1783.5039092624722
2015-08-13,1759.025266968394
2015-08-14,1746.2684299193297
2015-08-17,1759.714550653776
2015-08-18,1728.6849845344907
2015-08-19,1711.1019816600424
2015-08-20,1655.2486151418652
2015-08-21,1613.1866749664114
2015-08-24,1587.6732958752102
2015-08-25,1574.2273226442273
2015-08-26,1646.2845346522342
2015-08-27,1701.103311876752
2015-08-28,1715.5835793944673
2015-08-31,1708.3432243804143
2015-09-01,1655.2486151418652
2015-09-02,1696.2765560375137
2015-09-03,1713.1702752265799
2015-09-04,1686.278033757687
2015-09-08,1750.4057545697224
2015-09-09,1723.8583761987159
2015-09-10,1729.3745632268
2015-09-11,1732.4775935904604
2015-09-14,1736.6147707373893
2015-09-15,1762.1278548216635
2015-09-16,1770.0577885280259
2015-09-17,1758.6799613601167
2015-09-18,1729.02955262545
2015-09-21,1727.9954058421813
2015-09-22,1692.1393788905848
2015-09-23,1680.0721205338298
2015-09-24,1679.382689344984
2015-09-25,1688.3466223311514
2015-09-28,1652.4905953795549
2015-09-29,1663.8678325336095
2015-09-30,1719.7209040448597
2015-10-01,1708.3432243804143
2015-10-02,1735.2357608562345
2015-10-05,1765.9204638776332
2015-10-06,1773.1606713882225
2015-10-07,1799.708049759229
2015-10-08,1822.8075346686885
2015-10-09,1801.7763433257664
2015-10-12,1804.5349531019308
2015-10-13,1782.4693199688127
2015-10-14,1835.9090873121756
2015-10-15,1848.3207662564262
2015-10-16,1855.9056893614384
2015-10-19,1857.2851417529844
2015-10-20,1853.4926802004782
2015-10-21,1856.9402786550977
2015-10-22,1913.48263385173
2015-10-23,1935.2031088800345
2015-10-26,1898.3127876417054
2015-10-27,1886.590834893228
2015-10-28,1905.5528476488314
2015-10-29,1856.2505524593248
2015-10-30,1869.0070945014618
2015-11-02,1886.590834893228
2015-11-03,1902.7946803830575
2015-11-04,1915.2063593273078
2015-11-05,1865.5594960468422
2015-11-06,1902.7946803830575
2015-11-09,1887.6248341730332
2015-11-10,1857.6295623404799
2015-11-11,1858.3191410327893
2015-11-12,1834.5297824240931
2015-11-13,1815.5671796546355
2015-11-16,1839.0119701723722
2015-11-17,1857.6295623404799
2015-11-18,1867.2830740189568
2015-11-19,1881.763636543599
2015-11-20,1889.0038440541882
2015-11-23,1867.6280846203067
2015-11-24,1887.2801185786102
2015-11-25,1890.0384333478478
2015-11-27,1899.347081928438
2015-11-30,1923.8258717259798
2015-12-01,1946.5806410410166
2015-12-02,1938.9958654394677
2015-12-03,1925.8943127959808
2015-12-04,1958.303331306812
2015-12-07,1942.0987482996645
2015-12-08,1924.5153029148255
2015-12-09,1904.1739852711398
2015-12-10,1911.0691821803791
2015-12-11,1874.1787134385868
2015-12-14,1860.043014011831
2015-12-15,1889.3487071520747
2015-12-16,1904.1739852711398
2015-12-17,1878.6607536834022
2015-12-18,1852.802658997778
2015-12-21,1885.2450132913818
2015-12-22,1893.3469360362967
2015-12-23,1903.5619934006818
2015-12-24,1908.8457149701392
2015-12-28,1904.2666174462781
2015-12-29,1925.4017987310347
2015-12-30,1906.7322853437418
2015-12-31,1876.7909997788645
2016-01-04,1857.0652140887632
2016-01-05,1839.8048012891986
2016-01-06,1792.2508646536905
2016-01-07,1736.9476860547247
2016-01-08,1709.4719208838476
2016-01-11,1724.9709948246175
2016-01-12,1739.765592223255
2016-01-13,1688.6894203805475
2016-01-14,1733.4248608336713
2016-01-15,1645.0103997336955
2016-01-19,1655.9299336402132
2016-01-20,1660.1569403964718
2016-01-21,1683.053018029633
2016-01-22,1715.1081757312986
2016-01-25,1695.7343333053361
2016-01-26,1710.1765449294437
2016-01-27,1691.1549407745479
2016-01-28,1682.348836494428
2016-01-29,1751.389897678832
2016-02-01,1759.139287145753
2016-02-02,1710.8807264646491
2016-02-03,1713.3469843759674
2016-02-04,1746.4582668769772
2016-02-05,1685.5188334305606
2016-02-08,1649.5894972575568
2016-02-09,1642.544289325841
2016-02-10,1618.9437351505471
2016-02-11,1607.3192821915065
2016-02-12,1639.0217591117148
2016-02-16,1694.6773234852103
2016-02-17,1735.1863471959298
2016-02-18,1728.1412867676775
2016-02-19,1731.311726214201
2016-02-22,1759.4913779133562
2016-02-23,1729.9026256264722
2016-02-24,1752.0943742209645
2016-02-25,1772.5249314601256
2016-02-26,1782.387898056908
2016-02-29,1776.3998474487817
2016-03-01,1830.9984020021514
2016-03-02,1840.5091303278675
2016-03-03,1844.7362845875898
2016-03-04,1856.712975817697
2016-03-07,1863.757888742486
2016-03-08,1828.5327341046875
2016-03-09,1841.5659926445298
2016-03-10,1851.4294017517032
2016-03-11,1888.7673960020445
2016-03-14,1880.3135299929907
2016-03-15,1873.9732411137982
2016-03-16,1895.8124564302973
2016-03-17,1908.8457149701392
2016-03-18,1933.1511881979563
2016-03-21,1933.1511881979563
2016-03-22,1932.0941783778303
2016-03-23,1909.1979532412056
2016-03-24,1906.0281038085363
2016-03-28,1905.3233322594767
2016-03-29,1931.7422351136913
2016-03-30,1951.1159300361899
2016-03-31,1940.1963961296724
2016-04-01,1949.3547386808586
2016-04-04,1934.207608004228
2016-04-05,1919.7658388905113
2016-04-06,1937.7305807287448
2016-04-07,1912.0163019201266
2016-04-08,1921.1747919747763
2016-04-11,1923.288221601174
2016-04-12,1920.1177821546503
2016-04-13,1959.2178527811047
2016-04-14,1938.0826714963475
2016-04-15,1923.6403123687764
2016-04-18,1926.106127769704
2016-04-19,1909.9025772868017
2016-04-20,1919.0613623483787
2016-04-21,1908.4937717060002
2016-04-22,1909.5503390157353
2016-04-25,1900.0394631865556
2016-04-26,1920.4703154326442
2016-04-27,1943.0143022982024
2016-04-28,1894.7557416170982
2016-04-29,1847.906429027186
2016-05-02,1860.2350635214325
2016-05-03,1840.8612210954702
2016-05-04,1821.1354354053688
2016-05-05,1827.8281100590914
2016-05-06,1828.1804958336213
2016-05-09,1826.4191569748264
2016-05-10,1846.8497142139877
2016-05-11,1838.3958482049336
2016-05-12,1805.6366564715265
2016-05-13,1810.9203780409837
2016-05-16,1847.2019524850534
2016-05-17,1829.941834692416
2016-05-18,1862.34849314783
2016-05-19,1846.1453851753188
2016-05-20,1907.4367618858741
2016-05-23,1919.7658388905113
2016-05-24,1966.2626182024298
2016-05-25,1977.1824471158745
2016-05-26,1983.8752692730611
2016-05-27,1996.9085278129032
2016-05-31,2004.3058265122218
2016-06-01,2012.407601753673
2016-06-02,2012.055215979143
2016-06-03,2015.930131967799
2016-06-06,2010.9985011659444
2016-06-07,2032.1333874437742
2016-06-08,2032.485773218304
2016-06-09,2032.485773218304
2016-06-10,1997.260913587433
2016-06-13,1988.8067525714516
2016-06-14,1986.3410846739882
2016-06-15,1984.2273600406634
2016-06-16,1985.2843698607894
2016-06-17,1971.8987255464172
2016-06-20,2005.0103030543544
2016-06-21,2014.5210313800706
2016-06-22,2012.055215979143
2016-06-23,2062.427058783181
2016-06-24,1941.9572924780764
2016-06-27,1882.0748688517858
2016-06-28,1933.503278965559
2016-06-29,1972.9555878630795
2016-06-30,2008.1804474939506
2016-07-01,1993.3861451022406
2016-07-05,1961.6835206785688
2016-07-06,1964.5014268470986
2016-07-07,1986.6933229450544
2016-07-08,2040.9397867308214
2016-07-11,2068.4155519016986
2016-07-12,2090.959538767257
2016-07-13,2091.3117770383233
2016-07-14,2108.9242806054904
2016-07-15,2102.935934990437
2016-07-18,2164.2271641975294
2016-07-19,2155.77388820233
2016-07-20,2188.8851707033396
2016-07-21,2170.2159523229734
2016-07-22,2183.2490633593525
2016-07-25,2193.464268227201
2016-07-26,2256.8690745641543
2016-07-27,2248.767889336558
2016-07-28,2245.949835664564
2016-07-29,2236.791050602987
2016-08-01,2243.1316344891065
2016-08-02,2213.5425871952957
2016-08-03,2219.178694539283
2016-08-04,2235.0298592476556
2016-08-05,2261.096523830804
2016-08-08,2261.096523830804
2016-08-09,2276.243211997044
2016-08-10,2261.096523830804
2016-08-11,2270.254571375063
2016-08-12,2279.7655947077064
2016-08-15,2305.480168523252
2016-08-16,2292.0946717123434
2016-08-17,2287.1630409104887
2016-08-18,2304.7756919811195
2016-08-19,2316.7519407008363
2016-08-22,2317.4564172429687
2016-08-23,2328.7284844274795
2016-08-24,2310.4113568147163
2016-08-25,2318.161041288565
2016-08-26,2328.0235653749564
2016-08-29,2336.125783126798
2016-08-30,2332.2511621450694
2016-08-31,2332.2511621450694
2016-09-01,2353.7384341974293
2016-09-02,2351.624857067568
2016-09-06,2351.272618796502
2016-09-07,2335.773249848805
2016-09-08,2331.194299828407
2016-09-09,2246.6541647032327
2016-09-12,2292.798853247549
2016-09-13,2267.78934598799
2016-09-14,2286.8108026394225
2016-09-15,2343.5232293295803
2016-09-16,2344.579649135852
2016-09-19,2352.681866887694
2016-09-20,2343.8754676006465
2016-09-21,2376.2821260560604
2016-09-22,2387.554045737108
2016-09-23,2359.726337302092
2016-09-26,2337.8872694890565
2016-09-27,2376.2821260560604
2016-09-28,2379.452860509511
2016-09-29,2408.6895220287925
2016-09-30,2447.0845260992596
2016-10-03,2428.063216951291
2016-10-04,2417.8478645799787
2016-10-05,2436.516935456881
2016-10-06,2450.6072038168495
2016-10-07,2452.368542675644
2016-10-10,2444.6190057052595
2016-10-11,2394.247162901221
2016-10-12,2394.247162901221
2016-10-13,2366.7716927372717
2016-10-14,2381.918528406975
2016-10-17,2372.0551192998014
2016-10-18,2398.8262604250826
2016-10-19,2374.1686964296628
2016-10-20,2394.9510494294996
2016-10-21,2391.7819375141485
2016-10-24,2422.42696210384
2016-10-25,2415.734582457045
2016-10-26,2408.6895220287925
2016-10-27,2401.6443140970764
2016-10-28,2387.9068740220287
2016-10-31,2404.8149010470634
2016-11-01,2382.6232999560348
2016-11-02,2367.8287025573973
2016-11-03,2357.965440953688
2016-11-04,2345.6365114525142
2016-11-07,2416.0866732246473
2016-11-08,2420.313532477442
2016-11-09,2400.9402800653347
2016-11-10,2356.2038070879657
2016-11-11,2415.0299584114487
2016-11-14,2388.963441331764
2016-11-15,2428.768136003814
2016-11-16,2447.789445151783
2016-11-17,2463.2883715890894
2016-11-18,2477.378492445594
2016-11-21,2493.5823379354233
2016-11-22,2522.466761183638
2016-11-23,2518.591255181128
2016-11-25,2525.9888488873735
2016-11-28,2519.648560008181
2016-11-29,2510.138126689392
2016-11-30,2503.0927712542125
2016-12-01,2384.0316630264456
2016-12-02,2422.42696210384
2016-12-05,2446.732435331657
2016-12-06,2473.503428953474
2016-12-07,2522.8184094408502
2016-12-08,2537.965540117481
2016-12-09,2524.931839067248
2016-12-12,2514.3643959283327
2016-12-13,2559.100721402238
2016-12-14,2531.6246612244336
2016-12-15,2572.1332424247626
2016-12-16,2539.022549937607
2016-12-19,2570.482973674055
2016-12-20,2574.3891603969932
2016-12-21,2571.902842014626
2016-12-22,2585.0415655309394
2016-12-23,2597.1144290193106
2016-12-27,2619.1302059817335
2016-12-28,2575.8090287375644
2016-12-29,2576.5191104113137
2016-12-30,2543.851813335726
2017-01-03,2548.1125983851484
2017-01-04,2556.2792751505817
2017-01-05,2541.3657899602863
2017-01-06,2554.504218469672
2017-01-09,2583.9760005099247
2017-01-10,2593.918913983976
2017-01-11,2604.9268024651874
2017-01-12,2561.6056252210183
2017-01-13,2599.600452394751
2017-01-17,2569.0628103265567
2017-01-18,2614.5142325919733
2017-01-19,2594.628995657725
2017-01-20,2619.4848043082175
2017-01-23,2596.4043473455617
2017-01-24,2647.182414688342
2017-01-25,2679.8503017777834
2017-01-26,2659.254688162859
2017-01-27,2693.3436236205807
2017-01-30,2680.5600884446058
2017-01-31,2643.276227965404
2017-02-01,2670.2625766440706
2017-02-02,2673.1031983459943
2017-02-03,2684.821463507882
2017-02-06,2681.62565346562
2017-02-07,2692.9884352802424
2017-02-08,2695.8293519890935
2017-02-09,2672.3934116791725
2017-02-10,2675.233738374169
2017-02-13,2710.3876488390506
2017-02-14,2689.4377319045693
2017-02-15,2717.1341622569853
2017-02-16,2727.432264071375
2017-02-17,2737.3742925246447
2017-02-21,2763.2962562100056
2017-02-22,2751.223097714707
2017-02-23,2720.6848656326583
2017-02-24,2724.591642369451
2017-02-27,2737.72977587191
2017-02-28,2712.5184838741525
2017-03-01,2744.1216909633613
2017-03-02,2719.9750789658365
2017-03-03,2729.5622140856954
2017-03-06,2730.6274840997826
2017-03-07,2737.3742925246447
2017-03-08,2740.2152092334954
2017-03-09,2741.28077425451
2017-03-10,2767.2018529190896
2017-03-13,2780.6948797549594
2017-03-14,2770.752261287835
2017-03-15,2795.96384829252
2017-03-16,2798.0943883206946
2017-03-17,2805.551278419306
2017-03-20,2823.305975325379
2017-03-21,2769.332097940337
2017-03-22,2796.318741625931
2017-03-23,2787.797171527087
2017-03-24,2809.8129484895103
2017-03-27,2822.5958936516304
2017-03-28,2827.9216537082125
2017-03-29,2816.55887189359
2017-03-30,2830.7625704170637
2017-03-31,2830.4076770836523
2017-04-03,2823.6611636657176
2017-04-04,2813.7185451985933
2017-04-05,2797.0291183066074
2017-04-06,2798.4492816541056
2017-04-07,2809.457170135317
2017-04-10,2784.601361484825
2017-04-11,2763.6511495434165
2017-04-12,2727.7865673909314
2017-04-13,2707.547027137127
2017-04-17,2737.0188091773794
2017-04-18,2748.026992665518
2017-04-19,2762.9407728627402
2017-04-20,2802.7106567173823
2017-04-21,2791.3478749027604
2017-04-24,2831.827840431151
2017-04-25,2860.23494247117
2017-04-26,2838.574648856013
2017-04-27,2876.568886015891
2017-04-28,2830.0524887433144
2017-05-01,2859.524270783567
2017-05-02,2844.2561872667875
2017-05-03,2860.589835804582
2017-05-04,2857.748919095731
2017-05-05,2869.112585931134
2017-05-08,2862.010589165934
2017-05-09,2890.7725845393643
2017-05-10,2927.3463633448173
2017-05-11,2933.738278436268
2017-05-12,2941.9049552017013
2017-05-15,2974.5731372980704
2017-05-16,3010.0819410963627
2017-05-17,2896.8093112904776
2017-05-18,2939.774710180454
2017-05-19,2973.863055624321
2017-05-22,3002.270452671268
2017-05-23,2995.8785375798166
2017-05-24,3009.0166710822755
2017-05-25,3029.611989690273
2017-05-26,3035.2929380871933
2017-05-30,3056.9532317023504
2017-05-31,3053.402823333605
2017-06-01,3059.0846567513067
2017-06-02,3082.8754903946387
2017-06-05,3091.042462166999
2017-06-06,3098.144163925272
2017-06-07,3121.224620887928
2017-06-08,3162.4149630969955
2017-06-09,3042.7504181996587
2017-06-12,3024.2859346267633
2017-06-13,3043.815393206819
2017-06-14,3017.539126201901
2017-06-15,2989.8421058356307
2017-06-16,2988.0667541477947
2017-06-19,3040.975066511822
2017-06-20,3002.980534345017
2017-06-21,3037.424363136149
2017-06-22,3029.611989690273
2017-06-23,3042.0403365259094
2017-06-26,3030.322071364022
2017-06-27,2943.6808969033923
2017-06-28,2986.291402459958
2017-06-29,2919.1788015586026
2017-06-30,2906.751339743747
2017-07-03,2873.373075973629
2017-07-05,2928.056445018566
2017-07-06,2915.628688196784
2017-07-07,2954.6881953707493
2017-07-10,2985.226427452798
2017-07-11,3009.0166710822755
2017-07-12,3052.3375533195176
2017-07-13,3045.236441575099
2017-07-14,3082.8754903946387
2017-07-17,3074.353035275013
2017-07-18,3086.071300436901
2017-07-19,3116.6080574843136
2017-07-20,3123.3554559230297
2017-07-21,3105.956537371149
2017-07-24,3096.0133288901707
2017-07-25,3087.491463784399
2017-07-26,3120.1593508738406
2017-07-27,3080.744655359537
2017-07-28,3066.186063502653
2017-07-31,3048.0767682700953
2017-08-01,3061.214606765627
2017-08-02,3044.5254748805683
2017-08-03,3033.873364753549
2017-08-04,3042.7504181996587
2017-08-07,3096.3688122374365
2017-08-08,3087.136570450988
2017-08-09,3081.099548692948
2017-08-10,2996.588914260493
2017-08-11,3024.2859346267633
2017-08-14,3083.940465401799
2017-08-15,3095.3032472164214
2017-08-16,3101.694867300945
2017-08-17,3028.1918263427747
2017-08-18,3034.9386347676364
2017-08-21,3023.575557946087
2017-08-22,3064.0555234744775
2017-08-23,3070.447143559002
2017-08-24,3070.091660211737
2017-08-25,3060.504820098805
2017-08-28,3069.3818735449145
2017-08-29,3077.9043286645406
2017-08-30,3120.8703175683713
2017-08-31,3145.370937878525
2017-09-01,3160.2844230688206
2017-09-05,3120.1593508738406
2017-09-06,3131.167239355052
2017-09-07,3143.240102843423
2017-09-08,3109.151462392629
2017-09-11,3165.6110681461846
2017-09-12,3177.6833416207014
2017-09-13,3178.393718301378
2017-09-14,3192.241933477586
2017-09-15,3234.4972506938134
2017-09-18,3279.5940746327465
2017-09-19,3288.1162347454447
2017-09-20,3244.440459174792
2017-09-21,3238.403732423679
2017-09-22,3251.542160933065
2017-09-25,3186.2060917472545
2017-09-26,3190.1116884563385
2017-09-27,3262.194566067011
2017-09-28,3283.1450730153465
2017-09-29,3313.682715083541
2017-10-02,3335.697902032109
2017-10-03,3346.705495506393
2017-10-04,3351.6772472503458
2017-10-05,3355.227950626019
2017-10-06,3368.7206824549617
2017-10-09,3393.22189277897
2017-10-10,3410.621106337778
2017-10-11,3434.7674233283756
2017-10-12,3427.6657215701025
2017-10-13,3451.1019568869506
2017-10-16,3469.566145452919
2017-10-17,3468.8560637791697
2017-10-18,3481.6393039482177
2017-10-19,3474.5370121760902
2017-10-20,3493.3566840893236
2017-10-23,3506.495407605637
2017-10-24,3527.800512880456
2017-10-25,3483.059172288788
2017-10-26,3501.8794342158767
2017-10-27,3572.1866651317855
2017-10-30,3573.6068284792836
2017-10-31,3608.050362263489
2017-11-01,3598.4632271436303
2017-11-02,3615.506957355173
2017-11-03,3655.2771362167423
2017-11-06,3702.5039101699954
2017-11-07,3695.047020071384
2017-11-08,3703.5691801840826
2017-11-09,3631.486007566483
2017-11-10,3652.436514514818
2017-11-13,3667.705188045452
2017-11-14,3667.705188045452
2017-11-15,3633.6171376085117
2017-11-16,3723.8093104517416
2017-11-17,3666.285024697954
2017-11-20,3710.6708819423557
2017-11-21,3748.6657091160882
2017-11-22,3724.16449879208
2017-11-24,3755.767115867434
2017-11-27,3697.5324534329698
2017-11-28,3694.3369383976346
2017-11-29,3537.742541333726
2017-11-30,3559.758908310003
2017-12-01,3528.866077901471
2017-12-04,3453.9422835819473
2017-12-05,3453.9422835819473
2017-12-06,3461.7543620208967
2017-12-07,3495.8424124578364
2017-12-08,3479.863952260381
2017-12-11,3501.1693525421274
2017-12-12,3466.725523750995
2017-12-13,3468.8560637791697
2017-12-14,3467.4359004316716
2017-12-15,3524.249809504783
2017-12-18,3586.412194167871
2017-12-19,3584.611471884296
2017-12-20,3608.0214515846237
2017-12-21,3569.8451951506686
2017-12-22,3571.28600898307
2017-12-26,3530.9491218143676
2017-12-27,3542.4735674250906
2017-12-28,3555.4394168820704
2017-12-29,3522.665032291912
2018-01-02,3614.864727274678
2018-01-03,3666.0062431517576
2018-01-04,3684.7344629175623
2018-01-05,3708.5043510690634
2018-01-08,3734.0752565110674
2018-01-09,3699.140536193089
2018-01-10,3650.159651050757
2018-01-11,3667.4470569841596
2018-01-12,3686.174981743036
2018-01-16,3703.102184218339
2018-01-17,3813.669600501881
2018-01-18,3841.7616351436604
2018-01-19,3845.3630797108103
2018-01-22,3883.179132686665
2018-01-23,3908.3901296774957
2018-01-24,3829.155989144782
2018-01-25,3767.2098445593247
2018-01-26,3887.1407807119153
2018-01-29,3879.9378915776156
2018-01-30,3803.9452871608787
2018-01-31,3835.9992648348357
2018-02-01,3812.5892851345075
2018-02-02,3706.3440153412425
2018-02-05,3539.232031309114
2018-02-06,3669.6079827258354
2018-02-07,3572.726527808545
2018-02-08,3430.465927323001
2018-02-09,3520.1439030921365
2018-02-12,3594.6959886833993
2018-02-13,3587.4930995490995
2018-02-14,3663.8456124170098
2018-02-15,3709.9451649014654
2018-02-16,3702.021868850965
2018-02-20,3775.493344067926
2018-02-21,3734.435754976095
2018-02-22,3721.829813970289
2018-02-23,3805.385510979426
2018-02-26,3882.098522312364
2018-02-27,3867.691859022983
2018-02-28,3837.0795802022094
2018-03-01,3775.8532525190994
2018-03-02,3834.918654460534
2018-03-05,3879.217189654488
2018-03-06,3936.121665854247
2018-03-07,3953.049163336477
2018-03-08,3954.8501806269787
2018-03-09,4031.2021034810346
2018-03-12,4072.2599875797932
2018-03-13,4015.355806386961
2018-03-14,4017.5164371217093
2018-03-15,4013.9152875614864
2018-03-16,4012.4738837152304
2018-03-19,3947.286203013797
2018-03-20,3973.937423823175
2018-03-21,3982.221808352557
2018-03-22,3874.895338171137
2018-03-23,3749.2017367027947
2018-03-26,3898.3056128783924
2018-03-27,3763.9683084433486
2018-03-28,3680.412316427284
2018-03-29,3755.685103941675
2018-04-02,3618.1059683837275
2018-04-03,3684.7344629175623
2018-04-04,3729.7531100207893
2018-04-05,3688.6952259220307
2018-04-06,3582.0903426845202
2018-04-09,3606.5806377522226
2018-04-10,3716.7878505776644
2018-04-11,3714.987423301017
2018-04-12,3776.573954442227
2018-04-13,3741.278440652294
2018-04-16,3748.8415332446943
2018-04-17,3817.271045069031
2018-04-18,3774.0522352285975
2018-04-19,3605.8608208498763
2018-04-20,3564.442733293017
2018-04-23,3518.3431808085616
2018-04-24,3500.335367958958
2018-04-25,3482.687758567455
2018-04-26,3555.799325333243
2018-04-27,3532.749549091015
2018-04-30,3499.2556426054384
2018-05-01,3555.4394168820704
2018-05-02,3529.8688064469934
2018-05-03,3538.5116243929133
2018-05-04,3630.3514109245057
2018-05-07,3649.799152585729
2018-05-08,3675.3700580277327
2018-05-09,3727.5927742929684
2018-05-10,3789.5395088922796
2018-05-11,3760.3668638761987
2018-05-14,3825.915338049587
2018-05-15,3783.056436660326
2018-05-16,3836.719081737182
2018-05-17,3811.508379753279
2018-05-18,3765.4088272688227
2018-05-21,3819.4319708107064
2018-05-22,3846.803598536285
2018-05-23,3851.1251550127085
2018-05-24,3862.289692172258
2018-05-25,3900.826742078169
2018-05-29,3869.4937613342668
2018-05-30,3892.903446027668
2018-05-31,3860.489854909465
2018-06-01,3944.765663827876
2018-06-04,3971.777088095354
2018-06-05,3994.1064574213806
2018-06-06,4019.677657870312
2018-06-07,3987.623975203282
2018-06-08,3960.6119609219495
2018-06-11,3956.2904044455263
2018-06-12,3968.1753485212766
2018-06-13,3959.8918490126757
2018-06-14,3966.0147177865288
2018-06-15,3972.4974950115547
2018-06-18,3924.5966302296697
2018-06-19,3877.7772608428677
2018-06-20,3901.9070574455423
2018-06-21,3853.2866707682383
2018-06-22,3838.8803024857843
2018-06-25,3700.220851560463
2018-06-26,3734.435754976095
2018-06-27,3642.9567619164573
2018-06-28,3679.6919095110834
2018-06-29,3697.699722360687
2018-07-02,3699.140536193089
2018-07-03,3634.313058949756
2018-07-05,3732.2745342274925
2018-07-06,3779.8149005443497
2018-07-09,3808.2668436373024
2018-07-10,3849.3247277360606
2018-07-11,3743.4396614008965
2018-07-12,3788.8191019760793
2018-07-13,3780.895510918651
2018-07-16,3769.3707703010004
2018-07-17,3819.071767352606
2018-07-18,3857.968430702762
2018-07-19,3845.3630797108103
2018-07-20,3841.40143168556
2018-07-23,3838.8803024857843
2018-07-24,3790.9797327108267
2018-07-25,3810.0678609278043
2018-07-26,3866.251635204436
2018-07-27,3847.1638019943853
2018-07-30,3820.872784643108
2018-07-31,3813.669600501881
2018-08-01,3830.236304512156
2018-08-02,3868.7730594111385
2018-08-03,3874.895338171137
2018-08-06,3895.4245752274437
2018-08-07,3921.7155925787206
2018-08-08,3933.961330126426
2018-08-09,3895.78418867169
2018-08-10,3804.305195612052
2018-08-13,3808.6273421023297
2018-08-14,3799.623730684455
2018-08-15,3736.596385710843
2018-08-16,3730.834015402018
2018-08-17,3703.4623876764394
2018-08-20,3698.420129276888
2018-08-21,3774.7729371517253
2018-08-22,3788.8191019760793
2018-08-23,3793.5011569175294
2018-08-24,3851.4859484846634
2018-08-27,3911.6310757796177
2018-08-28,3926.397942527099
2018-08-29,3948.727311853126
2018-08-30,3906.5891123869933
2018-08-31,3923.516609869223
2018-09-04,3951.9685529621756
2018-09-05,3930.359000538495
2018-09-06,3828.435877235508
2018-09-07,3811.508379753279
2018-09-10,3848.60432081986
2018-09-11,3800.343842593729
2018-09-12,3756.765124302122
2018-09-13,3802.8649717935045
2018-09-14,3842.121248587907
2018-09-17,3790.259325794626
2018-09-18,3819.071767352606
2018-09-19,3827.7154703193073
2018-09-20,3877.056853926667
2018-09-21,3857.608522251589
2018-09-24,3884.97985497024
2018-09-25,3823.0337103847833
2018-09-26,3789.178715420325
2018-09-27,3812.949488592608
2018-09-28,3833.837749079306
2018-10-01,3843.9225608853358
2018-10-02,3841.041818241314
2018-10-03,3855.8075049610866
2018-10-04,3769.0105668429
2018-10-05,3683.2936490851607
2018-10-08,3640.0748392447267
2018-10-09,3633.232743582382
2018-10-10,3468.2819802988556
2018-10-11,3437.6688164573006
2018-10-12,3505.7372398027555
2018-10-15,3467.561278375728
2018-10-16,3584.9716753423963
2018-10-17,3567.3240659508933
2018-10-18,3474.4048490727087
2018-10-19,3424.3430585491483
2018-10-22,3442.710779849925
2018-10-23,3429.0251134905993
2018-10-24,3198.88666950564
2018-10-25,3289.2856422048308
2018-10-26,3229.8603318122227
2018-10-29,3192.7646857525688
2018-10-30,3328.5419189992326
2018-10-31,3365.998063523914
2018-11-01,3528.427402600737
2018-11-02,3472.2439233310333
2018-11-05,3440.1896506501494
2018-11-06,3475.8453678981837
2018-11-07,3518.7036792735894
2018-11-08,3502.4962937006335
2018-11-09,3439.109335282775
2018-11-12,3288.5649402817025
2018-11-13,3331.0636382128628
2018-11-14,3348.3507491393384
2018-11-15,3454.2361104814295
2018-11-16,3395.5309119980952
2018-11-19,3268.036588246178
2018-11-20,3265.1552555883018
2018-11-21,3279.561033856901
2018-11-23,3274.879273922377
2018-11-26,3340.066659616883
2018-11-27,3345.109213023362
2018-11-28,3433.706578418196
2018-11-29,3401.2935773138474
2018-11-30,3484.48848085103
2018-12-03,3545.71480853414
2018-12-04,3371.4005253815662
2018-12-06,3351.591990248388
2018-12-07,3224.456984933789
2018-12-10,3261.913719472325
2018-12-11,3278.1205150314263
2018-12-12,3327.8221020968863
2018-12-13,3316.6572699304093
2018-12-14,3265.1552555883018
2018-12-17,3234.181888288646
2018-12-18,3273.078551638802
2018-12-19,3131.1784496182854
2018-12-20,3106.1438667699153
2018-12-21,3052.551138334804
2018-12-24,2971.7962370924197
2018-12-26,3138.812933887066
2018-12-27,3166.343275339473
2018-12-28,3188.000323878431
2018-12-31,3203.7843745108676
2019-01-02,3227.2766611438824
2019-01-03,3033.4638951386078
2019-01-04,3174.785488574903
2019-01-07,3236.0864530105923
2019-01-08,3217.365608417968
2019-01-09,3299.589349150837
2019-01-10,3333.7266657446175
2019-01-11,3361.257007197025
2019-01-14,3303.626813956375
2019-01-15,3312.436310816158
2019-01-16,3286.374808854235
2019-01-17,3327.1193955963167
2019-01-18,3409.3428413222587
2019-01-22,3310.601662735956
2019-01-23,3297.3868274324273
2019-01-24,3491.566877062054
2019-01-25,3556.53802267893
2019-01-28,3490.0986275854243
2019-01-29,3443.848031554247
2019-01-30,3548.095514436573
2019-01-31,3545.525709093811
2019-02-01,3590.675634279638
2019-02-04,3608.295218013058
2019-02-05,3628.4840170753855
2019-02-06,3718.41628881576
2019-02-07,3638.394774794373
2019-02-08,3628.4840170753855
2019-02-11,3644.2674776939675
2019-02-12,3725.3902525745593
2019-02-13,3734.2003394481962
2019-02-14,3745.2120630194613
2019-02-15,3764.2996012225844
2019-02-19,3759.8945577857658
2019-02-20,3794.032464393401
2019-02-21,3770.539882753459
2019-02-22,3824.132021174716
2019-02-25,3859.0033150033487
2019-02-26,3834.0427788937036
2019-02-27,3794.7661466213253
2019-02-28,3792.9312035341964
2019-03-01,3827.802497362829
2019-03-04,3829.6380304638124
2019-03-05,3811.6514581129663
2019-03-06,3747.4145847378704
2019-03-07,3706.669997995789
2019-03-08,3705.5687371365843
2019-03-11,3784.488400284912
2019-03-12,3803.2089498706096
2019-03-13,3818.6260118856203
2019-03-14,3797.3359519640876
2019-03-15,3899.0139245105784
2019-03-18,3888.3688945498125
2019-03-19,3933.1515361112865
2019-03-20,3899.3809131280045
2019-03-21,4033.728837812427
2019-03-22,3918.4687463380546
2019-03-25,3868.9146627361906
2019-03-26,3904.8866274101733
2019-03-27,3847.9918864390106
2019-03-28,3840.6500490420044
2019-03-29,3903.0519793299713
2019-04-01,3999.223942587366
2019-04-02,4002.52772516498
2019-04-03,4095.7637794829684
2019-04-04,4100.168232905932
2019-04-05,4131.002061929026
2019-04-08,4139.444570171383
2019-04-09,4094.2955300063377
2019-04-10,4127.331290733987
2019-04-11,4123.293530921522
2019-04-12,4181.290712779597
2019-04-15,4151.1902709775
2019-04-16,4252.502139927346
2019-04-17,4315.271353839666
2019-04-18,4321.511635370542
2019-04-22,4318.207852792927
2019-04-23,4353.07914662156
2019-04-24,4390.153257175529
2019-04-25,4303.525063019696
2019-04-26,4251.033890450716
2019-04-29,4228.642569669979
2019-04-30,4267.185224707506
2019-05-01,4234.515272569573
2019-05-02,4274.526472090658
2019-05-03,4312.701253489977
2019-05-06,4243.6923480606365
2019-05-07,4146.785817554536
2019-05-08,4117.053544397573
2019-05-09,4059.0569525533524
2019-05-10,4054.652204123461
2019-05-13,3866.712141017781
2019-05-14,3965.820603228437
2019-05-15,4002.52772516498
2019-05-16,3945.998792783534
2019-05-17,3870.015923595395
2019-05-20,3716.213767097351
2019-05-21,3801.0064281522004
2019-05-22,3734.2003394481962
2019-05-23,3672.1648077638006
2019-05-24,3649.773486983063
2019-05-28,3617.4717034902665
2019-05-29,3629.584982927663
2019-05-30,3657.4817229836417
2019-05-31,3605.725412670296
2019-06-03,3601.687947864757
2019-06-04,3749.250117838854
2019-06-05,3720.618810534169
2019-06-06,3772.0078372231624
2019-06-07,3820.827943590175
2019-06-10,3916.2665196265725
2019-06-11,3930.5820257754513
2019-06-12,3845.422081096249
2019-06-13,3864.509914306299
2019-06-14,3768.3370660281225
2019-06-17,3745.2120630194613
2019-06-18,3897.545970040875
2019-06-19,3906.7224555180837
2019-06-20,3951.8720856969835
2019-06-21,3933.1515361112865
2019-06-24,3940.4927834944388
2019-06-25,3872.21785529995
2019-06-26,3986.7439695394705
2019-06-27,4040.3358129538005
2019-06-28,4044.373572766266
2019-07-01,4158.532108374507
2019-07-02,4109.712297014421
2019-07-03,4094.6625186237634
2019-07-05,4064.562961842448
2019-07-08,4038.133881249246
2019-07-09,4066.3979049295776
2019-07-10,4106.775208047306
2019-07-11,4118.154510249851
2019-07-12,4193.770980834419
2019-07-15,4227.541603817702
2019-07-16,4183.860223115432
2019-07-17,4198.910296513017
2019-07-18,4274.526472090658
2019-07-19,4274.893165701156
2019-07-22,4360.420984018567
2019-07-23,4408.873806761227
2019-07-24,4526.336419954008
2019-07-25,4444.479667838565
2019-07-26,4435.302887354429
2019-07-29,4450.352665745087
2019-07-30,4430.531150307112
2019-07-31,4298.0190537306
2019-08-01,4211.390269560912
2019-08-02,4154.127654951542
2019-08-05,3974.9976787195
2019-08-06,4038.133881249246
2019-08-07,4060.15791840563
2019-08-08,4164.03841267053
2019-08-09,4092.0933032948556
2019-08-12,4043.6395955314147
2019-08-13,4159.633664240639
2019-08-14,4025.6530231805687
2019-08-15,4021.2482747506774
2019-08-16,4119.6233497403355
2019-08-19,4187.530699303545
2019-08-20,4163.671424053105
2019-08-21,4206.251543896169
2019-08-22,4200.745534607073
2019-08-23,4026.754284039773
2019-08-26,4068.2331430236336
2019-08-27,4058.6893739220723
2019-08-28,4084.7511708909224
2019-08-29,4173.215193154666
2019-08-30,4200.011262365294
2019-09-03,4133.571572264862
2019-09-04,4255.439228894463
2019-09-05,4384.6472478864325
2019-09-06,4388.318019081473
2019-09-09,4405.203330573114
2019-09-10,4414.012827432896
2019-09-11,4470.174181183062
2019-09-12,4477.148439948788
2019-09-13,4474.9462132373055
2019-09-16,4444.846951462918
2019-09-17,4462.833523813764
2019-09-18,4467.604670847226
2019-09-19,4449.618688510235
2019-09-20,4366.293686918161
2019-09-23,4403.735081096484
2019-09-24,4338.396946862183
2019-09-25,4412.544282949339
2019-09-26,4427.961344964348
2019-09-27,4322.979884847172
2019-09-30,4372.900957066462
2019-10-01,4343.1686839095
2019-10-02,4272.324245379175
2019-10-03,4338.0296632378295
2019-10-04,4414.380111057249
2019-10-07,4392.356073900865
2019-10-08,4277.095982426493
2019-10-09,4352.344874379781
2019-10-10,4393.823438356714
2019-10-11,4494.033751440429
2019-10-14,4500.64102158873
2019-10-15,4590.206304711678
2019-10-16,4523.399921000747
2019-10-17,4526.336419954008
2019-10-18,4481.920472003032
2019-10-21,4565.980040843812
2019-10-22,4531.474850611824
2019-10-23,4452.555187463496
2019-10-24,4570.3850842806305
2019-10-25,4662.885981336059
2019-10-28,4733.73071487331
2019-10-29,4701.428636373585
2019-10-30,4706.567362038328
2019-10-31,4679.770997820772
2019-11-01,4776.310539709447
2019-11-04,4877.989102269792
2019-11-05,4880.558907612554
2019-11-06,4850.825454427883
2019-11-07,4879.457351746423
2019-11-08,4889.7348030759085
2019-11-11,4869.913287637934
2019-11-12,4880.191623988201
2019-11-13,4888.633542216704
2019-11-14,4879.8240453569215
2019-11-15,4929.3784239657125
2019-11-18,4932.314627912047
2019-11-19,4915.430496448114
2019-11-20,4867.344072309026
2019-11-21,4814.118922505195
2019-11-22,4805.677004276692
2019-11-25,4916.530282272683
2019-11-26,4900.747411667955
2019-11-27,4933.783467402532
2019-11-29,4878.723079504644
2019-12-02,4815.220183364399
2019-12-03,4747.678937397835
2019-12-04,4817.423000089736
2019-12-05,4846.420705997993
2019-12-06,4918.366995401375
2019-12-09,4885.330054646018
2019-12-10,4904.784876473494
2019-12-11,5009.766926604526
2019-12-12,5153.6577353697285
2019-12-13,5133.8362199317535
2019-12-16,5175.682362539967
2019-12-17,5205.04794208643
2019-12-18,5187.061369735585
2019-12-19,5217.162696558463
2019-12-20,5267.450167381325
2019-12-23,5293.60489153224
2019-12-24,5304.4098152475435
2019-12-26,5318.568377711156
2019-12-27,5300.310989001149
2019-12-30,5261.934717870558
2019-12-31,5268.641405353323
2020-01-02,5390.47572620015
2020-01-03,5302.174252753289
2020-01-06,5245.542362954254
2020-01-07,5333.098058889176
2020-01-08,5342.040308866195
2020-01-09,5372.591816259967
2020-01-10,5327.882336416436
2020-01-13,5402.398136155654
2020-01-14,5413.575358613073
2020-01-15,5333.470947645146
2020-01-16,5419.537448611607
2020-01-17,5441.891303512591
2020-01-21,5446.361838487246
2020-01-22,5491.071318330777
2020-01-23,5525.348763214974
2020-01-24,5501.13164456185
2020-01-27,5279.446329068626
2020-01-28,5411.712094860934
2020-01-29,5329.372121398752
2020-01-30,5317.078002714987
2020-01-31,5125.5718958734205
2020-02-03,5195.616570624129
2020-02-04,5362.904968798718
2020-02-05,5469.462650927878
2020-02-06,5473.187408390593
2020-02-07,5348.00121883702
2020-02-10,5432.204456051341
2020-02-11,5546.959200659436
2020-02-12,5625.199167847515
2020-02-13,5638.6131328268975
2020-02-14,5614.3954241599195
2020-02-18,5530.192186945598
2020-02-19,5672.51709894127
2020-02-20,5583.098729268063
2020-02-21,5419.163969841783
2020-02-24,5173.634424451406
2020-02-25,5024.60282497297
2020-02-26,5054.780853596918
2020-02-27,4821.919495673984
2020-02-28,4916.926771582828
2020-03-02,5087.196214756684
2020-03-03,4920.280705338065
2020-03-04,5172.516348197351
2020-03-05,5010.071963767241
2020-03-06,4913.574017855301
2020-03-09,4504.854900536729
2020-03-10,4782.426328317048
2020-03-11,4524.228595459227
2020-03-12,4046.582289630146
2020-03-13,4438.908167011632
2020-03-16,3799.1903655084116
2020-03-17,4106.940411926533
2020-03-18,3765.6578131153724
2020-03-19,3832.3491441246993
2020-03-20,3765.284924359403
2020-03-23,3905.002270125632
2020-03-24,4308.132481208568
2020-03-25,4275.718005069583
2020-03-26,4535.033519174531
2020-03-27,4284.28766129756
2020-03-30,4452.3209519633065
2020-03-31,4364.392367272414
2020-04-01,4147.924249286567
2020-04-02,4259.697948895394
2020-04-03,4174.376930433945
2020-04-06,4589.430141486238
2020-04-07,4575.27216903648
2020-04-08,4726.911924758213
2020-04-09,4615.138520156313
2020-04-13,4675.495757431918
2020-04-14,4880.042350483043
2020-04-15,4748.521477181893
2020-04-16,4874.453149240479
2020-04-17,4922.143379076349
2020-04-20,4817.821259441444
2020-04-21,4602.097738939827
2020-04-22,4862.157555522078
2020-04-23,4817.448665692402
2020-04-24,4914.6917991024275
2020-04-27,4975.422220140929
2020-04-28,4942.2631465177155
2020-04-29,5174.379611949491
2020-04-30,4982.501206365809
2020-05-01,4747.7762896838085
2020-05-04,4800.310238257231
2020-05-05,4862.903333034017
2020-05-06,4919.908111589022
2020-05-07,4964.617296425626
2020-05-08,5091.293860975369
2020-05-11,5093.902902239448
2020-05-12,4953.812962724176
2020-05-13,4865.884083026357
2020-05-14,5002.248380058131
2020-05-15,4888.238822948122
2020-05-18,5098.745735956218
2020-05-19,5079.74374976198
2020-05-20,5263.798571636552
2020-05-21,5130.415319604045
2020-05-22,5141.220243319349
2020-05-26,5185.55683440691
2020-05-27,5263.798571636552
2020-05-28,5151.279389522713
2020-05-29,5254.484022917419
2020-06-01,5246.659259180599
2020-06-02,5349.864482589159
2020-06-03,5497.405707071425
2020-06-04,5558.135833103001
2020-06-05,5689.2835226412535
2020-06-08,5672.145390213009
2020-06-09,5682.578015186198
2020-06-10,5711.6391475838
2020-06-11,5361.0422950604325
2020-06-12,5436.674991025997
2020-06-15,5507.0919645188205
2020-06-16,5593.158465485281
2020-06-17,5652.398216520686
2020-06-18,5644.5740427977225
2020-06-19,5618.12077163649
2020-06-22,5669.536938962785
2020-06-23,5688.165446387198
2020-06-24,5568.941346832158
2020-06-25,5606.943549179071
2020-06-26,5501.876832059935
2020-06-29,5557.7635343608845
2020-06-30,5693.009460131678
2020-07-01,5627.808209111594
2020-07-02,5713.874120064201
2020-07-06,5871.4756707775405
2020-07-07,5798.449656020637
2020-07-08,5881.535406994759
2020-07-09,5983.621964135409
2020-07-10,5960.149442966517
2020-07-13,5874.4564207698795
2020-07-14,5973.189339162221
2020-07-15,5945.990880502904
2020-07-16,5941.520345528249
2020-07-17,5969.091692943535
2020-07-20,6088.31638251243
2020-07-21,6057.764285104804
2020-07-22,6102.100876192365
2020-07-23,6001.505284061738
2020-07-24,5941.147456772279
2020-07-27,6180.714912164122
2020-07-28,6020.134381500006
2020-07-29,6171.773252200958
2020-07-30,6229.896697023872
2020-07-31,6193.010210875596
2020-08-03,6303.29383049518
2020-08-04,6394.949532704206
2020-08-05,6400.538143932916
2020-08-06,6389.359151433933
2020-08-07,6315.9620179626245
2020-08-10,6320.432552937279
2020-08-11,6231.014183264072
2020-08-12,6426.990825080294
2020-08-13,6365.887810292749
2020-08-14,6359.181122809985
2020-08-17,6451.953721245356
2020-08-18,6412.087075118596
2020-08-19,6372.966796517629
2020-08-20,6321.922927933449
2020-08-21,6367.750484031034
2020-08-24,6424.382963843924
2020-08-25,6497.035499831002
2020-08-26,6533.176798481192
2020-08-27,6441.521686286022
2020-08-28,6543.980542168788
2020-08-31,6533.920805951569
2020-09-01,6662.0883355113365
2020-09-02,6838.690692391205
2020-09-03,6475.426832428103
2020-09-04,6386.379581469302
2020-09-08,6103.218952446419
2020-09-09,6277.959225601858
2020-09-10,6198.97230087413
2020-09-11,6187.049890918626
2020-09-14,6326.394052921958
2020-09-15,6459.405596226205
2020-09-16,6380.045782742508
2020-09-17,6365.514921536779
2020-09-18,6269.389274366954
2020-09-21,6272.370024359293
2020-09-22,6323.786191685588
2020-09-23,6179.225127181807
2020-09-24,6233.249155744472
2020-09-25,6305.52998300329
2020-09-28,6465.738804939145
2020-09-29,6500.016249823342
2020-09-30,6490.329402362092
2020-10-01,6650.537634284094
2020-10-02,6451.208533747271
2020-10-05,6671.030585488355
2020-10-06,6612.534841923327
2020-10-07,6754.114566420913
2020-10-08,6836.826838625211
2020-10-09,6954.190624497383
2020-10-12,7076.7689528145875
2020-10-13,7055.531994139948
2020-10-14,7018.273799263413
2020-10-15,6991.075930617951
2020-10-16,6947.48393701462
2020-10-19,6913.206492130423
2020-10-20,6918.794513345279
2020-10-21,6874.457922257717
2020-10-22,6871.850651035202
2020-10-23,6855.456526077333
2020-10-26,6708.659309065443
2020-10-27,6685.560856680229
2020-10-28,6469.837631185539
2020-10-29,6629.673564365425
2020-10-30,6518.27245850564
2020-11-02,6568.944028347704
2020-11-03,6705.679739100813
2020-11-04,6951.5821732471595
2020-11-05,7227.663226031309
2020-11-06,7339.808929375324
2020-11-09,7259.705698435105
2020-11-10,7035.04081297725
2020-11-11,7282.432442092058
2020-11-12,7203.818406120301
2020-11-13,7310.003199493491
2020-11-16,7515.6678687986705
2020-11-17,7429.228479076239
2020-11-18,7392.343172955673
2020-11-19,7488.84052885376
2020-11-20,7450.83714647914
2020-11-23,7565.593071114941
2020-11-24,7589.437891025949
2020-11-25,7589.065592283834
2020-11-27,7690.779260668514
2020-11-30,7772.3746366464675
2020-12-01,7913.580882374229
2020-12-02,7945.249876008202
2020-12-03,7942.269716029718
2020-12-04,8174.014767740161
2020-12-07,8220.587511335829
2020-12-08,8231.39066500957
2020-12-09,7976.547160913913
2020-12-10,7982.508070884739
2020-12-11,7917.680298634477
2020-12-14,7998.5287170727825
2020-12-15,8124.0895654238875
2020-12-16,8120.736516689434
2020-12-17,8118.873252937296
2020-12-18,8090.929016766038
2020-12-21,8050.11067829216
2020-12-22,8035.852993501008
2020-12-23,7975.8255739700035
2020-12-24,8061.365192564502
2020-12-28,8045.23303375798
2020-12-29,8024.973728040053
2020-12-30,8173.16809785912
2020-12-31,8194.553150011208
2021-01-04,8211.059967615263
2021-01-05,8354.751941711538
2021-01-06,8329.239742648047
2021-01-07,8672.898622257733
2021-01-08,8641.759461064996
2021-01-11,8771.19493039783
2021-01-12,8812.089380658927
2021-01-13,8764.442221834424
2021-01-14,8982.418120225148
2021-01-15,8807.586984936133
2021-01-19,9109.977345501047
2021-01-20,9072.084295717195
2021-01-21,9212.39962052484
2021-01-22,9039.068890467523
2021-01-25,9074.710447383051
2021-01-26,8917.88830497135
2021-01-27,8482.310576973585
2021-01-28,8659.768453942308
2021-01-29,8501.81997508259
2021-02-01,8834.97483804271
2021-02-02,8955.780764741347
2021-02-03,8787.327679218208
2021-02-04,8888.999456619227
2021-02-05,8824.470231379284
2021-02-08,9119.356795744163
2021-02-09,9092.344191448976
2021-02-10,9115.60430763029
2021-02-11,9453.262156327053
2021-02-12,9550.431538005281
2021-02-16,9608.958552304592
2021-02-17,9422.872312729382
2021-02-18,9322.700940560058
2021-02-19,9524.16943133287
2021-02-22,9176.007565986538
2021-02-23,9087.84120571233
2021-02-24,9380.103388452915
2021-02-25,8857.109797803716
2021-02-26,9039.818798076441
2021-03-01,9311.821675099101
2021-03-02,9025.56347334071
2021-03-03,8741.181515639255
2021-03-04,8316.858891927686
2021-03-05,8583.607105563218
2021-03-08,8112.014341880099
2021-03-09,8592.6118970088
2021-03-10,8418.156010531175
2021-03-11,8771.94601803446
2021-03-12,8662.39401559431
2021-03-15,8849.231342806148
2021-03-16,8946.026655700698
2021-03-17,9030.065279049648
2021-03-18,8668.396816548795
2021-03-19,8767.067783486427
2021-03-22,8976.040070459272
2021-03-23,8751.311463505148
2021-03-24,8601.240849629143
2021-03-25,8632.755259633266
2021-03-26,9065.706835965177
2021-03-29,8920.514456637206
2021-03-30,8882.246158041968
2021-03-31,9137.364608593765
2021-04-01,9489.653620851503
2021-04-05,9647.601509697364
2021-04-06,9515.539888698673
2021-04-07,9493.780177749051
2021-04-08,9629.96776563144
2021-04-09,9607.45696704519
2021-04-12,9496.031670617376
2021-04-13,9477.272180117288
2021-04-14,9386.480258191079
2021-04-15,9506.911526092186
2021-04-16,9469.76897393111
2021-04-19,9235.285667922477
2021-04-20,9105.850788603497
2021-04-21,9345.96223676908
2021-04-22,9139.241442664556
2021-04-23,9349.338296043856
2021-04-26,9509.163018960508
2021-04-27,9453.636815124588
2021-04-28,9302.441044828274
2021-04-29,9388.35709226187
2021-04-30,9116.730054064454
2021-05-03,9010.931129752027
2021-05-04,8899.129404485118
2021-05-05,8938.522859500663
2021-05-06,9012.05687618619
2021-05-07,9139.241442664556
2021-05-10,8734.052968250608
2021-05-11,8750.935624679905
2021-05-12,8390.018839829536
2021-05-13,8485.311977450829
2021-05-14,8754.312273968535
2021-05-17,8656.767053465064
2021-05-18,8609.11930462671
2021-05-19,8763.316475400263
2021-05-20,8980.917124979598
2021-05-21,8935.52145902342
2021-05-24,9131.737056450667
2021-05-25,9191.765065995529
2021-05-26,9201.143926224788
2021-05-27,9245.415025774513
2021-05-28,9348.96304723247
2021-06-01,9335.08238129427
2021-06-02,9389.856907479709
2021-06-03,9229.282276954136
2021-06-04,9434.877914638355
2021-06-07,9386.85609701632
2021-06-08,9309.570772244631
2021-06-09,9280.681923892509
2021-06-10,9401.863099402535
2021-06-11,9434.877914638355
2021-06-14,9562.437139914253
2021-06-15,9479.898921797
2021-06-16,9399.9868553456
2021-06-17,9506.161618483266
2021-06-18,9264.173336246891
2021-06-21,9288.560378890077
2021-06-22,9349.338296043856
2021-06-23,9396.61020605697
2021-06-24,9550.056289193895
2021-06-25,9512.539078235284
2021-06-28,9743.271076157753
2021-06-29,9828.061377157184
2021-06-30,9838.565393806753
2021-07-01,9693.37242446493
2021-07-02,9747.022974257769
2021-07-06,9744.021573780527
2021-07-07,9608.958552304592
2021-07-08,9480.27476062224
2021-07-09,9641.973957554264
2021-07-12,9768.40684638215
2021-07-13,9747.398223069156
2021-07-14,9726.011400875504
2021-07-15,9459.264367267686
2021-07-16,9261.172525783502
2021-07-19,9259.297461754275
2021-07-20,9372.599002239025
2021-07-21,9641.973957554264
2021-07-22,9583.822192066342
2021-07-23,9653.604900665703
2021-07-26,9642.723865163185
2021-07-27,9472.395125596964
2021-07-28,9641.598118729024
2021-07-29,9822.433825014085
2021-07-30,9872.331886693055
2021-08-02,9942.113415264708
2021-08-03,10032.154249554289
2021-08-04,10141.705661980586
2021-08-05,10130.449377666679
2021-08-06,10076.051280320336
2021-08-09,10045.66084670881
2021-08-10,9916.976465012604
2021-08-11,9890.714948354047
2021-08-12,9782.663941159444
2021-08-13,9846.44502883203
2021-08-16,9804.049583325386
2021-08-17,9618.338002547709
2021-08-18,9494.155426560439
2021-08-19,9577.443552286613
2021-08-20,9618.712661345242
2021-08-23,9895.216754062983
2021-08-24,9901.970052640243
2021-08-25,10009.644040981895
2021-08-26,10025.026882193351
2021-08-27,10206.235477234382
2021-08-30,10238.499794847427
2021-08-31,10160.839811278205
2021-09-01,10145.081721255361
2021-09-02,10169.844602723788
2021-09-03,10253.133318463817
2021-09-07,10232.122925109263
2021-09-08,10097.060493647183
2021-09-09,10138.703671489488
2021-09-10,10215.239088652257
2021-09-13,10291.775685842735
2021-09-14,10298.528984419994
2021-09-15,10334.544610119203
2021-09-16,10349.552202519271
2021-09-17,10167.217861044079
2021-09-20,9919.603206692314
2021-09-21,9940.61242001916
2021-09-22,10119.945951030964
2021-09-23,10247.130517509331
2021-09-24,10219.366825577516
2021-09-27,10182.974771039213
2021-09-28,9772.908652091086
2021-09-29,9625.465369908647
2021-09-30,9614.586104447693
2021-10-01,9622.839808256645
2021-10-04,9372.224343441494
2021-10-05,9503.910715628797
2021-10-06,9532.798383953212
2021-10-07,9651.353997811235
2021-10-08,9557.559495380076
2021-10-11,9500.533476326313
2021-10-12,9404.489251068391
2021-10-13,9484.775976317322
2021-10-14,9769.532592816311
2021-10-15,9851.319723296938
2021-10-18,9928.982066921575
2021-10-19,10042.660036245421
2021-10-20,9998.388936695697
2021-10-21,10112.443334858639
2021-10-22,10023.150638136414
2021-10-25,10073.800967479721
2021-10-26,10131.201055317162
2021-10-27,10045.66084670881
2021-10-28,10236.999979629587
2021-10-29,10266.263486779242
2021-11-01,10384.068013000639
2021-11-02,10498.49529991955
2021-11-03,10602.419160202748
2021-11-04,11041.372947475287
2021-11-05,11127.662473678705
2021-11-08,11328.006398045065
2021-11-09,11343.012810417425
2021-11-10,10985.0974260443
2021-11-11,11182.81460873095
2021-11-12,11296.491398027087
2021-11-15,11281.484985654726
2021-11-16,11427.802521403004
2021-11-17,11359.896646874431
2021-11-18,11639.400370027852
2021-11-19,11712.934976727232
2021-11-22,11536.22700736743
2021-11-23,11452.564222843723
2021-11-24,11568.118436224504
2021-11-26,11232.710900368356
2021-11-29,11683.67028954987
2021-11-30,11439.057625689202
2021-12-01,11398.540194281057
2021-12-02,11428.176590186682
2021-12-03,11298.366462056314
2021-12-06,11255.223468996168
2021-12-07,11801.100746987586
2021-12-08,11750.0763488606
2021-12-09,11465.694391159146
2021-12-10,11538.478500235753
2021-12-13,11239.090130161938
2021-12-14,11174.186246124462
2021-12-15,11636.399559564465
2021-12-16,11130.664464169804
2021-12-17,11078.515499636365
2021-12-20,10995.272804976978
2021-12-21,11392.445351165288
2021-12-22,11527.854710773745
2021-12-23,11627.053740111047
2021-12-27,11940.115091246318
2021-12-28,11822.434467934343
2021-12-29,11820.548783655737
2021-12-30,11686.272250647695
2021-12-31,11647.04458952523
2022-01-03,11903.905941002875
2022-01-04,11842.046528454011
2022-01-05,11435.821989711769
2022-01-06,11549.353635599728
2022-01-07,11198.196269914697
2022-01-10,11212.528886465354
2022-01-11,11438.83932056308
2022-01-12,11536.527914433165
2022-01-13,11335.868922668566
2022-01-14,11576.134364450143
2022-01-18,11058.261504043128
2022-01-19,10752.74289002228
2022-01-20,10423.462058030038
2022-01-21,10249.957863899532
2022-01-24,10381.217066056262
2022-01-25,9970.085972100977
2022-01-26,10113.793286557466
2022-01-27,9681.919665537513
2022-01-28,9870.511693952285
2022-01-31,10387.630516653398
2022-02-01,10432.135261689458
2022-02-02,10698.42857464326
2022-02-03,10223.931172755018
2022-02-04,10279.377134706745
2022-02-07,10295.595435536006
2022-02-08,10506.441606510372
2022-02-09,10872.309197612863
2022-02-10,10546.799734177832
2022-02-11,10004.788226960327
2022-02-14,9997.999527551805
2022-02-15,10541.897899075624
2022-02-16,10539.633425902504
2022-02-17,10117.18940630329
2022-02-18,10004.788226960327
2022-02-22,9936.141295030651
2022-02-23,9727.936026068503
2022-02-24,10061.742264323855
2022-02-25,10202.05463906223
2022-02-28,10114.169715396562
2022-03-01,9795.074292572523
2022-03-02,10115.68015086378
2022-03-03,9897.668261627941
2022-03-04,9631.37730872956
2022-03-07,9151.9768917114
2022-03-08,9290.025383290507
2022-03-09,9693.611380075954
2022-03-10,9483.898625715856
2022-03-11,9270.78916159608
2022-03-14,9002.989543272042
2022-03-15,9380.172420073877
2022-03-16,9876.92219448015
2022-03-17,9938.781017015157
2022-03-18,10153.398556546736
2022-03-21,10129.635158547631
2022-03-22,10199.414917077722
2022-03-23,9944.438069850976
2022-03-24,10428.365073159956
2022-03-25,10384.988434613475
2022-03-28,10460.426426007092
2022-03-29,10696.920499231459
2022-03-30,10386.497690052985
2022-03-31,10176.029127945425
2022-04-01,10011.200497529755
2022-04-04,10176.406736812229
2022-04-05,9737.36562748924
2022-04-06,9535.949647949466
2022-04-07,9537.457723361269
2022-04-08,9310.770860424445
2022-04-11,9101.434534903445
2022-04-12,9052.40025350729
2022-04-13,9267.393631864112
2022-04-14,8985.261396989416
2022-04-18,9139.152350572545
2022-04-19,9333.779630703795
2022-04-20,9316.805522127068
2022-04-21,9061.45283607508
2022-04-22,8853.623995952024
2022-04-25,9006.7603218154
2022-04-26,8622.788745605041
2022-04-27,8581.298381351018
2022-04-28,9071.25945634877
2022-04-29,8669.55914384193
2022-05-02,8921.894499042606
2022-05-03,8995.06860727696
2022-05-04,9303.604552149118
2022-05-05,8866.826145957686
2022-05-06,8775.92448145456
2022-05-09,8331.602748134848
2022-05-10,8546.974915386183
2022-05-11,8284.831759884106
2022-05-12,8324.058830992715
2022-05-13,8760.459628317345
2022-05-16,8619.01619702012
2022-05-17,9031.278347534257
2022-05-18,8599.780565339546
2022-05-19,8602.043268471103
2022-05-20,8606.191655881265
2022-05-23,8675.2167866916
2022-05-24,8446.266040595514
2022-05-25,8622.03470789914
2022-05-26,8910.202194490312
2022-05-27,9263.622853320752
2022-05-31,9225.15099994575
2022-06-01,9073.522159480324
2022-06-02,9394.128607785437
2022-06-03,9117.275816879755
2022-06-06,9124.819144008035
2022-06-07,9197.615643375582
2022-06-08,9006.006874123354
2022-06-09,8766.495470047677
2022-06-10,8442.11765318535
2022-06-13,7972.901465307686
2022-06-14,8031.3641680968685
2022-06-15,8178.4664222714755
2022-06-16,7693.785971270448
2022-06-17,7756.775850364308
2022-06-21,7976.673423878752
2022-06-22,7864.272834549643
2022-06-23,7823.537098015378
2022-06-24,8153.194948860569
2022-06-27,8126.038381184912
2022-06-28,7921.226871913171
2022-06-29,7781.669124894553
2022-06-30,7684.356369849709
2022-07-01,7392.415744659761
2022-07-05,7431.266976943131
2022-07-06,7481.808743737231
2022-07-07,7827.309646600298
2022-07-08,7869.553458546366
2022-07-11,7680.962020145447
2022-07-12,7677.943509266429
2022-07-13,7738.670095214876
2022-07-14,7901.991240232598
2022-07-15,8101.520355466056
2022-07-18,8041.548397237361
2022-07-19,8408.925243779364
2022-07-20,8606.94746362873
2022-07-21,8751.408225777264
2022-07-22,8553.386595941754
2022-07-25,8500.580355974533
2022-07-26,8372.338484669115
2022-07-27,8764.232176902266
2022-07-28,8871.351552220796
2022-07-29,8945.280288174905
2022-08-01,8963.384273282772
2022-08-02,8944.902089294244
2022-08-03,9158.765591119922
2022-08-04,9251.929368740748
2022-08-05,9188.940079660744
2022-08-08,9030.146110947699
2022-08-09,8652.208606426108
2022-08-10,9002.611344391382
2022-08-11,9000.726250126632
2022-08-12,9254.947289605916
2022-08-15,9296.81526272674
2022-08-16,9191.957410512056
2022-08-17,8994.690998410155
2022-08-18,9120.293147731067
2022-08-19,8863.43120623957
2022-08-22,8554.51824251446
2022-08-23,8609.96479448004
2022-08-24,8604.305971602658
2022-08-25,8893.22867592744
2022-08-26,8398.74101463887
2022-08-29,8242.964376777134
2022-08-30,8148.668362569749
2022-08-31,8093.223580645731
2022-09-01,7916.323856783255
2022-09-02,7838.624342285789
2022-09-06,7751.11761750078
2022-09-07,7874.833492529233
2022-09-08,7981.577619036378
2022-09-09,8179.598068844179
2022-09-12,8199.965347097459
2022-09-13,7711.891136406024
2022-09-14,7795.625312606113
2022-09-15,7656.821603293392
2022-09-16,7691.145659272087
2022-09-19,7741.688016080041
2022-09-20,7634.568640761509
2022-09-21,7570.824723961749
2022-09-22,7361.110199560089
2022-09-23,7255.875328492455
2022-09-26,7171.387114586467
2022-09-27,7225.7020199793415
2022-09-28,7317.733561013609
2022-09-29,7087.2747395057195
2022-09-30,6982.418067318744
2022-10-03,7232.867738240814
2022-10-04,7542.1583108327295
2022-10-05,7616.840494478884
2022-10-06,7564.78888223142
2022-10-07,7113.678449503185
2022-10-10,6876.052139692259
2022-10-11,6659.171897029125
2022-10-12,6619.190788214613
2022-10-13,6821.737824313237
2022-10-14,6530.928845695996
2022-10-17,6685.575017012734
2022-10-18,6687.083092424536
2022-10-19,6741.0209789644605
2022-10-20,6794.580666623727
2022-10-21,7028.812036716536
2022-10-24,7051.065589262274
2022-10-25,7162.710960857775
2022-10-26,7092.554773488587
2022-10-27,7003.917582158582
2022-10-28,7271.339591615815
2022-10-31,7137.063058607775
2022-11-01,7186.474358856877
2022-11-02,6980.532383040138
2022-11-03,6898.682121077093
2022-11-04,7219.28915939606
2022-11-07,7361.864237265991
2022-11-08,7520.658795992891
2022-11-09,7316.225485601807
2022-11-10,8063.801949783101
2022-11-11,8328.207808416733
2022-11-14,8249.377237360417
2022-11-15,8509.25709971708
2022-11-16,8202.983267962623
2022-11-17,8264.841500483777
2022-11-18,8279.929334768043
2022-11-21,8135.090373738848
2022-11-22,8371.58385694936
2022-11-23,8444.380356316908
2022-11-25,8345.181916993459
2022-11-28,8148.291343716798
2022-11-29,8126.038381184912
2022-11-30,8589.595746185198
2022-12-01,8562.061569642738
2022-12-02,8444.380356316908
2022-12-05,8343.672661553948
2022-12-06,8160.738866002703
2022-12-07,8158.8525917102415
2022-12-08,8366.680841819441
2022-12-09,8299.541985301566
2022-12-12,8447.398277182072
2022-12-13,8588.087080759542
2022-12-14,8440.231378892891
2022-12-15,8118.871482895732
2022-12-16,8055.881603801872
2022-12-19,7960.551885321609
2022-12-20,7921.642241666656
2022-12-21,8098.645217953651
2022-12-22,7762.9497553365645
2022-12-23,7762.186867422847
2022-12-27,7623.330646877089
2022-12-28,7526.436801668858
2022-12-29,7772.105000315014
2022-12-30,7741.587123710942
2023-01-03,7682.077736344085
2023-01-04,7877.391202587981
2023-01-05,7736.246908314927
2023-01-06,8074.612183623093
2023-01-09,8250.470533032587
2023-01-10,8357.663070069062
2023-01-11,8455.702722182505
2023-01-12,8582.350376053384
2023-01-13,8613.249401607387
2023-01-17,8664.367611937218
2023-01-18,8610.198439966376
2023-01-19,8399.626035420444
2023-01-20,8672.759378988098
2023-01-23,9081.6979814605
2023-01-24,9017.228937633705
2023-01-25,9026.384182612155
2023-01-26,9188.12763058326
2023-01-27,9127.855355302685
2023-01-30,8909.272332655804
2023-01-31,9044.69467256906
2023-02-01,9471.179697056936
2023-02-02,9673.740893488066
2023-02-03,9495.975029287356
2023-02-06,9338.046020884833
2023-02-07,9618.427684653574
2023-02-08,9429.98079964698
2023-02-09,9467.365257488354
2023-02-10,9308.291032194478
2023-02-13,9448.290699590028
2023-02-14,9651.61596396258
2023-02-15,9651.23481501265
2023-02-16,9389.163051186955
2023-02-17,9260.989621488645
2023-02-21,8979.462740828547
2023-02-22,8935.594030727509
2023-02-23,9252.214935446269
2023-02-24,9087.038196856514
2023-02-27,9127.855355302685
2023-02-28,9132.432682784984
2023-03-01,9138.53637610857
2023-03-02,9219.408395101049
2023-03-03,9344.53086315835
2023-03-06,9261.370180424721
2023-03-07,9157.991492942972
2023-03-08,9397.556588279398
2023-03-09,9217.50088030983
2023-03-10,9068.345967935828
2023-03-13,9062.242274612243
2023-03-14,9333.468103388679
2023-03-15,9228.5636400795
2023-03-16,9597.828530955523
2023-03-17,9549.000754408404
2023-03-20,9645.130531675211
2023-03-21,9675.648998293138
2023-03-22,9613.468618207491
2023-03-23,9869.054949745816
2023-03-24,9713.032866120657
2023-03-27,9599.735455732887
2023-03-28,9532.977748164942
2023-03-29,9829.76238709937
2023-03-30,9970.526122436346
2023-03-31,10039.953052681516
2023-04-03,9982.734689111225
2023-04-04,9829.38182816329
2023-04-05,9657.337918322382
2023-04-06,9628.345817545744
2023-04-10,9774.068029314947
2023-04-11,9722.188111099109
2023-04-12,9549.381903358335
2023-04-13,9626.43889276838
2023-04-14,9616.139610926279
2023-04-17,9609.272439675125
2023-04-18,9652.378851876298
2023-04-19,9560.826402091789
2023-04-20,9571.507422897674
2023-04-21,9473.468360798086
2023-04-24,9422.733069459748
2023-04-25,9124.040325720249
2023-04-26,9187.746481633327
2023-04-27,9276.629118726756
2023-04-28,9431.888314438198
2023-05-01,9503.986237402158
2023-05-02,9421.588442582246
2023-05-03,9324.312858410229
2023-05-04,9293.03327392015
2023-05-05,9489.490777027693
2023-05-08,9542.133583157249
2023-05-09,9394.88559556061
2023-05-10,9471.179697056936
2023-05-11,9387.256126409591
2023-05-12,9376.57510560371
2023-05-15,9622.24271423601
2023-05-16,9619.954050494862
2023-05-17,9880.11711950163
2023-05-18,10226.494192938455
2023-05-19,10170.036947240316
2023-05-22,10161.644590175583
2023-05-23,10015.158310464953
2023-05-24,9867.911502896024
2023-05-25,10716.304814403336
2023-05-26,11242.735235754311
2023-05-30,11296.904407725155
2023-05-31,11011.561907468766
2023-06-01,11177.12097503616
2023-06-02,11149.654650086954
2023-06-05,11010.036131641333
2023-06-06,11087.857779006656
2023-06-07,11024.532772043507
2023-06-08,11151.943903841957
2023-06-09,11203.060344130225
2023-06-12,11534.178479265014
2023-06-13,11693.634443522678
2023-06-14,11871.399717709533
2023-06-15,11785.950371234756
2023-06-16,11702.027980615121
2023-06-20,11660.827313163602
2023-06-21,11393.797662919533
2023-06-22,11450.25490861767
2023-06-23,11255.704920301345
2023-06-26,11203.825002085505
2023-06-27,11559.355550459217
2023-06-28,11454.832236099968
2023-06-29,11438.047521970499
2023-06-30,11615.813976185063
2023-07-03,11718.812694744589
2023-07-05,11497.557499351211
2023-07-06,11360.991712588166
2023-07-07,11371.672143380194
2023-07-10,11532.653883465291
2023-07-11,11544.860090084752
2023-07-12,11787.476147062189
2023-07-13,12070.529393563575
2023-07-14,11970.582226658915
2023-07-17,12193.362017852018
2023-07-18,12226.931446110955
2023-07-19,12098.756836384935
2023-07-20,11670.74544605577
2023-07-21,11733.306975091346
2023-07-24,11743.225107983513
2023-07-25,11931.671992990108
2023-07-26,11801.208129509085
2023-07-27,12013.307489910158
2023-07-28,12245.241936067856
2023-07-31,12254.397771060161
2023-08-01,12247.531189822861
2023-08-02,11798.156577854219
2023-08-03,11763.824851695419
2023-08-04,11768.402179177718
2023-08-07,11895.052193104013
2023-08-08,11698.975248932547
2023-08-09,11467.040802774847
2023-08-10,11441.862551552935
2023-08-11,11154.99663552453
2023-08-14,11494.505947696345
2023-08-15,11356.413205078157
2023-08-16,11177.12097503616
2023-08-17,11101.58976145355
2023-08-18,11148.892352187091
2023-08-21,11523.496868445276
2023-08-22,11408.293123293997
2023-08-23,11655.487687781442
2023-08-24,11354.126311378572
2023-08-25,11374.72369503506
2023-08-28,11515.104511380541
2023-08-29,11810.365144529098
2023-08-30,11870.636239781963
2023-08-31,11918.702308443075
2023-09-01,11917.940010543212
2023-09-05,11946.167453364573
2023-09-06,11807.312412846524
2023-09-07,11545.622387984615
2023-09-08,11473.143906084579
2023-09-11,11481.536263149314
2023-09-12,11395.323438746964
2023-09-13,11487.640546486753
2023-09-14,11550.200895494621
2023-09-15,11200.772270402931
2023-09-18,11238.157908272013
2023-09-19,11141.263473049929
2023-09-20,10958.157393453203
2023-09-21,10739.191451814828
2023-09-22,10830.745081627045
2023-09-25,10907.039773137225
2023-09-26,10734.61412433253
2023-09-27,10833.034335382048
2023-09-28,11008.5103558139
2023-09-29,11061.15375195731
2023-10-02,11156.521231324255
2023-10-03,10908.565548964658
2023-10-04,11078.70194401435
2023-10-05,11078.70194401435
2023-10-06,11318.266449336921
2023-10-09,11289.274348560282
2023-10-10,11428.892867005903
2023-10-11,11552.488969221917
2023-10-12,11611.235468675057
2023-10-13,11320.554523064216
2023-10-16,11451.017206517532
2023-10-17,11315.977195581918
2023-10-18,11089.383554834088
2023-10-19,11013.851161223769
2023-10-20,10841.42787247449
2023-10-23,10879.574628215727
2023-10-24,11006.984579986467
2023-10-25,10580.498965484734
2023-10-26,10487.421919900502
2023-10-27,10552.271522663374
2023-10-30,10525.56749561403
2023-10-31,10601.09870919664
2023-11-01,10865.07916784126
2023-11-02,11146.604278459796
2023-11-03,11406.767347466564
2023-11-06,11440.336775725502
2023-11-07,11512.054139753385
2023-11-08,11553.251267121777
2023-11-09,11532.653883465291
2023-11-10,11999.575507463263
2023-11-13,11926.332367607947
2023-11-14,12290.255273046394
2023-11-15,12299.412288066409
2023-11-16,12345.187922944808
2023-11-17,12403.172124498087
2023-11-20,12580.937398684944
2023-11-21,12395.542065333215
2023-11-22,12368.83803828387
2023-11-24,12341.372893362372
2023-11-27,12333.744014225209
2023-11-28,12262.788948097188
2023-11-29,12375.704619521171
2023-11-30,12243.716160240423
2023-12-01,12293.30800472897
2023-12-04,12114.015774686972
2023-12-05,12114.015774686972
2023-12-06,12016.359041565023
2023-12-07,12291.018750973964
2023-12-08,12396.305543260785
2023-12-11,12693.853070108928
2023-12-12,12828.13078314468
2023-12-13,12979.193210309899
2023-12-14,13218.757715632471
2023-12-15,13281.31806464034
2023-12-18,13304.576410780091
2023-12-19,13349.094136120948
2023-12-20,12977.603712986192
2023-12-21,13298.43554658368
2023-12-22,13299.970762632784
2023-12-26,13483.413150126506
2023-12-27,13497.997112579129
2023-12-28,13494.927860508631
2023-12-29,13422.010408300936
2024-01-02,12969.160614729983
2024-01-03,12738.897087807893
2024-01-04,12663.678581568105
2024-01-05,12747.341366091814
2024-01-08,13198.655943613665
2024-01-09,13233.962372659904
2024-01-10,13246.242921025017
2024-01-11,13321.461427264805
2024-01-12,13274.641467864149
2024-01-16,13485.715384186306
2024-01-17,13404.357193777816
2024-01-18,13839.552592797942
2024-01-19,14366.853874597988
2024-01-22,14433.63046260927
2024-01-23,14507.313752799955
2024-01-24,14765.208808550477
2024-01-25,14765.208808550477
2024-01-26,14450.5178391494
2024-01-29,14620.1432822012
2024-01-30,14475.07775585192
2024-01-31,14266.306073589563
2024-02-01,14396.788817513927
2024-02-02,14676.94155590717
2024-02-05,14963.23515849682
2024-02-06,14793.608535417314
2024-02-07,15092.181506344376
2024-02-08,15307.092872775434
2024-02-09,15646.348478989867
2024-02-12,15585.711575147283
2024-02-13,15297.11573849783
2024-02-14,15604.132987708808
2024-02-15,15551.940362150146
2024-02-16,15485.162594111152
2024-02-20,15180.448758987683
2024-02-21,15082.971390077468
2024-02-22,16113.012856947327
2024-02-23,16012.465055938908
2024-02-26,16145.25003392307
2024-02-27,16098.430074522415
2024-02-28,15919.593335175998
2024-02-29,16268.05669760192
2024-03-01,16927.37475934772
2024-03-04,17199.852597523157
2024-03-05,16936.58605564234
2024-03-06,17373.317850739277
2024-03-07,17973.535404719307
2024-03-08,17268.932599621952
2024-03-11,16961.147152372567
2024-03-12,17497.65855043952
2024-03-13,17151.498602101106
2024-03-14,16844.48135289013
2024-03-15,16720.139473162177
2024-03-18,16753.910686159314
2024-03-19,16717.06904106397
2024-03-20,16984.940051064386
2024-03-21,17370.24741864107
2024-03-22,17472.330435698594
2024-03-25,17429.347926406837
2024-03-26,17267.39620354514
2024-03-27,17261.25533934873
2024-03-28,17268.932599621952
2024-04-01,17495.356316379723
2024-04-02,17270.466635643344
2024-04-03,17339.54545771443
2024-04-04,16877.485547876568
2024-04-05,17088.559464198726
2024-04-08,17120.795461146758
2024-04-09,17200.620795561565
2024-04-10,17050.94844103727
2024-04-11,17447.001140929962
2024-04-12,16938.12009166373
2024-04-15,16683.296648039126
2024-04-16,16821.454292181297
2024-04-17,16302.594928609755
2024-04-18,16013.233253977314
2024-04-19,15290.20903631843
2024-04-22,15582.641143049079
2024-04-23,15949.527098064233
2024-04-24,15967.947330598046
2024-04-25,16287.24512817414
2024-04-26,16704.787312671146
2024-04-29,16761.586766404827
2024-04-30,16432.31065452342
2024-05-01,15953.364548173135
2024-05-02,16274.19756179833
2024-05-03,16711.696374905965
2024-05-06,17090.861698258526
2024-05-07,16941.958721800343
2024-05-08,16993.3831493206
2024-05-09,16884.392250055967
2024-05-10,17139.218053735993
2024-05-13,17136.14644161008
2024-05-14,17429.347926406837
2024-05-15,17952.81175809798
2024-05-16,17822.329014173618
2024-05-17,17672.65901970474
2024-05-20,18037.24156063239
2024-05-21,18011.912265863753
2024-05-22,18159.28002627283
2024-05-23,18407.19676771804
2024-05-24,18747.985229926155
2024-05-28,19175.505728728476
2024-05-29,18854.67271510328
2024-05-30,18595.24480335907
2024-05-31,18457.854177227597
2024-06-03,18688.11652412198
2024-06-04,18620.5740981277
2024-06-05,19527.040703280305
2024-06-06,19373.53325870253
2024-06-07,19358.1810982115
2024-06-10,19638.333836604743
2024-06-11,19609.168271754912
2024-06-12,20193.26664723322
2024-06-13,20509.495192738814
2024-06-14,20561.687818297476
2024-06-17,20913.98981086001
2024-06-18,21242.49772470301
2024-06-20,20640.744954673875
2024-06-21,20331.424291375388
2024-06-24,19632.19415243604
2024-06-25,20091.9518282141
2024-06-26,20025.943438241222
2024-06-27,19868.59618349912
2024-06-28,20009.824259739496
2024-07-01,20033.620698514445
2024-07-02,20234.71394047587
2024-07-03,20694.47397630935
2024-07-05,20702.146516471737
2024-07-08,21046.773608816464
2024-07-09,21092.825370178714
2024-07-10,21588.656493013714
2024-07-11,20801.927299469462
2024-07-12,21065.1962014057
2024-07-15,21017.608043966637
2024-07-16,21008.39674767202
2024-07-17,19512.457920855395
2024-07-18,19613.772739874512
2024-07-19,19045.792362870223
2024-07-22,19781.09712889422
2024-07-23,19561.58011431585
2024-07-24,18496.231038372043
2024-07-25,18156.97779221303
2024-07-26,18444.806610851785
2024-07-29,18313.556848916724
2024-07-30,17612.79031390056
2024-07-31,18957.525110226918
2024-08-01,17730.991329432105
2024-08-02,16765.42421651373
2024-08-05,16372.44194871924
2024-08-06,16690.97272828464
2024-08-07,16231.213872478871
2024-08-08,17262.79173542554
2024-08-09,17258.18608727823
2024-08-12,17420.13899016764
2024-08-13,18128.579245373898
2024-08-14,18143.929045809513
2024-08-15,18909.936952787855
2024-08-16,18936.034445594898
2024-08-19,19291.404510200213
2024-08-20,19039.65149867381
2024-08-21,19236.91083060946
2024-08-22,18606.758333713486
2024-08-23,19064.980793442446
2024-08-26,18618.27068404019
2024-08-27,18805.55052164282
2024-08-28,18489.324336192643
2024-08-29,18260.596025319657
2024-08-30,18686.582488100583
2024-09-03,17284.282400057564
2024-09-04,17242.835106814913
2024-09-05,17212.90016389897
2024-09-06,16502.157674632912
2024-09-09,16875.182133789058
2024-09-10,17034.83162259096
2024-09-11,17914.43371692583
2024-09-12,17952.81175809798
2024-09-13,18183.842303030768
2024-09-16,17945.136857880174
2024-09-17,17938.995993683766
2024-09-18,17734.829959568717
2024-09-19,18504.674136628255
2024-09-20,18259.82900730896
2024-09-23,18340.420179706754
2024-09-24,18681.975659925567
2024-09-25,18846.229616847068
2024-09-26,19389.650077148835
2024-09-27,19015.090401943584
2024-09-30,18839.322914667664
2024-10-01,18335.047513548747
2024-10-02,18599.082253467972
2024-10-03,18770.24527262429
2024-10-04,19021.231266139996
2024-10-07,19051.933227066635
2024-10-08,19381.97517693103
2024-10-09,19583.83897698628
2024-10-10,19545.460935814124
2024-10-11,19702.04117254553
2024-10-14,20054.34198508035
2024-10-15,18970.57267660273
2024-10-16,18982.85440499555
2024-10-17,19309.827102789448
2024-10-18,19304.45325660373
2024-10-21,19406.53627366126
2024-10-22,19318.26902101795
2024-10-23,19112.5677708538
2024-10-24,19193.160123279304
2024-10-25,19415.747569955874
2024-10-28,19281.42855595032
2024-10-29,19719.69320704094
2024-10-30,19240.745920662943
2024-10-31,18549.95887997981
2024-11-01,18785.595073059903
2024-11-04,18748.753427964562
2024-11-05,19058.839929246034
2024-11-06,19557.74266420695
2024-11-07,20034.385356469724
2024-11-08,19905.439008622172
2024-11-11,19459.497097258325
2024-11-12,19331.31776742147
2024-11-13,19006.648483715082
2024-11-14,19048.86161494072
2024-11-15,18417.175082023354
2024-11-18,18539.213547663796
2024-11-19,18741.844365729743
2024-11-20,18615.967269952685
2024-11-21,18889.214486194236
2024-11-22,18775.61557872688
2024-11-25,18701.933468563904
2024-11-26,18530.003431396886
2024-11-27,18286.692338098987
2024-11-29,18584.49947104306
2024-12-02,19025.06753622119
2024-12-03,19067.28302750225
2024-12-04,19390.418275187243
2024-12-05,19058.071731207627
2024-12-06,19081.86580992716
2024-12-09,18886.91107210673
2024-12-10,18411.802415865346
2024-12-11,18862.3499753765
2024-12-12,18679.674605893473
2024-12-13,19149.409415949143
2024-12-16,19438.005252598596
2024-12-17,19185.485223061496
2024-12-18,18573.754138727047
2024-12-19,18334.279315510343
2024-12-20,18629.017196383917
2024-12-23,19213.468400147143
2024-12-24,19379.220992258775
2024-12-26,19345.299915742627
2024-12-27,19150.250775705492
2024-12-30,18861.918085235095
2024-12-31,18669.95235760096
2025-01-02,18871.94006056563
2025-01-03,19418.54069554252
2025-01-06,20062.278851449504
2025-01-07,19585.062665720267
2025-01-08,19445.522029103427
2025-01-10,19056.195487150693
2025-01-13,18860.375789019738
2025-01-14,18922.05229727374
2025-01-15,19366.887342646765
2025-01-16,19450.147737721785
2025-01-17,19909.630467043706
2025-01-21,20228.80200165496
2025-01-22,20597.315214880502
2025-01-23,20572.64319554565
2025-01-24,20162.500964810308
2025-01-27,18179.631964165892
2025-01-28,18537.350283911655
2025-01-29,18466.423538448646
2025-01-30,18901.236608491134
2025-01-31,18781.73992253537
2025-02-03,18408.60336074689
2025-02-04,18615.987330423737
2025-02-05,19053.11207474769
2025-02-06,19146.396805208668
2025-02-07,18888.130040729884
2025-02-10,19244.30606426029
2025-02-11,19263.579456827545
2025-02-12,19158.731634848384
2025-02-13,19421.622927917815
2025-02-14,19472.50572271975
2025-02-18,19753.12929216879
2025-02-19,19839.475459702226
2025-02-20,19874.93765240602
2025-02-21,19272.832054091967
2025-02-24,18766.32050046494
2025-02-25,18367.742541275493
2025-02-26,18797.159344605796
2025-02-27,17638.428775928893
2025-02-28,17945.26548090043
2025-03-03,17192.824352489755
2025-03-04,17363.97321131357
2025-03-05,17685.456420206294
2025-03-06,16943.809005247687
2025-03-07,17353.180677889206
2025-03-10,16539.063041224526
2025-03-11,16515.163940038914
2025-03-12,17000.859804883334
2025-03-13,16926.07790889579
2025-03-14,17467.28109713279
2025-03-17,17651.536523717852
2025-03-18,17378.62207529017
2025-03-19,17532.039837762088
2025-03-20,17504.28558605194
2025-03-21,17328.51101860977
2025-03-24,17780.283446882622
2025-03-25,17704.730992801255
2025-03-26,17115.72960219303
2025-03-27,16787.307830372767
2025-03-28,16357.120468948642
2025-03-31,16303.154261743708
2025-04-01,16381.791308255786
2025-04-02,16505.141964708375
2025-04-03,15077.354458183749
2025-04-04,13938.669020195628
2025-04-07,14254.755962376175
2025-04-08,13873.138541444801
2025-04-09,16253.814943184838
2025-04-10,15126.694956770325
2025-04-11,15519.875469219884
2025-04-14,15543.00401231167
2025-04-15,15643.997863794006
2025-04-16,14983.299169628948
2025-04-17,14842.986794890576
2025-04-21,14480.642766526455
2025-04-22,14794.416854397821
2025-04-23,15334.849484540999
2025-04-24,16110.41915604346
2025-04-25,16341.702226905925
2025-04-28,16239.936637302058
2025-04-29,16212.182385591914
2025-04-30,16288.506577794811
2025-05-01,16367.14362430689
2025-05-02,16885.988827545927
2025-05-05,16776.5141169207
2025-05-06,16620.783500139605
2025-05-07,16962.31183972112
2025-05-08,17111.103893574673
2025-05-09,17222.890278481373
2025-05-12,18302.98380064619
2025-05-13,18931.302534482747
2025-05-14,19118.64255349852
2025-05-15,19052.34151665387
2025-05-16,18997.60475135511
2025-05-19,18965.99534912043
2025-05-20,18929.76023826739
2025-05-21,18615.987330423737
2025-05-22,18565.104535621802
2025-05-23,18305.29665495537
2025-05-27,18885.817186420707
2025-05-28,18684.601221577566
2025-05-29,18817.203295266874
2025-05-30,18483.384076706723
2025-06-02,18757.070263255933
2025-06-03,19180.317881724815
2025-06-04,19408.51754018427
2025-06-05,19373.824725546594
2025-06-06,19484.069994265643
2025-06-09,19810.177731749016
2025-06-10,20204.132342375524
2025-06-11,20189.48347839892
2025-06-12,20287.392737450544
2025-06-13,19812.490586058197
2025-06-16,20305.126193857857
2025-06-17,20167.126673428666
2025-06-18,20244.220243697677
2025-06-20,20065.3610838248
2025-06-23,20192.56807082963
2025-06-24,20934.215485788238
2025-06-25,21216.38135145263
2025-06-26,21370.570852046076
2025-06-27,21464.626140600874
2025-06-30,21500.088333304673
2025-07-01,21265.7206700115
2025-07-02,21682.80146367438
2025-07-03,21865.5169540995
2025-07-07,21567.93284639239
2025-07-08,21854.724420675142
2025-07-09,22004.28821265023
2025-07-10,22166.18329418191
2025-07-11,22163.87043987273
2025-07-14,21996.57791160116
2025-07-15,22419.05379194851
2025-07-16,22301.869960301927
2025-07-17,22489.20879928999
2025-07-18,22381.27874493554
2025-07-21,22396.696986978255
2025-07-22,22000.431882097986
2025-07-23,22096.028286840432
2025-07-24,22187.77072108605
2025-07-25,22163.87043987273
2025-07-28,22466.08261625362
2025-07-29,22580.95123353561
2025-07-30,22839.990916163635
2025-07-31,22263.323175167418
2025-08-01,21890.95835150047
2025-08-04,22372.027327698823
2025-08-05,22133.805693908824
2025-08-06,22096.800024961965
2025-08-07,22443.723451227946
2025-08-08,22629.521174028363
2025-08-11,22619.498018670118
2025-08-12,23136.031547627685
2025-08-13,23227.00460380719
2025-08-14,23276.343922366057
2025-08-15,22792.962091858524
2025-08-18,22886.245642291793
2025-08-19,22424.4512386884
2025-08-20,22277.20030102249
2025-08-21,22161.55758556355
2025-08-22,22638.003213198965
2025-08-25,22659.590640103106
2025-08-26,22877.765963176607
2025-08-27,22947.920970518087
2025-08-28,23041.976259072886
2025-08-29,22379.73762874789
2025-09-02,22086.007491537603
2025-09-03,22082.15116098536
2025-09-04,22346.583570242437
2025-09-05,22610.248961488818
2025-09-08,22860.032506769294
2025-09-09,22959.48524206398
2025-09-10,23192.309429114088
2025-09-11,23431.302801025617
2025-09-12,23461.37226710036
2025-09-15,23681.091066416928
2025-09-16,23684.17329879222
2025-09-17,23533.068390629483
2025-09-18,24436.615607230604
2025-09-19,24339.475726245095
2025-09-22,24837.50642072923
2025-09-23,24801.272489903906
2025-09-24,24755.784781786442
2025-09-25,24751.930811289618
2025-09-26,24810.523907140618
2025-09-29,24875.281467742207
2025-09-30,25160.529565781897
2025-10-01,25725.633035232215
2025-10-02,26076.412792050443
2025-10-03,25956.144367973146
2025-10-06,26472.677896930712
2025-10-07,25984.670357804822
2025-10-08,26680.06304663527
2025-10-09,26613.7596497352
2025-10-10,25081.894879325235
2025-10-13,26192.824885575497
2025-10-14,25710.986531311028
2025-10-15,26349.32724047812
2025-10-16,26466.50871206929
2025-10-17,26430.274781243963
2025-10-20,26768.720888450178
2025-10-21,26620.698212662737
2025-10-22,26104.167043760586
2025-10-23,26582.151427528228
2025-10-24,27070.933064831068
2025-10-27,27749.361675320313
2025-10-28,27993.750133916317
2025-10-29,28417.76949050673
2025-10-30,28041.55069634295
2025-10-31,27986.81157098878
2025-11-03,28224.263826712664
2025-11-04,27195.824837471304
2025-11-05,27715.440598804165
2025-11-06,27067.076734278824
2025-11-07,26838.106517725544
2025-11-10,27660.703833505406
2025-11-11,27063.992141848114
2025-11-12,27409.37445192645
2025-11-13,26583.694903771295
2025-11-14,26596.03091343872
2025-11-17,26235.225641206827
2025-11-18,25694.796551146777
2025-11-19,26168.926964417595
2025-11-20,25063.392044851804
2025-11-21,25142.800829485415
2025-11-24,26144.254945082743
2025-11-25,26212.87119629199
2025-11-26,26806.495935463154
2025-11-28,27158.819168524446
2025-12-01,27211.243079514024
2025-12-02,27710.043152064274
2025-12-03,28090.890014901826
2025-12-04,27877.338040391267
2025-12-05,28094.746345454067
2025-12-08,28413.14378188837
2025-12-09,28447.836596526056
2025-12-10,28841.01946903103
2025-12-11,28593.54641800432
2025-12-12,27300.672659450465
2025-12-15,27206.617370895667
2025-12-16,27132.606033001946
2025-12-17,26153.50636231946
2025-12-18,26771.03374275936
2025-12-19,27463.341839159093
2025-12-22,27817.147187022594
2025-12-23,28084.72319009582
2025-12-24,28162.831584194373
2025-12-26,28293.524373050896
2025-12-29,28165.923256791335
2025-12-30,28096.322862472978
2025-12-31,27850.400367855582
2026-01-02,28868.89172351205
2026-01-05,29200.656513831244
2026-01-06,29976.3194075227
2026-01-07,29775.249766115452
2026-01-08,29308.15231798887
2026-01-09,30100.05475300835
2026-01-12,30211.41632793989
2026-01-13,30278.696787782817
2026-01-14,30032.77429316542
2026-01-15,30656.088529489105
2026-01-16,30963.879876877032
2026-01-20,30190.536917661007
2026-01-21,31082.972993356405
2026-01-22,31151.80164955322
2026-01-23,30940.678172067303
2026-01-26,30842.46446586681
2026-01-27,31494.392014072626
2026-01-28,32219.788087426125
2026-01-29,32288.614383567532
2026-01-30,31201.294371714233
2026-02-02,31550.072801538397
2026-02-03,30754.302235689593
2026-02-04,29543.246878350645
2026-02-05,29469.780713258366
2026-02-06,31061.319484900567
2026-02-09,31447.99096450858
2026-02-10,31301.83037244557
2026-02-11,32076.719167960076
2026-02-12,31406.229783895396
2026-02-13,31530.739227557995
2026-02-17,31514.499686229974
2026-02-18,31904.26283843495
2026-02-19,31722.529131063526
2026-02-20,32096.052741940475
2026-02-23,31929.784477720114
2026-02-24,32415.443761705563
2026-02-25,32956.78383315678
2026-02-26,31862.50401787719
2026-02-27,31426.337456052748
2026-03-02,31427.885652406647
2026-03-03,30242.34957429745
2026-03-04,30864.11797432265
2026-03-05,30574.11436461664
2026-03-06,29430.339467120622
2026-03-09,30498.32590499352
2026-03-10,30727.234760105945
2026-03-11,31013.37259903804
2026-03-12,30015.76065366045
2026-03-13,29953.89180088992
2026-03-16,30463.526887862048
2026-03-17,30692.435742974474
2026-03-18,30444.193313881646
2026-03-19,30540.86118378365
2026-03-20,29753.596257659618
2026-03-23,30265.548919051762
2026-03-24,30515.33954449849
2026-03-25,30857.929909017887
2026-03-26,29451.992975576453
2026-03-27,28942.36024865974
2026-03-30,28036.002206056342
2026-03-31,29649.968584331324
2026-04-01,30312.724066792754
2026-04-02,30339.791542376395
2026-04-06,30622.835348656114
2026-04-07,30925.984467037764
2026-04-08,32706.22146958852
2026-04-09,33277.72068922035
2026-04-10,33785.807579838576
2026-04-13,34285.38647067661
2026-04-14,34955.10175656434
2026-04-15,35032.436052485944
2026-04-16,35171.63684112265
2026-04-17,35895.48707817768
2026-04-20,35880.019274971186
2026-04-21,35934.154226138475
2026-04-22,36875.311285873344
2026-04-23,37263.530961835255
2026-04-24,39165.181015340815
2026-04-27,39151.26140848822
2026-04-28,37987.378838834855
2026-04-29,38634.666518089805
2026-04-30,39186.83452379664
2026-05-01,39426.57131316469
2026-05-04,39192.24849092446
2026-05-05,40421.86332406686
2026-05-06,42515.30328107793
2026-05-07,41768.25133921319
2026-05-08,43812.97031218479
2026-05-11,44568.52789377431
2026-05-12,43403.87358599941
2026-05-13,44270.792742520476
2026-05-14,44725.51878014837
2026-05-15,43024.164269873116
2026-05-18,42236.89698369367
2026-05-19,42066.76530875481
2026-05-20,43667.58145824331
2026-05-21,43916.600345568506
2026-05-22,44569.301991951266
2026-05-26,46566.07407906034
2026-05-27,46052.5732213143
2026-05-28,46387.43204428587
2026-05-29,46317.82928991209
2026-06-01,47004.558215304794
2026-06-02,48891.51692383623
2026-06-03,49331.54925643458
2026-06-04,48529.59298533643
2026-06-05,44056.57523238217
2026-06-08,46258.280371616995
2026-06-09,45705.34298784404
2026-06-10,44150.920807753326
2026-06-11,47131.38759344282
2026-06-12,47944.1717987966
2026-06-15,50043.02100282466
2026-06-16,47637.92628770715
2026-06-17,48254.27836054912
2026-06-18,51031.35557035594
2026-06-22,51729.681808070374
2026-06-23,48105.79783401068
2026-06-24,47863.7411101672
2026-06-25,49252.666764159076
2026-06-26,47298.42759578471
2026-06-29,48873.72682609889
2026-06-30,50722.792484846475
2026-07-01,47982.8389467574
2026-07-02,45804.328432166054
2026-07-06,46733.11408140224
2026-07-07,44966.02730763795
2026-07-08,45859.237481510296
2026-07-09,46998.37015000003
2026-07-10,47253.577102629984
