Date,Close
2010-01-04,2.6714171220839105
2010-01-05,2.688355994424824
2010-01-06,2.676973664977856
2010-01-07,2.624503925656081
2010-01-08,2.6429973135974487
2010-01-11,2.61444672905456
2010-01-12,2.533917221583329
2010-01-13,2.5640351490955915
2010-01-14,2.5679840705072405
2010-01-15,2.5098223601693195
2010-01-19,2.5388462707269337
2010-01-20,2.5084110424025656
2010-01-21,2.4884975083707306
2010-01-22,2.351124415287137
2010-01-25,2.3735035727793243
2010-01-26,2.3685373124248073
2010-01-27,2.385664888583072
2010-01-28,2.348191681327568
2010-01-29,2.275312756006142
2010-02-01,2.3399711370049636
2010-02-02,2.346730225554332
2010-02-03,2.343528861065244
2010-02-04,2.245932846143472
2010-02-05,2.262430413631827
2010-02-08,2.267392302334626
2010-02-09,2.2801569021062162
2010-02-10,2.268956419460108
2010-02-11,2.3073651612034274
2010-02-12,2.3044280786092344
2010-02-16,2.3459244135662627
2010-02-17,2.355038663974298
2010-02-18,2.339299010583228
2010-02-19,2.338051972383651
2010-02-22,2.3352923430227364
2010-02-23,2.297175071846311
2010-02-24,2.339251469136199
2010-02-25,2.3307524645812006
2010-02-26,2.329470323474905
2010-03-01,2.3972038432253147
2010-03-02,2.4032679261679495
2010-03-03,2.397120795000906
2010-03-04,2.4133037761049856
2010-03-05,2.4497545421958793
2010-03-08,2.452227196983732
2010-03-09,2.46032640614577
2010-03-10,2.5118325475546457
2010-03-11,2.515635304422851
2010-03-12,2.5123525063659833
2010-03-15,2.4808902312589165
2010-03-16,2.537619543598504
2010-03-17,2.57753519659794
2010-03-18,2.54464129162955
2010-03-19,2.5123157371746734
2010-03-22,2.5373770796986808
2010-03-23,2.564628372204311
2010-03-24,2.5318555980270196
2010-03-25,2.5347216116884725
2010-03-26,2.5371753729735795
2010-03-29,2.561413823347492
2010-03-30,2.5832152842287543
2010-03-31,2.559606985510176
2010-04-01,2.554944327711573
2010-04-05,2.584942953364877
2010-04-06,2.565540558921969
2010-04-07,2.5862138084509834
2010-04-08,2.566455197202807
2010-04-09,2.5721461908425014
2010-04-12,2.589647392679827
2010-04-13,2.616395432473175
2010-04-14,2.704250041163545
2010-04-15,2.721196134419857
2010-04-16,2.635467614963713
2010-04-19,2.6247236870775645
2010-04-20,2.649699215096201
2010-04-21,2.628125314702549
2010-04-22,2.6345510235621417
2010-04-23,2.620478479406716
2010-04-26,2.6307125756170855
2010-04-27,2.550683774376476
2010-04-28,2.544129610757226
2010-04-29,2.5720377557888976
2010-04-30,2.471731942706003
2010-05-03,2.516321666991125
2010-05-04,2.3989769246795456
2010-05-05,2.3665882769074633
2010-05-06,2.298502046908588
2010-05-07,2.284055715481435
2010-05-10,2.4066374505722403
2010-05-11,2.3820825667222527
2010-05-12,2.4303070070262494
2010-05-13,2.4173317707140742
2010-05-14,2.326941954692004
2010-05-17,2.346706578138349
2010-05-18,2.2925206143980135
2010-05-19,2.289479771342663
2010-05-20,2.228536756336392
2010-05-21,2.24826329501834
2010-05-24,2.2053773297444548
2010-05-25,2.208574140018619
2010-05-26,2.2046089438549483
2010-05-27,2.3302391824399336
2010-05-28,2.2784860928195143
2010-06-01,2.23248253683989
2010-06-02,2.304601088021288
2010-06-03,2.328970776428326
2010-06-04,2.2370042562239005
2010-06-07,2.169576314968418
2010-06-08,2.176605656999291
2010-06-09,2.154704035756384
2010-06-10,2.2202009939018663
2010-06-11,2.2475435165380584
2010-06-14,2.2367389334854297
2010-06-15,2.34784601604295
2010-06-16,2.367412829491481
2010-06-17,2.3851376900771513
2010-06-18,2.3786792585720278
2010-06-21,2.359728624887178
2010-06-22,2.305579693987921
2010-06-23,2.3124642944349585
2010-06-24,2.2374526778961337
2010-06-25,2.2290275833915256
2010-06-28,2.250147700800553
2010-06-29,2.1211124826688215
2010-06-30,2.0928729763318006
2010-07-01,2.1010043443211988
2010-07-02,2.0873659125333037
2010-07-06,2.0937737544136663
2010-07-07,2.173668843336737
2010-07-08,2.1667386205151593
2010-07-09,2.173036932691049
2010-07-12,2.1902986847715162
2010-07-13,2.234827912580479
2010-07-14,2.238576442439147
2010-07-15,2.236615912647781
2010-07-16,2.149993321263512
2010-07-19,2.1900536653420892
2010-07-20,2.220143808363313
2010-07-21,2.174742339753655
2010-07-22,2.239931786995109
2010-07-23,2.2472619078159477
2010-07-26,2.2695303920474745
2010-07-27,2.263459569188659
2010-07-28,2.221259698108936
2010-07-29,2.1596477535863734
2010-07-30,2.1262845708454634
2010-08-02,2.1621886500301826
2010-08-03,2.1362747569547
2010-08-04,2.169474810744249
2010-08-05,2.1732657629887364
2010-08-06,2.159988071497881
2010-08-09,2.168295588564752
2010-08-10,2.1056960262887237
2010-08-11,2.030450399477711
2010-08-12,2.0430236318428854
2010-08-13,2.035992468525533
2010-08-16,2.037767435009609
2010-08-17,2.058978929197202
2010-08-18,2.0605925427831266
2010-08-19,2.039276400204931
2010-08-20,2.0262647449380906
2010-08-23,2.028461682405786
2010-08-24,1.9893870462898873
2010-08-25,2.003783601797675
2010-08-26,1.9753920699041114
2010-08-27,2.004770426013367
2010-08-30,1.9485373059464879
2010-08-31,1.9271701669244041
2010-09-01,1.9752553308348466
2010-09-02,1.9903086538930665
2010-09-03,2.0322647018473967
2010-09-07,1.9959805881434454
2010-09-08,1.9927658818995675
2010-09-09,1.9956006447506462
2010-09-10,1.9625622352053154
2010-09-13,2.050440211243925
2010-09-14,2.0723917627315234
2010-09-15,2.047807161341465
2010-09-16,2.0584611328851268
2010-09-17,2.0589555086531037
2010-09-20,2.0972011544666196
2010-09-21,2.111683740313842
2010-09-22,2.1039485885751525
2010-09-23,2.1141862737082118
2010-09-24,2.1972549368888643
2010-09-27,2.19480850159271
2010-09-28,2.203867091766015
2010-09-29,2.224174572209906
2010-09-30,2.205203009217671
2010-10-01,2.200719529453087
2010-10-04,2.166044325049607
2010-10-05,2.1907001631556846
2010-10-06,2.164600334684207
2010-10-07,2.1763384285992777
2010-10-08,2.2068839089934094
2010-10-11,2.2205363343178024
2010-10-12,2.2303164153155275
2010-10-13,2.2434290908159538
2010-10-14,2.2335869061141445
2010-10-15,2.2801759002475253
2010-10-18,2.284717282492153
2010-10-19,2.2487135426287552
2010-10-20,2.262765286229768
2010-10-21,2.2563741523803404
2010-10-22,2.2969552453792472
2010-10-25,2.3292976145218076
2010-10-26,2.337992300511256
2010-10-27,2.365651021708528
2010-10-28,2.3808777824538927
2010-10-29,2.4054480383750056
2010-11-01,2.3934942094489844
2010-11-02,2.4148663486614765
2010-11-03,2.43015723896215
2010-11-04,2.489838340607319
2010-11-05,2.497033120731504
2010-11-08,2.477687764878156
2010-11-09,2.449856992403765
2010-11-10,2.444550317851815
2010-11-11,2.425555530402012
2010-11-12,2.4356695456750335
2010-11-15,2.4026153029808794
2010-11-16,2.3571453040136587
2010-11-17,2.346661069663925
2010-11-18,2.3891648904956666
2010-11-19,2.4091159874901087
2010-11-22,2.4163301925413645
2010-11-23,2.382730050378809
2010-11-24,2.4422993342447903
2010-11-26,2.4347751707123497
2010-11-29,2.417553797075623
2010-11-30,2.3670172122667816
2010-12-01,2.435143527337623
2010-12-02,2.5143071327856226
2010-12-03,2.520394490379367
2010-12-06,2.5247170459767987
2010-12-07,2.520442559187346
2010-12-08,2.548207844049024
2010-12-09,2.559137464014422
2010-12-10,2.5747076251938523
2010-12-13,2.564936018148568
2010-12-14,2.555645515967585
2010-12-15,2.54741412574578
2010-12-16,2.5803469493151
2010-12-17,2.6098194514505435
2010-12-20,2.595623404547454
2010-12-21,2.6181811019449204
2010-12-22,2.6311395393568464
2010-12-23,2.6085691893831915
2010-12-27,2.6127304639676736
2010-12-28,2.599220545336813
2010-12-29,2.6058744433178727
2010-12-30,2.619904269157606
2010-12-31,2.6335794393320318
2011-01-03,2.67031552089154
2011-01-04,2.6943163041767284
2011-01-05,2.7299632387976893
2011-01-06,2.815311690585941
2011-01-07,2.839945314008699
2011-01-10,2.8765549247238864
2011-01-11,2.848697762346876
2011-01-12,2.9484365451014427
2011-01-13,2.950255371242978
2011-01-14,2.9804029022332714
2011-01-18,2.95407413296424
2011-01-19,2.909240203043505
2011-01-20,2.910990435144774
2011-01-21,2.882357458112192
2011-01-24,2.9739832116649745
2011-01-25,2.9416429732796674
2011-01-26,2.9605552035995095
2011-01-27,3.0171691523358986
2011-01-28,2.9309446817990352
2011-01-31,2.9653377393831395
2011-02-01,3.0286152323993036
2011-02-02,3.0629637714407005
2011-02-03,3.057143286252513
2011-02-04,3.114972920249021
2011-02-07,3.1005353306578183
2011-02-08,3.09689890754842
2011-02-09,3.0699440771527478
2011-02-10,3.042632947670085
2011-02-11,3.0772029815250357
2011-02-14,3.110461089243032
2011-02-15,3.0858430445686214
2011-02-16,3.134011412088344
2011-02-17,3.2175767290871184
2011-02-18,3.1958376506235493
2011-02-22,3.0374351686419905
2011-02-23,2.9595239031422524
2011-02-24,3.0459183632773743
2011-02-25,3.09892400521493
2011-02-28,3.067099517393929
2011-03-01,2.983743875490864
2011-03-02,2.9792933635302186
2011-03-03,3.0256345209765025
2011-03-04,3.0165978669263933
2011-03-07,2.937138977474271
2011-03-08,2.927912223825683
2011-03-09,2.8625187874924647
2011-03-10,2.776978136589002
2011-03-11,2.8125758314161544
2011-03-14,2.803083931229715
2011-03-15,2.775362419020473
2011-03-16,2.6980556948490464
2011-03-17,2.726669739262159
2011-03-18,2.7428355448641186
2011-03-21,2.79142242644595
2011-03-22,2.767436098948656
2011-03-23,2.815909812820838
2011-03-24,2.918043996941391
2011-03-25,2.8968047452371226
2011-03-28,2.899059947158922
2011-03-29,2.9063406890135437
2011-03-30,2.895467148556295
2011-03-31,2.8788675693249437
2011-04-01,2.867060031445772
2011-04-04,2.8212678926060795
2011-04-05,2.8306186700223006
2011-04-06,2.8857114770440075
2011-04-07,2.8946612875654503
2011-04-08,2.8783307226110817
2011-04-11,2.847748067290665
2011-04-12,2.8026084799171835
2011-04-13,2.8221663134868757
2011-04-14,2.8296690805361844
2011-04-15,2.812699480401605
2011-04-18,2.7656733803577023
2011-04-19,2.7710444795283906
2011-04-20,2.8715250192936526
2011-04-21,2.8788121901099455
2011-04-25,2.86519000503837
2011-04-26,2.92050421111004
2011-04-27,2.975606393681309
2011-04-28,2.977481960135846
2011-04-29,2.9861731455707354
2011-05-02,2.962085327284875
2011-05-03,2.9023297939640202
2011-05-04,2.9027264824449546
2011-05-05,2.920403069367891
2011-05-06,2.9669192573478576
2011-05-09,2.968346556704636
2011-05-10,2.9833385722027757
2011-05-11,2.9568635230600933
2011-05-12,2.981419367196067
2011-05-13,2.902190897065543
2011-05-16,2.8564591559356467
2011-05-17,2.8344740133469273
2011-05-18,2.865931968930441
2011-05-19,2.863826508696753
2011-05-20,2.847965606260285
2011-05-23,2.7807339939719475
2011-05-24,2.770648106603282
2011-05-25,2.816314688894858
2011-05-26,2.8506716592566086
2011-05-27,2.8792212625502804
2011-05-31,2.9139326623285555
2011-06-01,2.8446664645083906
2011-06-02,2.8267355645309253
2011-06-03,2.786037363846776
2011-06-06,2.75907603595003
2011-06-07,2.7669891814354095
2011-06-08,2.719909160252023
2011-06-09,2.72010843237067
2011-06-10,2.6779146169413957
2011-06-13,2.663508501530072
2011-06-14,2.703672803635098
2011-06-15,2.649194337366502
2011-06-16,2.6101363724077125
2011-06-17,2.5636402269386767
2011-06-20,2.5695239218078396
2011-06-21,2.6417515345102203
2011-06-22,2.638053892826005
2011-06-23,2.6476744047933147
2011-06-24,2.557849822241193
2011-06-27,2.579801877658982
2011-06-28,2.6306681697077483
2011-06-29,2.649062327941127
2011-06-30,2.684023944485734
2011-07-01,2.740768973835001
2011-07-05,2.7393936910684116
2011-07-06,2.717453838792959
2011-07-07,2.75820894718655
2011-07-08,2.712674131581727
2011-07-11,2.658326500323671
2011-07-12,2.6060234748803945
2011-07-13,2.6275956913890384
2011-07-14,2.5809447289707808
2011-07-15,2.6490629532780674
2011-07-18,2.6064962574769055
2011-07-19,2.6822345381371644
2011-07-20,2.682347222464807
2011-07-21,2.714708052564015
2011-07-22,2.8434941261706164
2011-07-25,2.8101763015623655
2011-07-26,2.8171245554947815
2011-07-27,2.7103067632417406
2011-07-28,2.7152936190901014
2011-07-29,2.689462324695707
2011-08-01,2.703975904279128
2011-08-02,2.6356128546287967
2011-08-03,2.660037675838525
2011-08-04,2.4907066691653377
2011-08-05,2.4595274162979113
2011-08-08,2.286979056758849
2011-08-09,2.427414262677435
2011-08-10,2.3152911499937
2011-08-11,2.4448520997256304
2011-08-12,2.425977635808988
2011-08-15,2.478441705188016
2011-08-16,2.429801916030198
2011-08-17,2.396332168367673
2011-08-18,2.267023612402744
2011-08-19,2.226056959114462
2011-08-22,2.2424754126031248
2011-08-23,2.3799034183886505
2011-08-24,2.3814894226550845
2011-08-25,2.3405227505021347
2011-08-26,2.409907925767863
2011-08-29,2.5032547478554568
2011-08-30,2.5062231846624834
2011-08-31,2.500210068500607
2011-09-01,2.4522795438313283
2011-09-02,2.3883525631015496
2011-09-06,2.393333269859266
2011-09-07,2.51081471384716
2011-09-08,2.527997217277296
2011-09-09,2.4836001965643897
2011-09-12,2.5398411433010373
2011-09-13,2.580317878213476
2011-09-14,2.6566042368976994
2011-09-15,2.687793175514302
2011-09-16,2.690280018834364
2011-09-19,2.6637887080840223
2011-09-20,2.626086955864811
2011-09-21,2.562946469511225
2011-09-22,2.45063482338242
2011-09-23,2.489138995048352
2011-09-26,2.4977137314999154
2011-09-27,2.5239690472230096
2011-09-28,2.445920059753036
2011-09-29,2.378980939778448
2011-09-30,2.276517751555676
2011-10-03,2.1481181014471487
2011-10-04,2.232190886133223
2011-10-05,2.2928483743924835
2011-10-06,2.324411456489277
2011-10-07,2.3203776258820126
2011-10-10,2.3942876490918157
2011-10-11,2.3907410133589875
2011-10-12,2.4095102024197845
2011-10-13,2.468669069390615
2011-10-14,2.525634447668096
2011-10-17,2.4483299117775434
2011-10-18,2.516762911574035
2011-10-19,2.463416015797795
2011-10-20,2.4210791241888803
2011-10-21,2.441046183051956
2011-10-24,2.5174142442015075
2011-10-25,2.4514033377985527
2011-10-26,2.4608682091569123
2011-10-27,2.556501758811088
2011-10-28,2.5925612022859577
2011-10-31,2.5350721239442904
2011-11-01,2.432871547660463
2011-11-02,2.4537789928091325
2011-11-03,2.5561892164425846
2011-11-04,2.558248552657864
2011-11-07,2.5716657243759165
2011-11-08,2.5955902951156027
2011-11-09,2.4685846933560494
2011-11-10,2.4809938884845737
2011-11-11,2.5652376042625034
2011-11-14,2.5322145416434743
2011-11-15,2.548801584322429
2011-11-16,2.587934957641746
2011-11-17,2.5091403837417636
2011-11-18,2.4834368963593825
2011-11-21,2.465862653698326
2011-11-22,2.4667691407951455
2011-11-23,2.383893553848838
2011-11-25,2.340416765172917
2011-11-28,2.4269999448903303
2011-11-29,2.4265443320198243
2011-11-30,2.5368845293746647
2011-12-01,2.5492943232679575
2011-12-02,2.5509021700213075
2011-12-05,2.5585015663035686
2011-12-06,2.5292552319791084
2011-12-07,2.5682189399388777
2011-12-08,2.503655621329674
2011-12-09,2.5325306828311627
2011-12-12,2.4835668235717714
2011-12-13,2.4472190447122193
2011-12-14,2.398446191567622
2011-12-15,2.399467569253377
2011-12-16,2.433756378989934
2011-12-19,2.3587592418382517
2011-12-20,2.4554673235781834
2011-12-21,2.4134405542402275
2011-12-22,2.528464995855615
2011-12-23,2.5306598599464327
2011-12-27,2.5231688582549694
2011-12-28,2.4904380132198467
2011-12-29,2.5184607421866216
2011-12-30,2.5164320425622617
2012-01-03,2.586230962234282
2012-01-04,2.602946534548175
2012-01-05,2.6284480010526936
2012-01-06,2.6199734666275467
2012-01-09,2.645501935851701
2012-01-10,2.6676277109356725
2012-01-11,2.6687446142936198
2012-01-12,2.6865717173906987
2012-01-13,2.6613134545119745
2012-01-17,2.651583444100464
2012-01-18,2.748319652060692
2012-01-19,2.7978755168655414
2012-01-20,2.787448121086018
2012-01-23,2.809768376016056
2012-01-24,2.81599869491001
2012-01-25,2.825915555037819
2012-01-26,2.809193833258058
2012-01-27,2.8091378465727748
2012-01-30,2.8056422497314566
2012-01-31,2.8107927727768693
2012-02-01,2.85022570749013
2012-02-02,2.868040497879675
2012-02-03,2.915508971342566
2012-02-06,2.88370973339291
2012-02-07,2.913244767885621
2012-02-08,2.9662344796009275
2012-02-09,2.9727773485310482
2012-02-10,2.9084135045037467
2012-02-13,2.9435590190137937
2012-02-14,2.970937427843932
2012-02-15,2.9689888363793013
2012-02-16,3.0404727911684377
2012-02-17,3.0050576975988244
2012-02-21,2.989278944557573
2012-02-22,2.9697879480120073
2012-02-23,2.9765112552089166
2012-02-24,2.991356081538264
2012-02-27,3.025222538684154
2012-02-28,3.064238159545826
2012-02-29,3.0302417602793277
2012-03-01,3.0623371495658773
2012-03-02,3.0450230300198777
2012-03-05,2.9504904639635625
2012-03-06,2.9091174862391846
2012-03-07,2.9516610717020515
2012-03-08,2.9936822916468446
2012-03-09,3.009651081988421
2012-03-12,2.9798094026829207
2012-03-13,3.0674667144609002
2012-03-14,3.053966447513549
2012-03-15,3.123668108211444
2012-03-16,3.1165511232698644
2012-03-19,3.1171015440676566
2012-03-20,3.089757275802934
2012-03-21,3.113838512904954
2012-03-22,3.105435410562045
2012-03-23,3.093540179375355
2012-03-26,3.1313085867000825
2012-03-27,3.1461440639457683
2012-03-28,3.135917724090159
2012-03-29,3.1245965526278767
2012-03-30,3.1154649494985316
2012-04-02,3.128084284474861
2012-04-03,3.085895706783117
2012-04-04,3.013274197266174
2012-04-05,3.0237669463165884
2012-04-09,2.9801965305084406
2012-04-10,2.92155374466927
2012-04-11,2.95133748236706
2012-04-12,3.006179120165196
2012-04-13,2.9447978724480643
2012-04-16,2.935248311426563
2012-04-17,2.9745080718611168
2012-04-18,2.955956079640956
2012-04-19,2.918051640513935
2012-04-20,2.875058797299259
2012-04-23,2.827882481966151
2012-04-24,2.7976326813132135
2012-04-25,2.8475882459562203
2012-04-26,2.8857711154986605
2012-04-27,2.87650942457447
2012-04-30,2.8553991263905294
2012-05-01,2.877640950153232
2012-05-02,2.895895603527306
2012-05-03,2.832286484754669
2012-05-04,2.7653815728058935
2012-05-07,2.7671422689169436
2012-05-08,2.741092676155813
2012-05-09,2.7344020560710263
2012-05-10,2.731772497915149
2012-05-11,2.7590790154908027
2012-05-14,2.7325245654384807
2012-05-15,2.7018286196897994
2012-05-16,2.6984558171032957
2012-05-17,2.649453344073925
2012-05-18,2.573963675061333
2012-05-21,2.6347918385451248
2012-05-22,2.6132710300771462
2012-05-23,2.633059501505546
2012-05-24,2.60003187275429
2012-05-25,2.6309338968461917
2012-05-29,2.6909846770157118
2012-05-30,2.632724530551269
2012-05-31,2.6039848049504632
2012-06-01,2.4892665495235273
2012-06-04,2.4735612798576585
2012-06-05,2.5153767264845777
2012-06-06,2.5883904010982524
2012-06-07,2.5527623500072414
2012-06-08,2.5944796617506567
2012-06-11,2.549957970815535
2012-06-12,2.6001996005978114
2012-06-13,2.5710378996592396
2012-06-14,2.5537253148481933
2012-06-15,2.602262887449923
2012-06-18,2.6297818061825575
2012-06-19,2.6792264328292887
2012-06-20,2.7077929982829168
2012-06-21,2.6008808708081124
2012-06-22,2.6340861406164406
2012-06-25,2.557353094473742
2012-06-26,2.570133297085434
2012-06-27,2.608096530037844
2012-06-28,2.6029740974623263
2012-06-29,2.709943447107286
2012-07-02,2.714901334562587
2012-07-03,2.775965700465657
2012-07-05,2.757622780329792
2012-07-06,2.715962538065472
2012-07-09,2.6829958621562833
2012-07-10,2.601001648346754
2012-07-11,2.569788829053107
2012-07-12,2.536473703082121
2012-07-13,2.560181555201761
2012-07-16,2.513361653441084
2012-07-17,2.502825546595826
2012-07-18,2.565279410973813
2012-07-19,2.5860836594043035
2012-07-20,2.5308346159937307
2012-07-23,2.5087316013787855
2012-07-24,2.49688390364125
2012-07-25,2.5151538866935224
2012-07-26,2.5249135237201377
2012-07-27,2.5527487295174915
2012-07-30,2.5252691979105166
2012-07-31,2.537086241119371
2012-08-01,2.521921542280716
2012-08-02,2.4969649845700648
2012-08-03,2.5582043161360053
2012-08-06,2.5867232505069873
2012-08-07,2.5945518756743815
2012-08-08,2.623240640377659
2012-08-09,2.6385728846420355
2012-08-10,2.641951060344059
2012-08-13,2.634800612906203
2012-08-14,2.6042300480022957
2012-08-15,2.616068921670626
2012-08-16,2.6276412611473168
2012-08-17,2.6111514872317296
2012-08-20,2.6082144395347724
2012-08-21,2.6000642310531923
2012-08-22,2.589120842419461
2012-08-23,2.5617703131708223
2012-08-24,2.578765403297341
2012-08-27,2.5542903890616078
2012-08-28,2.556710476958946
2012-08-29,2.564274936335387
2012-08-30,2.5369745994888615
2012-08-31,2.552125597826188
2012-09-04,2.4973574300387393
2012-09-05,2.493364981903424
2012-09-06,2.583611045354053
2012-09-07,2.547495968381052
2012-09-10,2.5310965274162136
2012-09-11,2.5565632732219084
2012-09-12,2.5936874894464417
2012-09-13,2.61288509919662
2012-09-14,2.6483801827679905
2012-09-17,2.626311465379621
2012-09-18,2.6118478925355157
2012-09-19,2.6443630592169467
2012-09-20,2.605877193330157
2012-09-21,2.6232606199886415
2012-09-24,2.5833700171870215
2012-09-25,2.532692310029083
2012-09-26,2.5330972472532185
2012-09-27,2.573726479502992
2012-09-28,2.5837176994707196
2012-10-01,2.5634974621479376
2012-10-02,2.571040263730671
2012-10-03,2.553896184948215
2012-10-04,2.5865479375698546
2012-10-05,2.5600570431211596
2012-10-08,2.5231001406295954
2012-10-09,2.497207598065138
2012-10-10,2.4562844717779795
2012-10-11,2.4678193176527623
2012-10-12,2.4154546999528783
2012-10-15,2.430153059111901
2012-10-16,2.450431879259508
2012-10-17,2.469143636211891
2012-10-18,2.4010397743495333
2012-10-19,2.3005213979198214
2012-10-22,2.2896062468534817
2012-10-23,2.3007532728262516
2012-10-24,2.3246985241082405
2012-10-25,2.3605269286823414
2012-10-26,2.3375796948082956
2012-10-31,2.325974249078239
2012-11-01,2.400991015106503
2012-11-02,2.3790113692334187
2012-11-05,2.405640934129259
2012-11-06,2.4312638295960567
2012-11-07,2.3681182392183335
2012-11-08,2.33669287754
2012-11-09,2.320386278364024
2012-11-12,2.3177888802235955
2012-11-13,2.309895560150142
2012-11-14,2.3019552020957645
2012-11-15,2.2809177114970485
2012-11-16,2.2940218132871304
2012-11-19,2.3236209128345426
2012-11-20,2.3195149655011793
2012-11-21,2.34379611703119
2012-11-23,2.3849889472579138
2012-11-26,2.406181719854153
2012-11-27,2.4161380442871954
2012-11-28,2.448348934599999
2012-11-29,2.4812597199774866
2012-11-30,2.510288487012618
2012-12-03,2.4938077210365814
2012-12-04,2.4967749624399977
2012-12-05,2.510110847936664
2012-12-06,2.526152830414322
2012-12-07,2.522573611697703
2012-12-10,2.5506871110625555
2012-12-11,2.582610801696181
2012-12-12,2.5709260698988965
2012-12-13,2.57742730033345
2012-12-14,2.5352179966291293
2012-12-17,2.545788247623946
2012-12-18,2.5797807137557442
2012-12-19,2.5804743761150757
2012-12-20,2.5707425316861086
2012-12-21,2.5266137698706106
2012-12-24,2.5095110990358376
2012-12-26,2.490337150207604
2012-12-27,2.4856315526936203
2012-12-28,2.460520069753347
2012-12-31,2.508018499696136
2013-01-02,2.611058203413022
2013-01-03,2.6140755210854314
2013-01-04,2.6484007729835017
2013-01-07,2.6592384314662607
2013-01-08,2.642922791084431
2013-01-09,2.663442198136204
2013-01-10,2.6938456199459893
2013-01-11,2.722002343193472
2013-01-14,2.7047321049752995
2013-01-15,2.6896954303909286
2013-01-16,2.697128901633932
2013-01-17,2.7258007739541528
2013-01-18,2.6766074839491565
2013-01-22,2.6823607268046237
2013-01-23,2.7418714081661966
2013-01-24,2.7493879583136946
2013-01-25,2.7741233822026947
2013-01-28,2.781815964767638
2013-01-29,2.7405659221689342
2013-01-30,2.7407330929866864
2013-01-31,2.7273199554328316
2013-02-01,2.7541034018050166
2013-02-04,2.6888402439711974
2013-02-05,2.729207714219574
2013-02-06,2.735240702930736
2013-02-07,2.7134394377223963
2013-02-08,2.732445423152037
2013-02-11,2.754643659190091
2013-02-12,2.752935689309391
2013-02-13,2.7580029936899746
2013-02-14,2.790479468778961
2013-02-15,2.770939612603854
2013-02-19,2.8232008128167667
2013-02-20,2.763644959354249
2013-02-21,2.7077987708897244
2013-02-22,2.743076804151395
2013-02-25,2.6924548498178114
2013-02-26,2.6833991040559
2013-02-27,2.725005729810594
2013-02-28,2.742728685366789
2013-03-01,2.733521094654098
2013-03-04,2.74189000916493
2013-03-05,2.7846149662369863
2013-03-06,2.7732281619002235
2013-03-07,2.8182083398214797
2013-03-08,2.8248916966591913
2013-03-11,2.831614158363641
2013-03-12,2.8294639205313565
2013-03-13,2.8381004707693327
2013-03-14,2.8591890265629814
2013-03-15,2.813604195075607
2013-03-18,2.7897272618142797
2013-03-19,2.7939395011682593
2013-03-20,2.816089228163726
2013-03-21,2.7709104202810204
2013-03-22,2.8141528400208013
2013-03-25,2.7871123722493834
2013-03-26,2.8023797906589034
2013-03-27,2.8183800297163217
2013-03-28,2.8202338073382003
2013-04-01,2.7667620816858434
2013-04-02,2.7556382570179077
2013-04-03,2.7270375773654187
2013-04-04,2.750680303445288
2013-04-05,2.746526619962259
2013-04-08,2.783059643602452
2013-04-09,2.8141049104487097
2013-04-10,2.873337189596333
2013-04-11,2.8506742801946445
2013-04-12,2.8367713156686687
2013-04-15,2.7657297527458664
2013-04-16,2.8151262411608835
2013-04-17,2.752773671719873
2013-04-18,2.742149862641491
2013-04-19,2.7859412950088154
2013-04-22,2.7971586774579
2013-04-23,2.8237926052643165
2013-04-24,2.8712254239331942
2013-04-25,2.8937358412481045
2013-04-26,2.879167951292654
2013-04-29,2.9162685517116897
2013-04-30,2.9624947262161423
2013-05-01,2.9898534888545516
2013-05-02,3.071645693555503
2013-05-03,3.108111213915615
2013-05-06,3.124918885155583
2013-05-07,3.096810557277161
2013-05-08,3.1844127092430825
2013-05-09,3.2029450923757476
2013-05-10,3.236920190125157
2013-05-13,3.249119918062095
2013-05-14,3.2836950745158453
2013-05-15,3.328063221259822
2013-05-16,3.240973649415073
2013-05-17,3.306780990310675
2013-05-20,3.2993631869781987
2013-05-21,3.2918741890191883
2013-05-22,3.228435218493308
2013-05-23,3.2396114085646013
2013-05-24,3.2402016251338432
2013-05-28,3.2638108406906072
2013-05-29,3.2389731085391396
2013-05-30,3.3022677321263125
2013-05-31,3.2734956971279776
2013-06-03,3.2660620815846833
2013-06-04,3.2666653239119183
2013-06-05,3.2307520124610463
2013-06-06,3.250748590287216
2013-06-07,3.2897850977354803
2013-06-10,3.3352972670634125
2013-06-11,3.2812512683550636
2013-06-12,3.246941704110943
2013-06-13,3.287112361715537
2013-06-14,3.2726565701824994
2013-06-17,3.3340829476184886
2013-06-18,3.3767644005039434
2013-06-19,3.374751351743299
2013-06-20,3.272625914969413
2013-06-21,3.305465518191426
2013-06-24,3.269119711352978
2013-06-25,3.314360256276174
2013-06-26,3.340198469462727
2013-06-27,3.352362842364058
2013-06-28,3.3649326818051404
2013-07-01,3.3728161360660613
2013-07-02,3.356688107191193
2013-07-03,3.3709722936268567
2013-07-05,3.3881608308492623
2013-07-08,3.3516556739948262
2013-07-09,3.355268387520279
2013-07-10,3.3548957771086414
2013-07-11,3.4522230841949395
2013-07-12,3.443283381159575
2013-07-15,3.463415757407787
2013-07-16,3.48785672509888
2013-07-17,3.4861221634273774
2013-07-18,3.445147932352579
2013-07-19,3.308413274606418
2013-07-22,3.317078675379953
2013-07-23,3.282709044323987
2013-07-24,3.270264751284643
2013-07-25,3.4066583493112854
2013-07-26,3.3844880775744373
2013-07-29,3.387553492853703
2013-07-30,3.4601739777380027
2013-07-31,3.457358334951807
2013-08-01,3.5090970199874034
2013-08-02,3.513268591015254
2013-08-05,3.54848552231045
2013-08-06,3.5071679176262376
2013-08-07,3.4974429281550488
2013-08-08,3.5136161413717923
2013-08-09,3.4924982991978206
2013-08-12,3.485216606326329
2013-08-13,3.505741930275937
2013-08-14,3.5088084708269864
2013-08-15,3.4499921020444493
2013-08-16,3.4546545629297527
2013-08-19,3.442827927751259
2013-08-20,3.4675812736037566
2013-08-21,3.4545073934444837
2013-08-22,3.488816107808125
2013-08-23,3.557197934106567
2013-08-26,3.56198026583987
2013-08-27,3.4545745130711443
2013-08-28,3.4971799859593298
2013-08-29,3.5411822661073726
2013-08-30,3.515946596222259
2013-09-03,3.532991677549171
2013-09-04,3.5647105108690154
2013-09-05,3.6130000373956315
2013-09-06,3.6445667229669283
2013-09-09,3.6960614430806715
2013-09-10,3.759111034585049
2013-09-11,3.795207897612084
2013-09-12,3.7659152922853956
2013-09-13,3.7727281334321265
2013-09-16,3.7552732346085897
2013-09-17,3.8292238630997524
2013-09-18,3.874591991135692
2013-09-19,3.8862350142469344
2013-09-20,3.892065591594355
2013-09-23,3.8753747572414494
2013-09-24,3.899814293067839
2013-09-25,3.914993432023334
2013-09-26,3.946141432757301
2013-09-27,3.963359976613399
2013-09-30,3.9377240685450867
2013-10-01,3.9775776864215517
2013-10-02,3.989387446006143
2013-10-03,3.981533554421821
2013-10-04,4.020272403827703
2013-10-07,3.989534059027227
2013-10-08,3.8981505978556688
2013-10-09,3.8758307383966386
2013-10-10,3.9735552596624992
2013-10-11,3.947655912915165
2013-10-14,3.9988846846942288
2013-10-15,4.000860483132578
2013-10-16,4.056788935037163
2013-10-17,4.090119172288178
2013-10-18,4.132727784255731
2013-10-21,4.101031618157923
2013-10-22,4.067025765564708
2013-10-23,4.011666458615161
2013-10-24,4.0291898668411905
2013-10-25,4.046128821676917
2013-10-28,4.029899477610177
2013-10-29,4.064820239144603
2013-10-30,4.034363502939425
2013-10-31,4.058372800952009
2013-11-01,4.042800364053257
2013-11-04,4.029339677474533
2013-11-05,4.042434874691068
2013-11-06,4.062682277111366
2013-11-07,3.995380239397431
2013-11-08,4.049814883107384
2013-11-11,4.0388527140511465
2013-11-12,4.076981782958851
2013-11-13,4.152762579040802
2013-11-14,4.131267941521793
2013-11-15,4.154915084189472
2013-11-18,4.085890457740958
2013-11-19,4.048470171545493
2013-11-20,4.034521755768234
2013-11-21,4.068046883142174
2013-11-22,4.067787013526227
2013-11-25,4.076405872674238
2013-11-26,4.134446315733683
2013-11-27,4.189610790273128
2013-11-29,4.210847946369316
2013-12-02,4.218886417011212
2013-12-03,4.224432914014712
2013-12-04,4.250762730113304
2013-12-05,4.262455735957145
2013-12-06,4.283993317039186
2013-12-09,4.316585632695159
2013-12-10,4.333845854842676
2013-12-11,4.283350594951507
2013-12-12,4.275744567762628
2013-12-13,4.287342161024976
2013-12-16,4.3326721167247815
2013-12-17,4.388560206001988
2013-12-18,4.3760251701087345
2013-12-19,4.345214913615589
2013-12-20,4.393381508553552
2013-12-23,4.425319136411385
2013-12-24,4.453237502711971
2013-12-26,4.457214904762483
2013-12-27,4.43015821563909
2013-12-30,4.426074186059485
2013-12-31,4.458251881281634
2014-01-02,4.44332260515845
2014-01-03,4.412659636753329
2014-01-06,4.447034473839051
2014-01-07,4.518251139860036
2014-01-08,4.589469795781622
2014-01-09,4.503616085761318
2014-01-10,4.546603806344288
2014-01-13,4.471529394763646
2014-01-14,4.607869473080738
2014-01-15,4.666002613961172
2014-01-16,4.6538151796844
2014-01-17,4.579201469886973
2014-01-21,4.62189307670903
2014-01-22,4.569248259651155
2014-01-23,4.530321001527788
2014-01-24,4.426322823725482
2014-01-27,4.3678147333946225
2014-01-28,4.429379863360686
2014-01-29,4.376558055809248
2014-01-30,4.513170760451453
2014-01-31,4.535876927999258
2014-02-03,4.433928180699791
2014-02-04,4.467998492160117
2014-02-05,4.442068396558197
2014-02-06,4.527107016852177
2014-02-07,4.610245959277486
2014-02-10,4.6381856830184285
2014-02-11,4.705693229581697
2014-02-12,4.736545022763364
2014-02-13,4.798669278890895
2014-02-14,4.823382704722748
2014-02-18,4.840407210109371
2014-02-19,4.84847043813613
2014-02-20,4.900162670572198
2014-02-21,4.874330039264283
2014-02-24,4.909614583393527
2014-02-25,4.874955799819962
2014-02-26,4.904612007437676
2014-02-27,4.900329800607412
2014-02-28,4.90151508413758
2014-03-03,4.874077972793897
2014-03-04,4.948172304667523
2014-03-05,4.981776689075721
2014-03-06,4.989101422393015
2014-03-07,4.981786509057611
2014-03-10,4.989745199514635
2014-03-11,4.9604543377266825
2014-03-12,5.02385290002392
2014-03-13,4.931621555122412
2014-03-14,4.895054562327291
2014-03-17,4.926740620050877
2014-03-18,5.014787881192756
2014-03-19,5.0026590782320195
2014-03-20,5.024343109326623
2014-03-21,4.980919265332663
2014-03-24,4.930882788542642
2014-03-25,4.962439133884869
2014-03-26,4.848830469446245
2014-03-27,4.80605843670799
2014-03-28,4.825470458598403
2014-03-31,4.914593162534763
2014-04-01,5.026678757236417
2014-04-02,5.00627820947846
2014-04-03,4.950707630820655
2014-04-04,4.796006656424263
2014-04-07,4.7368068740412745
2014-04-08,4.826023888336176
2014-04-09,4.924358568744461
2014-04-10,4.75756649880477
2014-04-11,4.674682959407576
2014-04-14,4.73626317790927
2014-04-15,4.783241390691799
2014-04-16,4.813455159933848
2014-04-17,4.838379531093033
2014-04-21,4.968671600287376
2014-04-22,5.0646032272721335
2014-04-23,5.042442140811166
2014-04-24,5.056744483078325
2014-04-25,4.887055951398579
2014-04-28,4.848201559002474
2014-04-29,4.898801799746331
2014-04-30,4.964916008548953
2014-05-01,4.9903478691698036
2014-05-02,4.96087002507182
2014-05-05,4.980797123034603
2014-05-06,4.946823533127372
2014-05-07,4.9284382393370105
2014-05-08,4.959100455656438
2014-05-09,4.934417765288667
2014-05-12,5.053104986682455
2014-05-13,5.067570484883967
2014-05-14,5.012830049910029
2014-05-15,4.948449674746384
2014-05-16,4.972893133367419
2014-05-19,5.044762168883355
2014-05-20,5.002899376754645
2014-05-21,5.070213119255347
2014-05-22,5.073592071349478
2014-05-23,5.121547363666265
2014-05-27,5.200588699990226
2014-05-28,5.198139253393988
2014-05-29,5.21095882162497
2014-05-30,5.2077560941237895
2014-06-02,5.202672718257713
2014-06-03,5.191051506300521
2014-06-04,5.2164994010743735
2014-06-05,5.256954297228841
2014-06-06,5.261870584738601
2014-06-09,5.261160289116127
2014-06-10,5.325574617886209
2014-06-11,5.37558679731843
2014-06-12,5.347597106858233
2014-06-13,5.363834832646647
2014-06-16,5.3960726053707635
2014-06-17,5.427042075687693
2014-06-18,5.433809742933632
2014-06-19,5.403146151647521
2014-06-20,5.352557808034372
2014-06-23,5.325612327054642
2014-06-24,5.3275049579766565
2014-06-25,5.386339586771074
2014-06-26,5.363779559337188
2014-06-27,5.385593959028359
2014-06-30,5.442364511193688
2014-07-01,5.531647149008583
2014-07-02,5.543183583985568
2014-07-03,5.550606574624898
2014-07-07,5.513270319485433
2014-07-08,5.44951904794441
2014-07-09,5.49621396949989
2014-07-10,5.501923374588648
2014-07-11,5.54209609210561
2014-07-14,5.6558690428783525
2014-07-15,5.63407241814933
2014-07-16,5.648043201652239
2014-07-17,5.541811174604286
2014-07-18,5.481733169747688
2014-07-21,5.4829320699703
2014-07-22,5.50811923620645
2014-07-23,5.493717643853116
2014-07-24,5.517435458418082
2014-07-25,5.45707609344333
2014-07-28,5.415843637739827
2014-07-29,5.4110280498836465
2014-07-30,5.453448997827469
2014-07-31,5.3259549983026915
2014-08-01,5.355577822214206
2014-08-04,5.41997951491009
2014-08-05,5.362697750840376
2014-08-06,5.363203102238046
2014-08-07,5.334199562465863
2014-08-08,5.410567163840116
2014-08-11,5.439773444524261
2014-08-12,5.423454363118736
2014-08-13,5.4983116234677185
2014-08-14,5.51143387264821
2014-08-15,5.544630593959816
2014-08-18,5.61002688150476
2014-08-19,5.664470313760013
2014-08-20,5.67761012881942
2014-08-21,5.652544495605361
2014-08-22,5.661854611431323
2014-08-25,5.643497393770459
2014-08-26,5.660561181027131
2014-08-27,5.633616192551589
2014-08-28,5.623698801794582
2014-08-29,5.702616354239754
2014-09-02,5.733059428282652
2014-09-03,5.75065595696419
2014-09-04,5.777899267898205
2014-09-05,5.838501686023489
2014-09-08,5.852140876393291
2014-09-09,5.793472210107079
2014-09-10,5.813926232447785
2014-09-11,5.80684787751832
2014-09-12,5.719821285949835
2014-09-15,5.616268490204818
2014-09-16,5.691111678723713
2014-09-17,5.714771763734066
2014-09-18,5.785163277118811
2014-09-19,5.758443975562469
2014-09-22,5.670431251932388
2014-09-23,5.671224304318182
2014-09-24,5.739411171486961
2014-09-25,5.6165950191260485
2014-09-26,5.6930323715128885
2014-09-29,5.690279387785851
2014-09-30,5.666240406514083
2014-10-01,5.576552464593311
2014-10-02,5.580013713038791
2014-10-03,5.622115091935171
2014-10-06,5.579023762379327
2014-10-07,5.473734476528834
2014-10-08,5.563631480126704
2014-10-09,5.376176350161918
2014-10-10,5.043925621144763
2014-10-13,5.00159381587783
2014-10-14,5.051181251886211
2014-10-15,5.043266002545043
2014-10-16,5.096120142805928
2014-10-17,5.160476875076983
2014-10-20,5.214135805659556
2014-10-21,5.383314935586345
2014-10-22,5.304452048323842
2014-10-23,5.38108314516548
2014-10-24,5.406315534978592
2014-10-27,5.42654198553866
2014-10-28,5.515946161788403
2014-10-29,5.477836132366918
2014-10-30,5.400247720667674
2014-10-31,5.563667486209302
2014-11-03,5.588683226177367
2014-11-04,5.600576875511998
2014-11-05,5.601351779836928
2014-11-06,5.6000316873863865
2014-11-07,5.563163308724473
2014-11-10,5.597565928353384
2014-11-11,5.584208432262591
2014-11-12,5.567000066871243
2014-11-13,5.573121243029358
2014-11-14,5.583904123827797
2014-11-17,5.546960226954479
2014-11-18,5.593309892858318
2014-11-19,5.573580168775852
2014-11-20,5.62319958567943
2014-11-21,5.6722393277531
2014-11-24,5.700210081498147
2014-11-25,5.715078431046827
2014-11-26,5.798821094540467
2014-11-28,5.807534823464642
2014-12-01,5.6869837470061
2014-12-02,5.699508164726868
2014-12-03,5.766239385228646
2014-12-04,5.830352289454902
2014-12-05,5.8282369148324245
2014-12-08,5.749922658741183
2014-12-09,5.768030946881647
2014-12-10,5.643387951546671
2014-12-11,5.683669876438956
2014-12-12,5.608808342083028
2014-12-15,5.554902394021923
2014-12-16,5.453942022728318
2014-12-17,5.568659348793625
2014-12-18,5.669281072934794
2014-12-19,5.706045379847173
2014-12-22,5.791726980516073
2014-12-23,5.792337349779379
2014-12-24,5.782734886455394
2014-12-26,5.784763608962411
2014-12-29,5.786083107681009
2014-12-30,5.7521273440510186
2014-12-31,5.7107282721141175
2015-01-02,5.708742607636357
2015-01-05,5.613898142405726
2015-01-06,5.500733005045097
2015-01-07,5.505133042973483
2015-01-08,5.65216363860674
2015-01-09,5.627424991339718
2015-01-12,5.531646662828353
2015-01-13,5.526275001463611
2015-01-14,5.50891455866197
2015-01-15,5.472547107882615
2015-01-16,5.4834728899718606
2015-01-20,5.493755532890941
2015-01-21,5.595444304093333
2015-01-22,5.68574772888119
2015-01-23,5.71399316726746
2015-01-26,5.745974186913613
2015-01-27,5.5905666128062785
2015-01-28,5.512275471039025
2015-01-29,5.5563251855511275
2015-01-30,5.460457101567363
2015-02-02,5.487203906076678
2015-02-03,5.561492751584221
2015-02-04,5.6101434031165125
2015-02-05,5.780950661503041
2015-02-06,5.657240978505966
2015-02-09,5.609096911758348
2015-02-10,5.782464846902831
2015-02-11,5.80996661979541
2015-02-12,5.932497565531549
2015-02-13,5.9684656242811505
2015-02-17,5.963682380227714
2015-02-18,5.941262674207783
2015-02-19,5.960481059460546
2015-02-20,5.9800514887840786
2015-02-23,5.945029052030068
2015-02-24,5.982860794515626
2015-02-25,5.984934472007019
2015-02-26,6.115641595281955
2015-02-27,6.091394024646206
2015-03-02,6.186444576724737
2015-03-03,6.105091332551203
2015-03-04,6.092835100275116
2015-03-05,6.1099214800666495
2015-03-06,6.0020145554604545
2015-03-09,5.9882003342659
2015-03-10,5.9019511040225465
2015-03-11,5.886362850625654
2015-03-12,5.876916433174796
2015-03-13,5.879333800341269
2015-03-16,5.949285765067204
2015-03-17,5.948675543223731
2015-03-18,6.003007878162099
2015-03-19,6.03062868545424
2015-03-20,6.101316533635057
2015-03-23,6.0865527381736655
2015-03-24,6.066960087346663
2015-03-25,5.784947359480481
2015-03-26,5.784693010808309
2015-03-27,5.825834173039241
2015-03-30,5.854005878732492
2015-03-31,5.798187922685215
2015-04-01,5.777654072189688
2015-04-02,5.760094712267626
2015-04-06,5.836282741556153
2015-04-07,5.822018288693719
2015-04-08,5.840738235074827
2015-04-09,5.88842755824056
2015-04-10,5.915933342258954
2015-04-13,5.906086384796791
2015-04-14,5.84399300881156
2015-04-15,5.900002309758587
2015-04-16,5.923198322103135
2015-04-17,5.777318211518649
2015-04-20,5.822621742351272
2015-04-21,5.791475741161037
2015-04-22,5.873042376105421
2015-04-23,5.8738085082378095
2015-04-24,5.937470173195094
2015-04-27,5.971538322871896
2015-04-28,5.939009805127442
2015-04-29,5.9050881159697575
2015-04-30,5.831367002519169
2015-05-01,5.935378902796008
2015-05-04,5.892778573184297
2015-05-05,5.7866495009829535
2015-05-06,5.766154535444788
2015-05-07,5.8180922329241795
2015-05-08,5.794358238694116
2015-05-11,5.781516580092286
2015-05-12,5.759738597199262
2015-05-13,5.795353498527005
2015-05-14,5.861717857530188
2015-05-15,5.840279037676649
2015-05-18,5.866515890296875
2015-05-19,5.831529061215424
2015-05-20,5.850978550633139
2015-05-21,5.837599450625263
2015-05-22,5.852424476905456
2015-05-26,5.799807071071879
2015-05-27,5.983224091134187
2015-05-28,5.988924586957786
2015-05-29,5.978536840294469
2015-06-01,6.001030417867922
2015-06-02,5.9558202419518675
2015-06-03,5.934631753392716
2015-06-04,5.910778207179919
2015-06-05,5.9112244917301675
2015-06-08,5.8059063427251045
2015-06-09,5.796237301018675
2015-06-10,5.865340433513815
2015-06-11,5.860087247784798
2015-06-12,5.821624209257714
2015-06-15,5.779770840212488
2015-06-16,5.81216538804556
2015-06-17,5.866399447458072
2015-06-18,5.946184729736794
2015-06-19,5.935335504720693
2015-06-22,5.987922333199192
2015-06-23,5.982172554955193
2015-06-24,5.953095880029746
2015-06-25,5.9397088601674755
2015-06-26,5.728158534140665
2015-06-29,5.561110218390781
2015-06-30,5.589910716221554
2015-07-01,5.642115835896972
2015-07-02,5.7111411128368745
2015-07-06,5.632361611635912
2015-07-07,5.499132584720478
2015-07-08,5.377681296409787
2015-07-09,5.334905659181571
2015-07-10,5.4274808647340675
2015-07-13,5.49137905013751
2015-07-14,5.620612611385185
2015-07-15,5.554991025520853
2015-07-16,5.637855345533356
2015-07-17,5.792596258014492
2015-07-20,5.758111920895257
2015-07-21,5.772423933317625
2015-07-22,5.638644527373158
2015-07-23,5.649120407666252
2015-07-24,5.546400034247965
2015-07-27,5.471965310748356
2015-07-28,5.628956816741049
2015-07-29,5.736154563380529
2015-07-30,5.7424214426428035
2015-07-31,5.635330792593068
2015-08-03,5.747536722117675
2015-08-04,5.716203723522953
2015-08-05,5.775738417611704
2015-08-06,5.7016746209309925
2015-08-07,5.749664544648398
2015-08-10,5.7941781682697
2015-08-11,5.722538941581861
2015-08-12,5.753029485795172
2015-08-13,5.668557709627166
2015-08-14,5.6553883206683375
2015-08-17,5.671385837076624
2015-08-18,5.6151847672178015
2015-08-19,5.583893922854648
2015-08-20,5.367150863942061
2015-08-21,5.193511265424069
2015-08-24,5.055268920535748
2015-08-25,4.98108055706608
2015-08-26,5.2501294053943885
2015-08-27,5.460811745176431
2015-08-28,5.504636481382228
2015-08-31,5.453830321495692
2015-09-01,5.252950031058437
2015-09-02,5.417447982313059
2015-09-03,5.416956560958315
2015-09-04,5.366248277162061
2015-09-08,5.546337283546624
2015-09-09,5.478812812611768
2015-09-10,5.525598547153429
2015-09-11,5.590315416269776
2015-09-14,5.529018501562175
2015-09-15,5.606331987597113
2015-09-16,5.632334340445587
2015-09-17,5.639111760336169
2015-09-18,5.555691656908666
2015-09-21,5.578913484045347
2015-09-22,5.44706226965214
2015-09-23,5.434055506912256
2015-09-24,5.472996725045933
2015-09-25,5.4438560375874445
2015-09-28,5.2830481824765885
2015-09-29,5.293485643445699
2015-09-30,5.477480224605558
2015-10-01,5.467726188240882
2015-10-02,5.615833649065999
2015-10-05,5.753475918867912
2015-10-06,5.768771089256134
2015-10-07,5.8339415566759385
2015-10-08,5.8777927873608
2015-10-09,5.857820126268273
2015-10-12,5.844299009072623
2015-10-13,5.848627627275685
2015-10-14,5.945223047700019
2015-10-15,5.992124754972239
2015-10-16,6.009596079540759
2015-10-19,6.070742120504519
2015-10-20,5.956460165284567
2015-10-21,5.931737171078141
2015-10-22,6.066845866298315
2015-10-23,6.280685125390247
2015-10-26,6.226122768623405
2015-10-27,6.212474075422038
2015-10-28,6.2811780513572035
2015-10-29,6.158498161773897
2015-10-30,6.169648079999563
2015-11-02,6.269781795381276
2015-11-03,6.357024382910939
2015-11-04,6.35155459832651
2015-11-05,6.306795171892324
2015-11-06,6.429396456354404
2015-11-09,6.345232710220959
2015-11-10,6.232772247895626
2015-11-11,6.262900801846007
2015-11-12,6.191359861427926
2015-11-13,6.074438389477111
2015-11-16,6.14895283770007
2015-11-17,6.16832578526368
2015-11-18,6.329911329245777
2015-11-19,6.343153302175035
2015-11-20,6.404477733255862
2015-11-23,6.36372762059252
2015-11-24,6.435986849551217
2015-11-25,6.439130577640033
2015-11-27,6.43791890122638
2015-11-30,6.475991717787203
2015-12-01,6.613552295084021
2015-12-02,6.524132868114251
2015-12-03,6.5179767072449994
2015-12-04,6.6495704601501515
2015-12-07,6.625938878229518
2015-12-08,6.636667261390291
2015-12-09,6.520519122139333
2015-12-10,6.59802575183437
2015-12-11,6.434457502750651
2015-12-14,6.451380526436025
2015-12-15,6.515691771358195
2015-12-16,6.6541221312124605
2015-12-17,6.616002079285892
2015-12-18,6.501761112044066
2015-12-21,6.625660900995131
2015-12-22,6.7350285379177235
2015-12-23,6.758872227541759
2015-12-24,6.805030067226151
2015-12-28,6.8472108615252605
2015-12-29,6.912211961635124
2015-12-30,6.8626223026442
2015-12-31,6.752370878776801
2016-01-04,6.626640837147005
2016-01-05,6.640593704523675
2016-01-06,6.436525495402572
2016-01-07,6.180719907892003
2016-01-08,6.07425879261903
2016-01-11,6.093531356734668
2016-01-12,6.17223406271847
2016-01-13,5.942711251671181
2016-01-14,6.032918623746471
2016-01-15,5.744588528635069
2016-01-19,5.736478927646397
2016-01-20,5.64781304549662
2016-01-21,5.8045050549928225
2016-01-22,5.914228286679216
2016-01-25,5.874438421232649
2016-01-26,5.871701559066054
2016-01-27,5.807234144892133
2016-01-28,5.940642508559779
2016-01-29,6.230290471196825
2016-02-01,6.263560132623222
2016-02-02,6.124642506759399
2016-02-03,6.101842879724505
2016-02-04,6.134008990112605
2016-02-05,5.871165534071907
2016-02-08,5.694243045414968
2016-02-09,5.652523904987962
2016-02-10,5.640603554080855
2016-02-11,5.609205521837885
2016-02-12,5.684783723652451
2016-02-16,5.854577031942092
2016-02-17,6.031104137669758
2016-02-18,6.050350199399066
2016-02-19,6.057676897471628
2016-02-22,6.167454135601645
2016-02-23,6.040168268060905
2016-02-24,6.100993126579024
2016-02-25,6.162751723652804
2016-02-26,6.156546191141339
2016-02-29,6.14174061196026
2016-03-01,6.356110078915688
2016-03-02,6.435320775589521
2016-03-03,6.45472694576141
2016-03-04,6.4691712938484995
2016-03-07,6.4066542924432115
2016-03-08,6.27414292847684
2016-03-09,6.33155918558637
2016-03-10,6.342447707171874
2016-03-11,6.557670801937636
2016-03-14,6.6066909587339016
2016-03-15,6.5194436318697
2016-03-16,6.6459128815959
2016-03-17,6.710929009497505
2016-03-18,6.788410929757965
2016-03-21,6.790466833650958
2016-03-22,6.791231653166371
2016-03-23,6.7096530549162265
2016-03-24,6.7411005812476406
2016-03-28,6.730078128713027
2016-03-29,6.842160540742722
2016-03-30,6.884228969440599
2016-03-31,6.845544732015975
2016-04-01,6.941019803014829
2016-04-04,6.86148911942931
2016-04-05,6.766747000491714
2016-04-06,6.833679198952325
2016-04-07,6.737957158270081
2016-04-08,6.7703414969886575
2016-04-11,6.747915938647516
2016-04-12,6.765068342461301
2016-04-13,6.902342210833677
2016-04-14,6.815958492472937
2016-04-15,6.828066048692098
2016-04-18,6.8893989785124266
2016-04-19,6.779660159593967
2016-04-20,6.80723864428883
2016-04-21,6.7812709253710315
2016-04-22,7.0505324991831335
2016-04-25,6.881605352719532
2016-04-26,6.993711549629979
2016-04-27,7.039694213700092
2016-04-28,6.950993063553811
2016-04-29,6.823834803799219
2016-05-02,6.912851661532284
2016-05-03,6.7831014320396354
2016-05-04,6.7406389505226745
2016-05-05,6.776994576098739
2016-05-06,6.8104774387713904
2016-05-09,6.789578059649454
2016-05-10,6.869444075876152
2016-05-11,6.849115781943298
2016-05-12,6.767890879297862
2016-05-13,6.891260366306282
2016-05-16,6.99923364612038
2016-05-17,6.950938667322935
2016-05-18,7.06528373393505
2016-05-19,7.014130976441802
2016-05-20,7.182112594776181
2016-05-23,7.257411454164645
2016-05-24,7.439870578636141
2016-05-25,7.470468137868087
2016-05-26,7.571126540372926
2016-05-27,7.701508346981627
2016-05-31,7.756748037607587
2016-06-01,7.763698363786439
2016-06-02,7.705374019718925
2016-06-03,7.675183604765379
2016-06-06,7.755914280613625
2016-06-07,7.812198127589926
2016-06-08,7.778821931057004
2016-06-09,7.813442553092767
2016-06-10,7.637071925977625
2016-06-13,7.613544936409471
2016-06-14,7.598600730884242
2016-06-15,7.6297336309369665
2016-06-16,7.730039538275659
2016-06-17,7.831908188510317
2016-06-20,7.839850222474156
2016-06-21,8.002191437680919
2016-06-22,7.859454300270388
2016-06-23,8.11175375854838
2016-06-24,7.69742700490879
2016-06-27,7.484545076150882
2016-06-28,7.784042541947509
2016-06-29,7.90132438549217
2016-06-30,7.9964565121801945
2016-07-01,7.896280047979345
2016-07-05,7.8068242633565585
2016-07-06,7.84242216381297
2016-07-07,7.897589025346785
2016-07-08,8.07310467294823
2016-07-11,8.138682066054566
2016-07-12,8.24273368132819
2016-07-13,8.217801250554016
2016-07-14,8.292897844898903
2016-07-15,8.25604371735322
2016-07-18,8.432520795767939
2016-07-19,8.384523768352015
2016-07-20,8.522478182567912
2016-07-21,8.399878969573297
2016-07-22,8.578167105838979
2016-07-25,8.835686588618335
2016-07-26,9.003454346724697
2016-07-27,8.950246436474643
2016-07-28,8.932095298384287
2016-07-29,8.962298575435371
2016-08-01,8.955347309937192
2016-08-02,8.821802388638185
2016-08-03,8.849449491532779
2016-08-04,8.99207846181974
2016-08-05,9.142315307528614
2016-08-08,9.160692112099994
2016-08-09,9.18681768245111
2016-08-10,9.13086548358552
2016-08-11,9.194105240941965
2016-08-12,9.32802788206382
2016-08-15,9.431978974401565
2016-08-16,9.337608559743721
2016-08-17,9.30747858054435
2016-08-18,9.421465452529974
2016-08-19,9.552068811183307
2016-08-22,9.545054173202516
2016-08-23,9.591203997172396
2016-08-24,9.447032328518182
2016-08-25,9.513605243889442
2016-08-26,9.603731749952498
2016-08-29,9.639099631044646
2016-08-30,9.57822181180694
2016-08-31,9.528279736125763
2016-09-01,9.585897990841316
2016-09-02,9.601741179847302
2016-09-06,9.647004694768421
2016-09-07,9.551766750779516
2016-09-08,9.440645707583451
2016-09-09,9.09679697628178
2016-09-12,9.23962539824864
2016-09-13,9.101249191849123
2016-09-14,9.219080199711232
2016-09-15,9.385095058635821
2016-09-16,9.379311918085074
2016-09-19,9.40183328747702
2016-09-20,9.375762308977388
2016-09-21,9.56124762218729
2016-09-22,9.59275720064457
2016-09-23,9.555957711499984
2016-09-26,9.445514196817324
2016-09-27,9.67408439002445
2016-09-28,9.649883934663084
2016-09-29,9.66703885950439
2016-09-30,9.770153957689562
2016-10-03,9.755741873475962
2016-10-04,9.735338035732287
2016-10-05,9.739366623362207
2016-10-06,9.779487067268713
2016-10-07,9.741958838620425
2016-10-10,9.800156600660857
2016-10-11,9.59341579038239
2016-10-12,9.637538340730393
2016-10-13,9.529132782688889
2016-10-14,9.631017702690915
2016-10-17,9.584255719454392
2016-10-18,9.717786994945262
2016-10-19,9.73200991108095
2016-10-20,9.785872508096917
2016-10-21,9.758689440055697
2016-10-24,10.006578533777589
2016-10-25,10.111328570040495
2016-10-26,10.03874384442746
2016-10-27,9.918744384826178
2016-10-28,9.903100598061213
2016-10-31,9.919639016794706
2016-11-01,9.795432211850528
2016-11-02,9.669233663530513
2016-11-03,9.556508338087063
2016-11-04,9.51641769031971
2016-11-07,9.860741513105957
2016-11-08,9.90367674212456
2016-11-09,9.77600600100212
2016-11-10,9.432473656056358
2016-11-11,9.90174214274593
2016-11-14,9.690512631508861
2016-11-15,9.905280425616962
2016-11-16,10.187476619379318
2016-11-17,10.42837525368914
2016-11-18,10.470839546758192
2016-11-21,10.6319474527197
2016-11-22,10.661685034563115
2016-11-23,10.67015939815145
2016-11-25,10.67210596739662
2016-11-28,10.667773429012211
2016-11-29,10.65238539423818
2016-11-30,10.54650086574877
2016-12-01,10.12927633122816
2016-12-02,10.21639213927885
2016-12-05,10.372607269240179
2016-12-06,10.566419711898085
2016-12-07,10.813865851595722
2016-12-08,10.965207746026866
2016-12-09,11.036616020011627
2016-12-12,10.992294514604676
2016-12-13,11.08350955706657
2016-12-14,11.143229579460286
2016-12-15,11.283390494937295
2016-12-16,11.217079499004937
2016-12-19,11.327965258351897
2016-12-20,11.524759693149974
2016-12-21,11.514409565238998
2016-12-22,11.692278345362
2016-12-23,11.752418210481702
2016-12-27,11.992123833317558
2016-12-28,11.68144665865064
2016-12-29,11.680604687005243
2016-12-30,11.446978460538675
2017-01-03,11.537369625619428
2017-01-04,11.561972559355851
2017-01-05,11.522560878646509
2017-01-06,11.625077192439887
2017-01-09,11.763108139086413
2017-01-10,11.776299377367652
2017-01-11,11.786076830888078
2017-01-12,11.620478922320043
2017-01-13,11.635492253430229
2017-01-17,11.461841673457199
2017-01-18,11.576055736814336
2017-01-19,11.545718307513
2017-01-20,11.62132705243528
2017-01-23,11.721648814951045
2017-01-24,11.987817587354439
2017-01-25,12.137681846448508
2017-01-26,12.212281492953236
2017-01-27,12.314164888365822
2017-01-30,12.205531544185938
2017-01-31,12.089537956037086
2017-02-01,12.453493203272405
2017-02-02,12.457436368838781
2017-02-03,12.469845851263726
2017-02-06,12.681002456154948
2017-02-07,12.662958876643376
2017-02-08,12.691526944750263
2017-02-09,12.657273618172292
2017-02-10,12.648584694723327
2017-02-13,12.63785925849147
2017-02-14,12.539201814962702
2017-02-15,12.555996750535611
2017-02-16,12.54788490502294
2017-02-17,12.617372882136857
2017-02-21,12.828747622530324
2017-02-22,12.889574640701687
2017-02-23,12.690167463281147
2017-02-24,12.664280299202591
2017-02-27,12.884626142896815
2017-02-28,12.68385967830868
2017-03-01,12.943505574979497
2017-03-02,12.708531277729561
2017-03-03,12.6645072603512
2017-03-06,12.66193624212405
2017-03-07,12.715011832226269
2017-03-08,12.739058914384254
2017-03-09,12.753004738028649
2017-03-10,12.892963161451167
2017-03-13,13.043646233289074
2017-03-14,12.972698378065305
2017-03-15,13.068098490903385
2017-03-16,13.046015740463115
2017-03-17,13.04760034812075
2017-03-20,13.24256283990577
2017-03-21,12.949413012098457
2017-03-22,13.102633913915405
2017-03-23,13.043324660832813
2017-03-24,13.199089034828138
2017-03-27,13.258284116780475
2017-03-28,13.295483008633356
2017-03-29,13.294853473516252
2017-03-30,13.394595829414582
2017-03-31,13.422542033660928
2017-04-03,13.423215356919771
2017-04-04,13.237411803678944
2017-04-05,13.185718059441662
2017-04-06,13.103630930495244
2017-04-07,13.11447119388777
2017-04-10,12.954333421112102
2017-04-11,12.9051814234404
2017-04-12,12.74767981760188
2017-04-13,12.652000987711306
2017-04-17,12.884422548145718
2017-04-18,12.876233887879119
2017-04-19,12.882932626296006
2017-04-20,13.06018913825879
2017-04-21,13.046693484365992
2017-04-24,13.186283611485203
2017-04-25,13.35526850668714
2017-04-26,13.30724700121594
2017-04-27,13.446233518350079
2017-04-28,13.476525811432417
2017-05-01,13.672961622941557
2017-05-02,13.281716186918
2017-05-03,13.334480780971981
2017-05-04,13.257840021730757
2017-05-05,13.31870069959162
2017-05-08,13.319399685869122
2017-05-09,13.4213505062797
2017-05-10,13.82686632922801
2017-05-11,13.90586109687086
2017-05-12,13.970888430806736
2017-05-15,14.097797889799024
2017-05-16,14.352742315461299
2017-05-17,13.660670671094438
2017-05-18,13.909914395399092
2017-05-19,13.992453202349765
2017-05-22,14.091688807757656
2017-05-23,14.061521940071874
2017-05-24,14.195031233158439
2017-05-25,14.311040626555835
2017-05-26,14.400832619878358
2017-05-30,14.539326831086775
2017-05-31,14.475940594437217
2017-06-01,14.445003890692547
2017-06-02,14.706772954338318
2017-06-05,14.835229697133466
2017-06-06,14.933797639163224
2017-06-07,15.07021770600787
2017-06-08,15.331155552241492
2017-06-09,14.681004681475171
2017-06-12,14.622416408387817
2017-06-13,14.73358021625791
2017-06-14,14.655042462226143
2017-06-15,14.552266850778848
2017-06-16,14.51112057136696
2017-06-19,14.869866331319104
2017-06-20,14.86945024848458
2017-06-21,15.24611260413585
2017-06-22,15.249821834466891
2017-06-23,15.219531228772958
2017-06-26,15.175518400629134
2017-06-27,14.733618701751855
2017-06-28,14.957242086383037
2017-06-29,14.573842441072587
2017-06-30,14.428596709687334
2017-07-03,14.172403504052935
2017-07-05,14.534543584112315
2017-07-06,14.460243820147637
2017-07-07,14.678531435650127
2017-07-10,14.941979935287357
2017-07-11,15.072396129392732
2017-07-12,15.377670667819034
2017-07-13,15.27850274920462
2017-07-14,15.507393408194627
2017-07-17,15.459924282500506
2017-07-18,15.51561862691738
2017-07-19,15.606507932863623
2017-07-20,15.672906558559394
2017-07-21,15.667938363198212
2017-07-24,15.704461718196441
2017-07-25,15.53401718897007
2017-07-26,15.666572130147534
2017-07-27,15.491801949785362
2017-07-28,15.453475181340817
2017-07-31,15.215253327882493
2017-08-01,15.281097697583467
2017-08-02,15.285592104653917
2017-08-03,15.180756045425625
2017-08-04,15.218494548048332
2017-08-07,15.4531933466311
2017-08-08,15.381690955015678
2017-08-09,15.301828945015632
2017-08-10,14.81330210698348
2017-08-11,14.86836685597285
2017-08-14,15.299542494683756
2017-08-15,15.388443169934504
2017-08-16,15.375412634775028
2017-08-17,15.04249881594473
2017-08-18,15.120921658789094
2017-08-21,14.989128187153966
2017-08-22,15.262072431481814
2017-08-23,15.34548643150839
2017-08-24,15.301875964715924
2017-08-25,15.18063867667553
2017-08-28,15.198355097846918
2017-08-29,15.231740042013502
2017-08-30,15.425634979899593
2017-08-31,15.657911141897566
2017-09-01,15.726624528967355
2017-09-05,15.506607552610754
2017-09-06,15.543670598679165
2017-09-07,15.59806704084385
2017-09-08,15.412658848507196
2017-09-11,15.682497719250527
2017-09-12,15.699557759633587
2017-09-13,15.7139871899387
2017-09-14,15.648264808183463
2017-09-15,15.878535221053397
2017-09-18,16.089237888780968
2017-09-19,16.186471497396656
2017-09-20,16.1838172268096
2017-09-21,16.039231760445894
2017-09-22,15.968045119311483
2017-09-25,15.491554661870486
2017-09-26,15.47815062939239
2017-09-27,15.874862091328065
2017-09-28,15.957402579204054
2017-09-29,16.16202798339117
2017-10-02,16.18091520769895
2017-10-03,16.33055319895601
2017-10-04,16.28260427220945
2017-10-05,16.406854133428755
2017-10-06,16.458114906876887
2017-10-09,16.639269306319548
2017-10-10,16.75517402764086
2017-10-11,16.952540911965336
2017-10-12,16.959107892656412
2017-10-13,17.03592110748215
2017-10-16,17.145646532559294
2017-10-17,17.07749374419845
2017-10-18,17.15418406714345
2017-10-19,17.067613342806872
2017-10-20,17.083370644713078
2017-10-23,17.050487757718777
2017-10-24,17.147113985595315
2017-10-25,16.72005177316739
2017-10-26,16.657450844346865
2017-10-27,17.150664715856607
2017-10-30,17.156494727265937
2017-10-31,17.35842631679296
2017-11-01,17.336041903750242
2017-11-02,17.31225338023613
2017-11-03,17.490605620384112
2017-11-06,17.659822763037862
2017-11-07,17.710243887836576
2017-11-08,17.647768282698802
2017-11-09,17.34402006940913
2017-11-10,17.52956083090349
2017-11-13,17.520269390607083
2017-11-14,17.52605621472684
2017-11-15,17.42035604593465
2017-11-16,17.644181923346785
2017-11-17,17.60234983557562
2017-11-20,17.733377900604406
2017-11-21,17.99147798557779
2017-11-22,17.918120011237015
2017-11-24,18.09620984144941
2017-11-27,17.975684120601183
2017-11-28,17.803997051690544
2017-11-29,17.060447686592166
2017-11-30,17.157339859994014
2017-12-01,16.984243646329347
2017-12-04,16.401465297069233
2017-12-05,16.481426166299332
2017-12-06,16.620412109423217
2017-12-07,16.823511150727306
2017-12-08,16.810854588581737
2017-12-11,16.926541565175288
2017-12-12,16.74720269883166
2017-12-13,16.779749761511408
2017-12-14,16.775157515736794
2017-12-15,17.03508296994697
2017-12-18,17.30337410341518
2017-12-19,17.241735034414607
2017-12-20,17.326349208831143
2017-12-21,17.176350272855984
2017-12-22,17.120054566385477
2017-12-26,16.94009274712465
2017-12-27,16.99149132837846
2017-12-28,17.004257958340766
2017-12-29,16.820111910028363
2018-01-02,17.421332402073233
2018-01-03,17.89303737559045
2018-01-04,18.131099596414312
2018-01-05,18.196561222213067
2018-01-08,18.368634684123208
2018-01-09,18.088148584179525
2018-01-10,18.044526844963396
2018-01-11,18.06116876478267
2018-01-12,18.013510616418884
2018-01-16,17.969789002407133
2018-01-17,18.263642083132883
2018-01-18,18.43410248377079
2018-01-19,18.464569594481766
2018-01-22,18.707459334863433
2018-01-23,18.95788231257832
2018-01-24,18.687688954823038
2018-01-25,18.58348142476201
2018-01-26,18.948401527243384
2018-01-29,18.928889666861807
2018-01-30,18.611221163457156
2018-01-31,19.07067739007505
2018-02-01,18.835964357225723
2018-02-02,18.21521393723019
2018-02-05,17.290376118875322
2018-02-06,17.973423163513885
2018-02-07,17.62601910156836
2018-02-08,16.86770305470661
2018-02-09,17.381524489081574
2018-02-12,17.676722288909232
2018-02-13,17.751177277339885
2018-02-14,18.172286881472036
2018-02-15,18.375222460356767
2018-02-16,18.241749166208624
2018-02-20,18.412476440480262
2018-02-21,18.209743288405868
2018-02-22,18.218618235479962
2018-02-23,18.68416866400298
2018-02-26,18.94206583101592
2018-02-27,18.81462137188678
2018-02-28,18.563078947411412
2018-03-01,18.177690015766405
2018-03-02,18.39824615424842
2018-03-05,18.632745953494616
2018-03-06,18.792471643718176
2018-03-07,18.99030589526559
2018-03-08,18.99616740617909
2018-03-09,19.20097457213214
2018-03-12,19.57452645209383
2018-03-13,19.409866112405215
2018-03-14,19.416640368094907
2018-03-15,19.47036730165831
2018-03-16,19.442965359663773
2018-03-19,18.948325750894355
2018-03-20,18.963663352475027
2018-03-21,19.0266904954821
2018-03-22,18.496904246566576
2018-03-23,17.851274528615185
2018-03-26,18.365731426676657
2018-03-27,17.534201350833037
2018-03-28,17.31196083828431
2018-03-29,17.74456304993462
2018-04-02,17.121153878320445
2018-04-03,17.417319869314706
2018-04-04,17.651206093726923
2018-04-05,17.537326579202226
2018-04-06,17.073714416267556
2018-04-09,17.17903783264378
2018-04-10,17.763352994337545
2018-04-11,17.675787027369342
2018-04-12,17.95239164936108
2018-04-13,17.87834368910625
2018-04-16,17.975218294934518
2018-04-17,18.318407337924526
2018-04-18,18.274905391381196
2018-04-19,17.901059718024374
2018-04-20,17.67577271051115
2018-04-23,17.522693354981435
2018-04-24,17.13018454997782
2018-04-25,16.981086239816015
2018-04-26,17.76973198824139
2018-04-27,17.711204938242012
2018-04-30,17.458309795472065
2018-05-01,17.7119609954077
2018-05-02,17.518196176507896
2018-05-03,17.57497863057518
2018-05-04,17.940908279857286
2018-05-07,18.24668300596257
2018-05-08,18.33687036548536
2018-05-09,18.7126302787625
2018-05-10,19.035634726051217
2018-05-11,18.92310546122418
2018-05-14,19.06811500092547
2018-05-15,18.90696406892736
2018-05-16,19.10251305016287
2018-05-17,18.96821938026855
2018-05-18,18.83987736607714
2018-05-21,19.07844485877637
2018-05-22,19.185229266144287
2018-05-23,19.41363562849893
2018-05-24,19.533748271657245
2018-05-25,19.6186952703988
2018-05-29,19.533998688846285
2018-05-30,19.75179406807248
2018-05-31,19.658341668301247
2018-06-01,20.125832279303786
2018-06-04,20.418093751810073
2018-06-05,20.42362337318501
2018-06-06,20.623311839842458
2018-06-07,20.337466064395553
2018-06-08,20.42020515712217
2018-06-11,20.565766000732104
2018-06-12,20.63712364430263
2018-06-13,20.71093512318541
2018-06-14,20.833773244401346
2018-06-15,20.772022633918425
2018-06-18,20.97741437753467
2018-06-19,20.814309852942852
2018-06-20,20.92591661903346
2018-06-21,20.59689073990922
2018-06-22,20.482525837879738
2018-06-25,19.77749384449391
2018-06-26,19.98026661964147
2018-06-27,19.496928525211295
2018-06-28,19.713237452745442
2018-06-29,19.564053535027007
2018-07-02,19.835721154520225
2018-07-03,19.43810419909682
2018-07-05,19.86261817171111
2018-07-06,20.261799004590248
2018-07-09,20.470245761340195
2018-07-10,20.597963105508963
2018-07-11,20.27780972191594
2018-07-12,20.282517419972077
2018-07-13,20.255065072161816
2018-07-16,20.26289171841286
2018-07-17,20.56878441309998
2018-07-18,20.56843522746656
2018-07-19,20.537565810351182
2018-07-20,20.563727451757952
2018-07-23,20.688363752438278
2018-07-24,20.67681242887603
2018-07-25,20.970037371374428
2018-07-26,20.83206926213109
2018-07-27,20.793236039154024
2018-07-30,20.608463319355156
2018-07-31,20.432102183409818
2018-08-01,20.43898171620894
2018-08-02,20.677945379568428
2018-08-03,20.66381302065091
2018-08-06,20.881139860193688
2018-08-07,21.029272490578563
2018-08-08,21.148554076722043
2018-08-09,20.944533321671386
2018-08-10,20.703129159582495
2018-08-13,20.761153652467318
2018-08-14,20.872375690219037
2018-08-15,20.49905823995855
2018-08-16,20.343212088278268
2018-08-17,20.24170198559585
2018-08-20,20.303371798217555
2018-08-21,20.576232019961754
2018-08-22,20.789716790843215
2018-08-23,21.000291933277072
2018-08-24,21.526699310209292
2018-08-27,22.004322440121122
2018-08-28,22.015312580023764
2018-08-29,22.264687829552923
2018-08-30,22.22041793004614
2018-08-31,22.254290854620777
2018-09-04,22.650272129863794
2018-09-05,22.428416389685164
2018-09-06,21.8808745655459
2018-09-07,22.009029851265865
2018-09-10,22.55156172315576
2018-09-11,22.52013523476707
2018-09-12,22.58479029391096
2018-09-13,22.488925681881437
2018-09-14,23.027999182336533
2018-09-17,22.770763821980214
2018-09-18,22.83377673551429
2018-09-19,22.777972904554048
2018-09-20,22.924032455358347
2018-09-21,22.768140818053777
2018-09-24,23.197122065747852
2018-09-25,23.14716214205071
2018-09-26,23.05474101755987
2018-09-27,23.2612317984064
2018-09-28,23.041739835770258
2018-10-01,23.23591644150856
2018-10-02,22.869001810695558
2018-10-03,22.879367860734554
2018-10-04,22.36022314171791
2018-10-05,22.023085980869492
2018-10-08,21.726565948133498
2018-10-09,21.802194091646037
2018-10-10,20.70223623216368
2018-10-11,20.60877390647795
2018-10-12,21.118870646243437
2018-10-15,20.827143479892587
2018-10-16,21.56999694604443
2018-10-17,21.353473060946445
2018-10-18,20.807750375374635
2018-10-19,20.374753949769673
2018-10-22,20.55312544805877
2018-10-23,20.3069590702923
2018-10-24,19.014124682686887
2018-10-25,19.30631370965295
2018-10-26,18.635757390648454
2018-10-29,18.0918829997709
2018-10-30,18.698775199029377
2018-10-31,19.30502507612623
2018-11-01,19.8223485573477
2018-11-02,19.626317342576748
2018-11-05,19.477430831803886
2018-11-06,19.707180493665373
2018-11-07,20.243315976551997
2018-11-08,20.007616188443578
2018-11-09,19.700110630011146
2018-11-12,18.80307051905454
2018-11-13,19.0287057224126
2018-11-14,19.188679227742195
2018-11-15,19.67906098567608
2018-11-16,19.03314725268919
2018-11-19,18.03768046219744
2018-11-20,17.952406099505236
2018-11-21,18.04895625680495
2018-11-23,18.012009833012673
2018-11-26,18.520247283125283
2018-11-27,18.63254815491894
2018-11-28,19.131017181791336
2018-11-29,19.08038513781075
2018-11-30,19.256247440125037
2018-12-03,19.825902914633133
2018-12-04,18.77571837628241
2018-12-06,18.845015918296895
2018-12-07,18.182439919913225
2018-12-10,18.525293797180503
2018-12-11,18.66856320396361
2018-12-12,18.997656278919088
2018-12-13,18.928759531709044
2018-12-14,18.607330394222117
2018-12-17,18.219972526033644
2018-12-18,18.475897546121853
2018-12-19,17.781239812927147
2018-12-20,17.590361927757467
2018-12-21,17.09477136000873
2018-12-24,16.66689633678015
2018-12-26,17.719944782297134
2018-12-27,17.795100269574565
2018-12-28,17.826252096548956
2018-12-31,17.87650315319526
2019-01-02,18.097402170969715
2019-01-03,17.08053680381297
2019-01-04,17.948433264133282
2019-01-07,18.408164821323492
2019-01-08,18.430400034979538
2019-01-09,18.712014005582233
2019-01-10,18.79122578116131
2019-01-11,18.88828645702306
2019-01-14,18.750089130032197
2019-01-15,18.977807739597118
2019-01-16,18.777219875749374
2019-01-17,19.030536830141944
2019-01-18,19.476762003017626
2019-01-22,18.886056077884348
2019-01-23,18.90543628180509
2019-01-24,19.477743022613737
2019-01-25,19.99588543267884
2019-01-28,19.187772791461896
2019-01-29,18.716740744151902
2019-01-30,19.683059596445844
2019-01-31,20.23393798906575
2019-02-01,20.275397172000645
2019-02-04,20.538010091630092
2019-02-05,20.532199438175443
2019-02-06,20.713275529784003
2019-02-07,20.17455583418684
2019-02-08,20.217910076430783
2019-02-11,20.18703762386064
2019-02-12,20.508448804459487
2019-02-13,20.600880477706138
2019-02-14,20.699624032668417
2019-02-15,20.785788592572256
2019-02-19,20.83469879278216
2019-02-20,20.91200459455111
2019-02-21,20.762898228970805
2019-02-22,21.024861302307603
2019-02-25,21.163372874379295
2019-02-26,21.07926537392008
2019-02-27,20.78237397593844
2019-02-28,20.732194933024168
2019-03-01,20.90616768963385
2019-03-04,20.93310599240571
2019-03-05,20.967549648358922
2019-03-06,20.565297188176977
2019-03-07,20.29275780035302
2019-03-08,20.336303351406062
2019-03-11,20.879426150990028
2019-03-12,21.05631615054583
2019-03-13,21.196311501198405
2019-03-14,20.93109083669865
2019-03-15,21.336116988010776
2019-03-18,21.304112913896656
2019-03-19,21.89667056279993
2019-03-20,21.891389198018246
2019-03-21,22.802683841904404
2019-03-22,22.109549881483964
2019-03-25,21.912978074975634
2019-03-26,21.999996374821368
2019-03-27,21.717350619550437
2019-03-28,21.78000787517585
2019-03-29,22.11824448787732
2019-04-01,22.497606408928064
2019-04-02,22.642331619009287
2019-04-03,23.137850641453216
2019-04-04,23.116105715588414
2019-04-05,23.19681605930206
2019-04-08,23.125930621438663
2019-04-09,22.862244957861314
2019-04-10,23.082271558617254
2019-04-11,23.081434813284588
2019-04-12,23.220549724847082
2019-04-15,23.08636855844104
2019-04-16,23.307744334931414
2019-04-17,23.42509627777378
2019-04-18,23.53011269988061
2019-04-22,23.657964067944597
2019-04-23,23.768785017420335
2019-04-24,23.77949610077996
2019-04-25,23.813970021950883
2019-04-26,23.620773481435876
2019-04-29,23.72963984301385
2019-04-30,23.565182836842542
2019-05-01,23.331944915569373
2019-05-02,23.525709856337993
2019-05-03,23.752727226100816
2019-05-06,23.40017005676582
2019-05-07,22.885485678064022
2019-05-08,22.847490223107396
2019-05-09,22.725134371804128
2019-05-10,22.76624453454402
2019-05-13,21.82005687840454
2019-05-14,22.204692036831787
2019-05-15,22.451071585301406
2019-05-16,22.45126482239634
2019-05-17,22.01640730084932
2019-05-20,21.34827369833937
2019-05-21,21.682256142053618
2019-05-22,21.530391720926865
2019-05-23,21.007097586250257
2019-05-24,20.953763336118815
2019-05-28,21.141300712907658
2019-05-29,20.90410170359861
2019-05-30,20.965365613923467
2019-05-31,20.594422721162545
2019-06-03,20.16771395469723
2019-06-04,20.947836375233145
2019-06-05,20.83176388403664
2019-06-06,21.26632497890885
2019-06-07,21.652234019969047
2019-06-10,22.039306036499596
2019-06-11,22.07115682396552
2019-06-12,21.712441560631927
2019-06-13,21.791132701744292
2019-06-14,21.378753930403946
2019-06-17,21.38655199541969
2019-06-18,22.055156475098375
2019-06-19,22.042869944587412
2019-06-20,22.192273308425502
2019-06-21,22.03147583506641
2019-06-24,22.18123262054372
2019-06-25,21.753619628507497
2019-06-26,22.312100869519828
2019-06-27,22.633242897471213
2019-06-28,22.702121649957366
2019-07-01,23.289725982338364
2019-07-02,23.177864730804558
2019-07-03,23.122692658614444
2019-07-05,23.04978269808998
2019-07-08,22.94761276335572
2019-07-09,23.212949020543256
2019-07-10,23.624199470932478
2019-07-11,23.733163553662216
2019-07-12,24.029201913362098
2019-07-15,24.196755610429875
2019-07-16,23.967499880738714
2019-07-17,23.94683804399275
2019-07-18,24.143331696756434
2019-07-19,24.10605781163212
2019-07-22,24.543451843115943
2019-07-23,24.73517357831616
2019-07-24,25.00189679807523
2019-07-25,24.674160467008157
2019-07-26,25.005753056949715
2019-07-29,24.873118402355615
2019-07-30,24.851384092070568
2019-07-31,23.943998054659055
2019-08-01,23.626481648215613
2019-08-02,23.355371928664567
2019-08-05,22.331212493301898
2019-08-06,22.71434868026461
2019-08-07,22.777971106404657
2019-08-08,23.64519510337411
2019-08-09,23.425349702619187
2019-08-12,23.11021541471439
2019-08-13,23.616096354501636
2019-08-14,22.65752525129438
2019-08-15,22.64813214217159
2019-08-16,23.266250326094152
2019-08-19,23.802610561200833
2019-08-20,23.547762441647937
2019-08-21,23.859427552542968
2019-08-22,23.852047661527312
2019-08-23,22.8474822374953
2019-08-26,23.209919224534076
2019-08-27,23.070074129984928
2019-08-28,23.20639742974236
2019-08-29,23.76258425905333
2019-08-30,23.819908774340625
2019-09-03,23.39765480898681
2019-09-04,23.944551792379983
2019-09-05,24.692074709039183
2019-09-06,24.465636944045304
2019-09-09,24.50317986233229
2019-09-10,24.512015295467446
2019-09-11,24.684471114859665
2019-09-12,24.790999699620144
2019-09-13,24.752249788987807
2019-09-16,24.62584440141778
2019-09-17,24.791775164821388
2019-09-18,24.70808180857209
2019-09-19,24.736281312243115
2019-09-20,24.41846026040837
2019-09-23,24.530273335080004
2019-09-24,24.11607911348488
2019-09-25,24.423802337125956
2019-09-26,24.409745428204477
2019-09-27,23.62436294172594
2019-09-30,23.782487207179862
2019-10-01,23.635160578823474
2019-10-02,23.310032599459806
2019-10-03,23.826283305849632
2019-10-04,24.150559848976105
2019-10-07,24.09105796561271
2019-10-08,23.617556789200346
2019-10-09,23.91991778825277
2019-10-10,24.047680789898926
2019-10-11,24.56293063149063
2019-10-14,24.6619479921253
2019-10-15,25.280854338572578
2019-10-16,25.11462553896408
2019-10-17,25.181830689884624
2019-10-18,24.754563557621516
2019-10-21,25.242342888739834
2019-10-22,24.986135705379166
2019-10-23,24.977128437296436
2019-10-24,25.35004760231415
2019-10-25,25.794367535414608
2019-10-28,26.168490809285995
2019-10-29,25.868683631856683
2019-10-30,25.93535051514252
2019-10-31,25.99649269008379
2019-11-01,26.32278133849101
2019-11-04,26.943217885271718
2019-11-05,26.94756536905248
2019-11-06,26.76225126841435
2019-11-07,26.87104173146895
2019-11-08,26.79119125815377
2019-11-11,26.67031229245253
2019-11-12,26.88036015809911
2019-11-13,26.911954112378503
2019-11-14,27.02334005083358
2019-11-15,27.23937323473339
2019-11-18,27.52198394781521
2019-11-19,27.61589169080704
2019-11-20,27.42503319275009
2019-11-21,27.261963202787097
2019-11-22,27.244108755798212
2019-11-25,27.79362860496558
2019-11-26,27.56119602774726
2019-11-27,27.822777247057726
2019-11-29,27.60445293369023
2019-12-02,27.180789533384637
2019-12-03,27.02702812927167
2019-12-04,27.341055461185082
2019-12-05,27.470409487537413
2019-12-06,27.805333374524096
2019-12-09,27.587428271715556
2019-12-10,27.738867281468377
2019-12-11,28.101436094941885
2019-12-12,28.86675634780422
2019-12-13,28.557001681732228
2019-12-16,29.04089663008979
2019-12-17,29.16882021200066
2019-12-18,29.229621237727972
2019-12-19,29.505261425234
2019-12-20,29.74993565324396
2019-12-23,29.9194617975953
2019-12-24,29.97566988842387
2019-12-26,30.093450089542007
2019-12-27,29.922814643533446
2019-12-30,29.52046090014199
2019-12-31,29.70535338384116
2020-01-02,30.58233264567893
2020-01-03,30.11196470591196
2020-01-06,30.177313574641598
2020-01-07,30.5492183356111
2020-01-08,30.577890912467094
2020-01-09,30.842597569301187
2020-01-10,30.651204603544418
2020-01-13,31.118641521001265
2020-01-14,30.99963991613829
2020-01-15,30.810811475927466
2020-01-16,31.24782094530992
2020-01-17,31.465452343071142
2020-01-21,31.4950586207814
2020-01-22,31.62196685450523
2020-01-23,31.711058584321457
2020-01-24,31.407226084365842
2020-01-27,30.444741835802475
2020-01-28,31.149100675837058
2020-01-29,30.958793773863423
2020-01-30,30.788232028440657
2020-01-31,29.86788681247362
2020-02-03,30.39060378012279
2020-02-04,31.117134322266427
2020-02-05,31.38881657443418
2020-02-06,31.751355573735456
2020-02-07,31.491178742348197
2020-02-10,32.15536465274823
2020-02-11,32.32439385338918
2020-02-12,32.7545676378483
2020-02-13,32.75999091068322
2020-02-14,32.99235280919184
2020-02-18,33.076274242864116
2020-02-19,33.853795428734415
2020-02-20,33.26684722871544
2020-02-21,32.151362906946304
2020-02-24,30.574977660980032
2020-02-25,29.718898999538837
2020-02-26,30.000672418174233
2020-02-27,28.481603773888477
2020-02-28,29.239705577103546
2020-03-02,30.379310978178015
2020-03-03,29.245421432424394
2020-03-04,30.695091299940064
2020-03-05,29.621680192312677
2020-03-06,29.057098977607705
2020-03-09,26.769098423867142
2020-03-10,28.232043775944266
2020-03-11,26.90330191013159
2020-03-12,24.09532017128643
2020-03-13,26.612399872522992
2020-03-16,22.502326791072583
2020-03-17,24.112118645839338
2020-03-18,22.57181816699509
2020-03-19,23.430418548680503
2020-03-20,23.031918453255752
2020-03-23,23.414784789172266
2020-03-24,25.906996311245994
2020-03-25,25.53598031391753
2020-03-26,26.988127274761457
2020-03-27,25.99605413122611
2020-03-30,27.060102148031167
2020-03-31,26.627465143674673
2020-04-01,25.351771881877976
2020-04-02,26.046522306109594
2020-04-03,25.47807287520162
2020-04-06,27.741068451253973
2020-04-07,27.659457406800556
2020-04-08,28.349564032250466
2020-04-09,27.884680957873755
2020-04-13,28.28129772748187
2020-04-14,29.50258490048621
2020-04-15,29.077857154294517
2020-04-16,29.622756667432707
2020-04-17,29.931313349907967
2020-04-20,29.380739116524282
2020-04-21,28.029595636515467
2020-04-22,29.42195141457239
2020-04-23,29.395300787737394
2020-04-24,29.786112379749245
2020-04-27,30.019151947420802
2020-04-28,29.482422511534633
2020-04-29,30.772483524084524
2020-04-30,30.552632064592586
2020-05-01,29.485537187757036
2020-05-04,30.016475786318118
2020-05-05,30.252967878690395
2020-05-06,30.429717099294475
2020-05-07,30.75451358748992
2020-05-08,31.303243781454842
2020-05-11,31.698549705745634
2020-05-12,30.801956655964112
2020-05-13,30.182155912634947
2020-05-14,30.858927859689917
2020-05-15,30.900284812038162
2020-05-18,31.62548235488516
2020-05-19,31.5742174861326
2020-05-20,32.42565989720622
2020-05-21,31.931441082049794
2020-05-22,32.124441588710404
2020-05-26,31.96635344180633
2020-05-27,32.20820312517106
2020-05-28,31.627767018873428
2020-05-29,32.28185553420806
2020-06-01,32.272047988021285
2020-06-02,32.576079745896706
2020-06-03,32.838645907565976
2020-06-04,32.889495304961365
2020-06-05,33.631998164200226
2020-06-08,33.654830305578194
2020-06-09,34.21204308273206
2020-06-10,34.60511962518909
2020-06-11,32.54415802471397
2020-06-12,32.97909046549955
2020-06-15,33.41219640522149
2020-06-16,33.79607261256022
2020-06-17,34.00562341997459
2020-06-18,33.99253297782822
2020-06-19,33.82202238622057
2020-06-22,34.41927608325315
2020-06-23,34.36881069025337
2020-06-24,33.60686289668075
2020-06-25,33.94205570638102
2020-06-26,32.81219896759398
2020-06-29,33.17300918656726
2020-06-30,34.08630501446439
2020-07-01,34.20622060389498
2020-07-02,34.445607532238284
2020-07-06,35.32390593028368
2020-07-07,34.915074823674175
2020-07-08,35.57748841564665
2020-07-09,36.32557335086716
2020-07-10,36.220632079409995
2020-07-13,35.39032613640782
2020-07-14,35.90738058934092
2020-07-15,35.86334284778413
2020-07-16,35.680814588054155
2020-07-17,35.67727661199693
2020-07-20,36.639712686317274
2020-07-21,36.42539436274159
2020-07-22,36.97464926501405
2020-07-23,36.121526036875245
2020-07-24,37.0806430753578
2020-07-27,38.24176034552282
2020-07-28,37.18890595673716
2020-07-29,38.62632418473552
2020-07-30,38.795004496887856
2020-07-31,38.892915438685826
2020-08-03,39.37577113026414
2020-08-04,40.19877715602973
2020-08-05,40.34678485270007
2020-08-06,40.65157408656288
2020-08-07,40.32217938672131
2020-08-10,39.940408044103236
2020-08-11,38.780446225765566
2020-08-12,40.07982721059295
2020-08-13,39.730871719474536
2020-08-14,39.6503655854423
2020-08-17,40.286041191723875
2020-08-18,40.207527211081135
2020-08-19,39.96423763537863
2020-08-20,40.19673408768854
2020-08-21,40.555627327432745
2020-08-24,40.824759322690895
2020-08-25,41.625692283026
2020-08-26,42.420209321173324
2020-08-27,41.920362431819484
2020-08-28,42.53824501711038
2020-08-31,42.88471434850354
2020-09-01,43.712907690222096
2020-09-02,44.62817717352742
2020-09-03,42.122375311208636
2020-09-04,41.52517531816038
2020-09-08,39.897674459329195
2020-09-09,41.11266016618386
2020-09-10,40.300374483373915
2020-09-11,40.063936244204015
2020-09-14,40.910367884363836
2020-09-15,41.781221360916135
2020-09-16,40.962613621141465
2020-09-17,40.63612948729494
2020-09-18,39.94782704069271
2020-09-21,40.07054614414406
2020-09-22,40.59131674760351
2020-09-23,39.400785509388896
2020-09-24,39.710247458918204
2020-09-25,40.44143364619981
2020-09-28,41.01737235324092
2020-09-29,41.45433942349537
2020-09-30,41.40707694431262
2020-10-01,42.0130673738309
2020-10-02,40.78544622366118
2020-10-05,41.836572648281496
2020-10-06,41.75851040899642
2020-10-07,42.46735548072926
2020-10-08,42.88554226363664
2020-10-09,42.95267398559286
2020-10-12,43.90928823198841
2020-10-13,43.84625796923869
2020-10-14,43.44459868116529
2020-10-15,43.47675335529706
2020-10-16,43.2219755729162
2020-10-19,42.77712586740027
2020-10-20,42.98464380065811
2020-10-21,42.96722675263533
2020-10-22,43.366340162128566
2020-10-23,43.57147960334212
2020-10-26,42.95297890128776
2020-10-27,43.4976576991225
2020-10-28,41.755424537701785
2020-10-29,42.557899286282115
2020-10-30,41.62371716361581
2020-11-02,41.860193436514066
2020-11-03,42.59967542182472
2020-11-04,44.48095294474025
2020-11-05,46.10851455088927
2020-11-06,47.43887086398709
2020-11-09,46.88484104087554
2020-11-10,45.34426375625
2020-11-11,47.35794247305582
2020-11-12,46.528332827378605
2020-11-13,47.589738984523734
2020-11-16,48.733272368526706
2020-11-17,49.24979466517267
2020-11-18,48.99617101296439
2020-11-19,49.9296543892651
2020-11-20,49.058833309309634
2020-11-23,50.93527612715562
2020-11-24,52.51059288290881
2020-11-25,55.186850232494216
2020-11-27,54.89165785541329
2020-11-30,54.809729704507475
2020-12-01,54.999181142171416
2020-12-02,53.78856806271685
2020-12-03,54.28659003862714
2020-12-04,55.04967592836853
2020-12-07,57.80928498271835
2020-12-08,57.5155377725711
2020-12-09,55.622241643196816
2020-12-10,55.76186250768441
2020-12-11,55.734440114472136
2020-12-14,56.138854910328725
2020-12-15,56.269145152581984
2020-12-16,56.146658600459034
2020-12-17,56.63864931845108
2020-12-18,56.02080224219084
2020-12-21,57.13092750278524
2020-12-22,56.66759090257001
2020-12-23,56.62399524224078
2020-12-24,56.486248252831395
2020-12-28,55.78137108600867
2020-12-29,55.084955882410185
2020-12-30,55.68431187822239
2020-12-31,55.32641813485944
2021-01-04,54.90808048502123
2021-01-05,55.86135491262016
2021-01-06,54.771002699516515
2021-01-07,57.03239642948298
2021-01-08,56.84580959070226
2021-01-11,57.2559585375623
2021-01-12,57.00193966729842
2021-01-13,56.5421942262773
2021-01-14,56.41704985270781
2021-01-15,56.17499112283485
2021-01-19,58.03680055429054
2021-01-20,58.61026711380103
2021-01-21,59.48320938527477
2021-01-22,60.77925970888609
2021-01-25,61.97072928308287
2021-01-26,61.52289692763819
2021-01-27,60.40645650280539
2021-01-28,60.234268163261106
2021-01-29,59.25051952722203
2021-02-01,60.404132301433016
2021-02-02,60.40930993683932
2021-02-03,60.67972684106292
2021-02-04,61.05368221279604
2021-02-05,61.612240829809615
2021-02-08,63.33173316510677
2021-02-09,63.81145251993402
2021-02-10,63.479556187764445
2021-02-11,63.8373364763758
2021-02-12,63.67492450737345
2021-02-16,62.85839227614174
2021-02-17,61.96182958955182
2021-02-18,61.31158982043644
2021-02-19,62.512708914815356
2021-02-22,60.62506985444275
2021-02-23,60.111376380678
2021-02-24,61.073918506778185
2021-02-25,57.91903968075062
2021-02-26,58.869774143150465
2021-03-01,60.47180335409801
2021-03-02,59.18898441734419
2021-03-03,57.430269575460706
2021-03-04,56.34520436899145
2021-03-05,57.5038069813997
2021-03-08,54.673174744711645
2021-03-09,57.198678771873915
2021-03-10,56.616964333563566
2021-03-11,59.11368153336515
2021-03-12,58.457774206748915
2021-03-15,59.19635318090851
2021-03-16,59.59049524833144
2021-03-17,59.92383220736292
2021-03-18,57.58112626113903
2021-03-19,58.26299682446653
2021-03-22,59.00237320938325
2021-03-23,57.81540301222841
2021-03-24,56.2177721292771
2021-03-25,56.40524404727684
2021-03-26,57.76457409416502
2021-03-29,57.42042510979568
2021-03-30,57.03539989137147
2021-03-31,58.48989469825086
2021-04-01,60.19296527476112
2021-04-05,61.36019657797689
2021-04-06,60.932896071545066
2021-04-07,61.205359308738046
2021-04-08,61.98889073339139
2021-04-09,62.23999337568394
2021-04-12,61.88882419735678
2021-04-13,62.67931380057519
2021-04-14,61.355073322957395
2021-04-15,62.215892896999236
2021-04-16,61.87433386228493
2021-04-19,60.66210301451438
2021-04-20,60.17464273070682
2021-04-21,61.05168890877081
2021-04-22,59.839676887536484
2021-04-23,61.29645864168204
2021-04-26,62.27120540574898
2021-04-27,62.135697388410236
2021-04-28,61.624391552706406
2021-04-29,62.26710645143648
2021-04-30,61.183693069513886
2021-05-03,60.335865708640775
2021-05-04,59.44546111202265
2021-05-05,59.25697196373689
2021-05-06,59.398702059563824
2021-05-07,59.754932636256314
2021-05-10,57.416482783135315
2021-05-11,57.98189288908863
2021-05-12,55.86973490696324
2021-05-13,55.9861281847853
2021-05-14,57.94424454741168
2021-05-17,57.83940992497883
2021-05-18,57.563166506251534
2021-05-19,57.976701668753975
2021-05-20,59.015856638786204
2021-05-21,58.87529929332655
2021-05-24,60.25180126599668
2021-05-25,60.39557482869794
2021-05-26,60.867301412697614
2021-05-27,61.1417360104518
2021-05-28,61.788399383444485
2021-06-01,61.91934243955701
2021-06-02,62.731829156082895
2021-06-03,61.85889950604005
2021-06-04,63.17298838964187
2021-06-07,63.334671624057265
2021-06-08,62.69650462836447
2021-06-09,62.431520431492714
2021-06-10,62.996500252702546
2021-06-11,63.327983206635814
2021-06-14,64.07713184151402
2021-06-15,63.57214427069946
2021-06-16,63.19577462262666
2021-06-17,64.60885661498145
2021-06-18,63.727305140389035
2021-06-21,63.705749573548665
2021-06-22,64.31851595432855
2021-06-23,64.90543654808685
2021-06-24,65.58742221337909
2021-06-25,65.40356168973109
2021-06-28,66.99434783719948
2021-06-29,67.04458420140683
2021-06-30,67.34774250139117
2021-07-01,66.4458314820477
2021-07-02,66.95298444509574
2021-07-06,67.31525387218582
2021-07-07,65.97997464540978
2021-07-08,65.42723736593851
2021-07-09,66.2435152535278
2021-07-12,66.73242791206296
2021-07-13,66.50301189524819
2021-07-14,65.99836715424519
2021-07-15,64.65971437766642
2021-07-16,63.74118741673274
2021-07-19,63.635560076185165
2021-07-20,64.24441794064865
2021-07-21,65.4743385589673
2021-07-22,65.5800139864601
2021-07-23,66.50442479437662
2021-07-26,66.51948823280753
2021-07-27,65.57383436073414
2021-07-28,67.0979856047631
2021-07-29,67.41926637212956
2021-07-30,67.42596058865892
2021-08-02,67.74439075499458
2021-08-03,68.63050529000658
2021-08-04,69.56652234936331
2021-08-05,69.47733825615782
2021-08-06,68.92416234081243
2021-08-09,68.84226729968191
2021-08-10,68.01600254019327
2021-08-11,67.73738234423763
2021-08-12,68.20664485864434
2021-08-13,68.84244516173075
2021-08-16,68.52980423354227
2021-08-17,67.5034063027168
2021-08-18,66.99454342724867
2021-08-19,67.20107943622745
2021-08-20,67.89565190486343
2021-08-23,69.55889937478362
2021-08-24,69.62925351278246
2021-08-25,70.23932264840319
2021-08-26,70.0357603065175
2021-08-27,71.46050691549951
2021-08-30,71.80711627843317
2021-08-31,71.76620399679996
2021-09-01,71.80558899955982
2021-09-02,71.5556555933381
2021-09-03,72.13861520322078
2021-09-07,72.17396479281722
2021-09-08,71.03291971662325
2021-09-09,71.13305255137436
2021-09-10,71.16812929638351
2021-09-13,71.09235757089114
2021-09-14,71.35003931477762
2021-09-15,71.86162386379064
2021-09-16,72.27682448433872
2021-09-17,71.24502545319656
2021-09-20,69.13983259942644
2021-09-21,69.3743761465933
2021-09-22,70.2326109861562
2021-09-23,71.18473005974653
2021-09-24,71.12954179980522
2021-09-27,70.78081286994946
2021-09-28,67.72573221122445
2021-09-29,67.06162509613222
2021-09-30,66.97972166980557
2021-10-01,67.50701412378002
2021-10-04,65.56278829842473
2021-10-05,66.5168454732455
2021-10-06,67.06697241717262
2021-10-07,67.73389838521005
2021-10-08,67.41079776451731
2021-10-11,67.09046128289168
2021-10-12,66.50656957945348
2021-10-13,67.2197452882389
2021-10-14,68.75271824657302
2021-10-15,68.89083688465495
2021-10-18,69.7938254815106
2021-10-19,70.34484655488842
2021-10-20,70.01718269389634
2021-10-21,70.89235109525514
2021-10-22,69.93378521369421
2021-10-25,70.82851031805383
2021-10-26,71.57041162300112
2021-10-27,71.66893301236573
2021-10-28,72.44749427856148
2021-10-29,72.96739424626551
2021-11-01,73.6010353913665
2021-11-02,74.09209814908776
2021-11-03,74.72605926556858
2021-11-04,77.19097651095385
2021-11-05,77.31230115810435
2021-11-08,79.28113281325544
2021-11-09,78.4080514248525
2021-11-10,75.70791722729692
2021-11-11,76.89071411461912
2021-11-12,77.98253227734602
2021-11-15,77.99284074136705
2021-11-16,78.40554898395533
2021-11-17,77.6934405426961
2021-11-18,79.16285881958453
2021-11-19,80.3713224139497
2021-11-22,79.11315786667883
2021-11-23,78.62763241967615
2021-11-24,79.8963075945334
2021-11-26,77.90352361682605
2021-11-29,80.2836981234776
2021-11-30,78.4566592527597
2021-12-01,76.95392909009743
2021-12-02,77.2959608841777
2021-12-03,75.57290812171695
2021-12-06,75.49330622286362
2021-12-07,78.49984636149964
2021-12-08,78.60290558458207
2021-12-09,76.97498188170542
2021-12-10,77.86729699373926
2021-12-13,76.06532851678095
2021-12-14,75.69383300981703
2021-12-15,78.69968357193886
2021-12-16,75.87965966791062
2021-12-17,75.85769978333884
2021-12-20,75.01481782284063
2021-12-21,78.05135262125387
2021-12-22,78.73416026541815
2021-12-23,79.7062439709134
2021-12-27,81.55562917428261
2021-12-28,80.75036679466997
2021-12-29,80.45326048592591
2021-12-30,79.75486120685584
2021-12-31,79.05348697773192
2022-01-03,80.66895801463981
2022-01-04,80.14537040811216
2022-01-05,76.48466731567298
2022-01-06,76.84639715202653
2022-01-07,75.45367802026935
2022-01-10,75.5634623927919
2022-01-11,76.7926820215714
2022-01-12,77.24305071823163
2022-01-13,75.71402688875622
2022-01-14,76.67366489162626
2022-01-18,73.62481926099814
2022-01-19,72.29692955278468
2022-01-20,70.55351081681503
2022-01-21,68.16878108038576
2022-01-24,68.45811031602308
2022-01-25,66.42497467801111
2022-01-26,67.05850541682521
2022-01-27,65.16653372950081
2022-01-28,66.84726223164051
2022-01-31,69.85194202828983
2022-02-01,70.56559973236669
2022-02-02,72.05196867450624
2022-02-03,67.3873632294352
2022-02-04,68.20029017790895
2022-02-07,67.6819604129598
2022-02-08,68.71343610759199
2022-02-09,71.09114809745621
2022-02-10,69.68344970902277
2022-02-11,66.84457792046102
2022-02-14,67.08185020121944
2022-02-15,70.16545931570765
2022-02-16,69.65098924779714
2022-02-17,66.15074358273614
2022-02-18,65.08039809531905
2022-02-22,64.47766054010765
2022-02-23,62.82662445948282
2022-02-24,65.29501441123847
2022-02-25,65.94682120858296
2022-02-28,65.99416525533088
2022-03-01,64.54602306036547
2022-03-02,66.25607874986218
2022-03-03,64.54319985720218
2022-03-04,62.825852348308345
2022-03-07,59.80051759368078
2022-03-08,60.26902376263551
2022-03-09,63.13122154263008
2022-03-10,62.082991267465005
2022-03-11,60.464154193953796
2022-03-14,58.712861551408636
2022-03-15,61.26725840792263
2022-03-16,64.4310416867478
2022-03-17,64.78834200829047
2022-03-18,66.15674721170618
2022-03-21,65.96263938929361
2022-03-22,66.86468972612582
2022-03-23,65.59332122720286
2022-03-24,68.11917345503944
2022-03-25,67.7159239933156
2022-03-28,68.53186347929795
2022-03-29,70.10670964132983
2022-03-30,68.69625973083215
2022-03-31,67.11773238790076
2022-04-01,66.80432454318739
2022-04-04,68.54318070057619
2022-04-05,66.50001547513995
2022-04-06,64.28932588579585
2022-04-07,64.06692755759153
2022-04-08,62.8632563118512
2022-04-11,61.336674701735255
2022-04-12,60.78246919027691
2022-04-13,62.091576945723915
2022-04-14,60.0722981655432
2022-04-18,60.489918127729695
2022-04-19,62.01534106381992
2022-04-20,60.924361520982465
2022-04-21,58.93940345997407
2022-04-22,57.50985089336025
2022-04-25,58.432958714876335
2022-04-26,55.65078350555297
2022-04-27,54.862977572723594
2022-04-28,58.12534705563266
2022-04-29,55.85674676305851
2022-05-02,57.81432047074789
2022-05-03,57.93442017888744
2022-05-04,60.43910567255053
2022-05-05,57.286264317556714
2022-05-06,56.61136656582277
2022-05-09,53.01248430877052
2022-05-10,53.947840803371015
2022-05-11,52.329118797752066
2022-05-12,52.520403374923944
2022-05-13,55.42571233215049
2022-05-16,54.808334301091186
2022-05-17,57.01134055605689
2022-05-18,54.19969978961716
2022-05-19,53.83457670936119
2022-05-20,53.31523379063922
2022-05-23,53.783087396035725
2022-05-24,51.73176603434762
2022-05-25,52.75617613901175
2022-05-26,54.60835275069537
2022-05-27,56.75946012104669
2022-05-31,56.71816937300332
2022-06-01,56.16718621270432
2022-06-02,58.39410811316364
2022-06-03,56.393899451744005
2022-06-06,56.57408854869321
2022-06-07,57.04532042287984
2022-06-08,56.4280432181064
2022-06-09,54.55134290378252
2022-06-10,52.334087087920324
2022-06-13,49.33893825038382
2022-06-14,49.67606888967477
2022-06-15,50.9701990971454
2022-06-16,48.287370706714654
2022-06-17,48.98412715683777
2022-06-21,50.088598013295936
2022-06-22,49.85205934682355
2022-06-23,50.18360933293251
2022-06-24,52.53965518201615
2022-06-27,51.879538194733826
2022-06-28,50.11300603875413
2022-06-29,49.62151412522242
2022-06-30,48.74351179986142
2022-07-01,47.879970445499495
2022-07-05,49.41718593682603
2022-07-06,49.61148890639643
2022-07-07,51.37482332972327
2022-07-08,51.43240539811317
2022-07-11,49.66916195171412
2022-07-12,49.379976362626124
2022-07-13,49.33851907562305
2022-07-14,49.297585829196414
2022-07-15,50.50072495166132
2022-07-18,50.25512605875516
2022-07-19,52.27152191020103
2022-07-20,53.72808315035669
2022-07-21,54.4188836593858
2022-07-22,52.29078484474252
2022-07-25,51.803880589117284
2022-07-26,50.58209792285766
2022-07-27,53.44788498604956
2022-07-28,53.783199606205635
2022-07-29,54.30972672521331
2022-08-01,54.47496044088006
2022-08-02,54.82506883279106
2022-08-03,56.01386819242076
2022-08-04,56.9555586395297
2022-08-05,56.51118604170003
2022-08-08,54.708040703634936
2022-08-09,53.19637250987657
2022-08-10,55.28235820341522
2022-08-11,55.03428565899597
2022-08-12,56.636700362367925
2022-08-15,56.852528287580306
2022-08-16,56.28509751748352
2022-08-17,55.075458694256284
2022-08-18,55.5781179448696
2022-08-19,53.59940775292358
2022-08-22,51.769969630581095
2022-08-23,51.66978816272093
2022-08-24,51.83005645900339
2022-08-25,53.61228568890811
2022-08-26,50.66976201241939
2022-08-29,49.783250855917565
2022-08-30,49.24291695942228
2022-08-31,49.0257184656803
2022-09-01,48.31380202857274
2022-09-02,47.59979472260135
2022-09-06,46.996459680311794
2022-09-07,47.56061038385211
2022-09-08,48.11266203449095
2022-09-09,49.47880850365357
2022-09-12,49.809723848531775
2022-09-13,46.368046972048425
2022-09-14,46.55459724777644
2022-09-15,46.099923810894325
2022-09-16,45.9556303374832
2022-09-19,46.09612063873929
2022-09-20,45.33621182778684
2022-09-21,44.84142593576658
2022-09-22,43.961906874211095
2022-09-23,43.465018412263376
2022-09-26,42.89896069051261
2022-09-27,43.16116414438808
2022-09-28,44.00824811920971
2022-09-29,42.76271837067867
2022-09-30,42.390742411277195
2022-10-03,43.54630386653218
2022-10-04,45.13129415977684
2022-10-05,45.31791296374061
2022-10-06,45.18793359341375
2022-10-07,42.64217316684908
2022-10-10,41.71168095004386
2022-10-11,41.23250285939705
2022-10-12,41.17523709456078
2022-10-13,42.232684078727246
2022-10-14,40.543685314492805
2022-10-17,42.01775631122466
2022-10-18,42.012560411016565
2022-10-19,41.81373391519502
2022-10-20,41.940318748462026
2022-10-21,42.83303035432223
2022-10-24,42.94718244406185
2022-10-25,44.0643094383768
2022-10-26,42.564441128338125
2022-10-27,40.914885686529296
2022-10-28,42.30633431244431
2022-10-31,41.68911512461136
2022-11-01,41.438019123418684
2022-11-02,40.1577130309824
2022-11-03,39.77578554526883
2022-11-04,41.12178045040504
2022-11-07,41.31011361314987
2022-11-08,41.94192500685233
2022-11-09,40.92495825805083
2022-11-10,44.96928766214847
2022-11-11,46.713857814652826
2022-11-14,46.31018734311243
2022-11-15,47.81642382766792
2022-11-16,46.38098660982519
2022-11-17,46.16918453609155
2022-11-18,45.944673145707846
2022-11-21,45.290932904269994
2022-11-22,46.43278710868333
2022-11-23,46.96886104431872
2022-11-25,46.51883891370565
2022-11-28,45.37347314687652
2022-11-29,45.160809550674834
2022-11-30,47.90865025045803
2022-12-01,48.03337146068989
2022-12-02,47.4536981398857
2022-12-05,46.63541410551774
2022-12-06,45.2875369177928
2022-12-07,45.16713253300626
2022-12-08,46.047877814403414
2022-12-09,45.879468505712666
2022-12-12,46.62544096124593
2022-12-13,47.568897592305596
2022-12-14,47.094991167185405
2022-12-15,45.3267365540926
2022-12-16,44.918734771892055
2022-12-19,44.00389041821438
2022-12-20,43.90471663320625
2022-12-21,44.88251150584232
2022-12-22,43.35406176828618
2022-12-23,43.48793913500001
2022-12-27,42.59466702333011
2022-12-28,42.12533921839571
2022-12-29,43.60146624527863
2022-12-30,43.43880275917391
2023-01-03,43.441024391959964
2023-01-04,44.18915972565066
2023-01-05,43.36943720625519
2023-01-06,44.62479739127611
2023-01-09,45.26352141386188
2023-01-10,45.89228860001017
2023-01-11,46.656117534039666
2023-01-12,47.45853177563645
2023-01-13,47.572293464756335
2023-01-17,48.012571692009566
2023-01-18,47.45945632024
2023-01-19,46.89303734643425
2023-01-20,48.64796087670448
2023-01-23,50.86605120287761
2023-01-24,50.256394830729484
2023-01-25,50.10468181407865
2023-01-26,51.10413291978511
2023-01-27,51.851609828617
2023-01-30,50.36686770125938
2023-01-31,51.15199060127303
2023-02-01,53.497605086386756
2023-02-02,56.891067426065376
2023-02-03,55.438226750174536
2023-02-06,54.64006840237312
2023-02-07,56.37612020959863
2023-02-08,55.10647414868271
2023-02-09,54.444243412945674
2023-02-10,53.271283943933064
2023-02-13,54.16638913762165
2023-02-14,56.319023618285485
2023-02-15,56.53647932557268
2023-02-16,54.83157576240171
2023-02-17,53.80949129009161
2023-02-21,52.191962829341655
2023-02-22,51.901761278111245
2023-02-23,53.46245653730458
2023-02-24,52.64442428139202
2023-02-27,52.73329408091753
2023-02-28,52.74789316297427
2023-03-01,52.36923146756138
2023-03-02,53.17077930926504
2023-03-03,54.694175561531615
2023-03-06,54.61019530893985
2023-03-07,54.21743132697927
2023-03-08,54.991379601564766
2023-03-09,53.71466861551715
2023-03-10,52.710292465919004
2023-03-13,53.188359446085514
2023-03-14,55.066603408783855
2023-03-15,55.418530367806454
2023-03-16,57.68793419090043
2023-03-17,57.500445822292264
2023-03-20,57.79468422136418
2023-03-21,58.749493152974885
2023-03-22,58.48447458351739
2023-03-23,59.9310131284726
2023-03-24,59.48167836384884
2023-03-27,58.452771745089464
2023-03-28,57.98381809887691
2023-03-29,59.311709931594976
2023-03-30,59.6775919687923
2023-03-31,60.28649795187898
2023-04-03,60.14449175921875
2023-04-04,59.63214262210601
2023-04-05,58.564141325177324
2023-04-06,59.37305333130816
2023-04-10,60.21108707596356
2023-04-11,59.92470734917006
2023-04-12,58.997641139696846
2023-04-13,59.907478194944964
2023-04-14,60.10132936877599
2023-04-17,59.943693162818256
2023-04-18,59.90157510629282
2023-04-19,59.51275193794705
2023-04-20,59.21258914927291
2023-04-21,58.798851730647414
2023-04-24,58.382736196741504
2023-04-25,56.74413209327044
2023-04-26,57.83238029664615
2023-04-27,59.67872778553465
2023-04-28,60.38068646569508
2023-05-01,60.62109255965526
2023-05-02,59.67638129832005
2023-05-03,58.780255613198094
2023-05-04,58.76742230070835
2023-05-05,59.831830441088314
2023-05-08,60.663422723124626
2023-05-09,61.7594053840424
2023-05-10,62.64152802153698
2023-05-11,62.960156722589204
2023-05-12,62.40699020535719
2023-05-15,63.488053711775535
2023-05-16,63.96714357497515
2023-05-17,65.90346042808056
2023-05-18,68.73914111146364
2023-05-19,68.53147760924988
2023-05-22,68.74277534112437
2023-05-23,68.88713478515282
2023-05-24,68.43697391389796
2023-05-25,73.73466409731337
2023-05-26,77.11667697450831
2023-05-30,77.59717660362196
2023-05-31,75.93366779672549
2023-06-01,76.68266774808174
2023-06-02,76.82329096085047
2023-06-05,77.10066002071272
2023-06-06,77.57719845659676
2023-06-07,75.46579895111817
2023-06-08,76.28540099943538
2023-06-09,76.75354595802607
2023-06-12,79.17943855410701
2023-06-13,79.57116375546717
2023-06-14,80.84140626670404
2023-06-15,81.51354703857025
2023-06-16,80.40638307852893
2023-06-20,80.04243491104454
2023-06-21,77.66932152864447
2023-06-22,77.61683605651066
2023-06-23,76.90819038132635
2023-06-26,75.43686403380359
2023-06-27,77.4469049046194
2023-06-28,77.81601906202623
2023-06-29,77.37590850048102
2023-06-30,78.29277482499262
2023-07-03,78.88105237537123
2023-07-05,78.62625444555653
2023-07-06,77.72166976229829
2023-07-07,77.69985347819252
2023-07-10,78.48359162902487
2023-07-11,78.98501961659727
2023-07-12,80.51749310927592
2023-07-13,82.05247314409121
2023-07-14,81.63177245012174
2023-07-17,82.93190145702928
2023-07-18,83.58944644956814
2023-07-19,83.22811505276962
2023-07-20,80.47338947371169
2023-07-21,79.77494637504662
2023-07-24,79.92376834919696
2023-07-25,81.11281841346508
2023-07-26,80.98233584995376
2023-07-27,81.72920599410232
2023-07-28,84.042874065655
2023-07-31,84.90691670448575
2023-08-01,85.30350750514329
2023-08-02,82.05537322153482
2023-08-03,82.20231235494207
2023-08-04,82.24921059716243
2023-08-07,82.93972842877764
2023-08-08,81.20175480484905
2023-08-09,78.59165161605142
2023-08-10,78.48426558154806
2023-08-11,77.26132056359118
2023-08-14,79.59111217859622
2023-08-15,78.44263592132938
2023-08-16,77.50607771195277
2023-08-17,76.0865482455885
2023-08-18,75.99645603651189
2023-08-21,77.99607745851844
2023-08-22,77.42933054046328
2023-08-23,79.5541089728348
2023-08-24,77.15292010342591
2023-08-25,77.24636763769718
2023-08-28,78.13916512132538
2023-08-29,80.40925663966817
2023-08-30,81.29662846220955
2023-08-31,80.9596497219452
2023-09-01,80.70909352112548
2023-09-05,81.18738063147572
2023-09-06,80.49271168373429
2023-09-07,79.61660764666144
2023-09-08,79.577491030082
2023-09-11,80.23028100989107
2023-09-12,79.56896691808451
2023-09-13,80.41955990424627
2023-09-14,81.23774783695801
2023-09-15,78.94563270216977
2023-09-18,79.22963499690161
2023-09-19,78.92128555565877
2023-09-20,77.29030829161901
2023-09-21,75.2680279903211
2023-09-22,75.86238419185696
2023-09-25,76.31761370377716
2023-09-26,75.18233025808394
2023-09-27,76.22907007403956
2023-09-28,77.39749075068526
2023-09-29,77.8708452224649
2023-10-02,78.7854547934925
2023-10-03,76.77132012838531
2023-10-04,78.38690857370975
2023-10-05,78.59412461115737
2023-10-06,80.87235454329041
2023-10-09,81.52288538785196
2023-10-10,82.07445277122083
2023-10-11,83.1802196073038
2023-10-12,83.32116519296926
2023-10-13,81.43010809463664
2023-10-16,82.36837727939458
2023-10-17,81.97368353275763
2023-10-18,80.5645924369914
2023-10-19,80.31316568392171
2023-10-20,78.87157757292849
2023-10-23,79.39749717511405
2023-10-24,80.45693819105277
2023-10-25,77.14593682605023
2023-10-26,75.09274767876917
2023-10-27,75.64575856334665
2023-10-30,76.16913301960845
2023-10-31,76.43285268467129
2023-11-01,78.87879136595868
2023-11-02,81.43814428132215
2023-11-03,83.46408384017917
2023-11-06,83.69864717543068
2023-11-07,84.40991882370326
2023-11-08,84.56712430794892
2023-11-09,84.49126264681459
2023-11-10,87.8795183340571
2023-11-13,87.41771243160372
2023-11-14,89.2364794416727
2023-11-15,88.90805249792712
2023-11-16,89.205455108429
2023-11-17,89.77525329536502
2023-11-20,91.30528756832332
2023-11-21,89.47321013593454
2023-11-22,89.790844575808
2023-11-24,89.05818058135273
2023-11-27,88.7482978336992
2023-11-28,89.09862731134754
2023-11-29,89.04440605440041
2023-11-30,87.96631972296935
2023-12-01,88.01511763378686
2023-12-04,85.63482827636265
2023-12-05,85.71097507279202
2023-12-06,84.49044744371932
2023-12-07,86.91140920193256
2023-12-08,88.07748851912554
2023-12-11,89.26157702400687
2023-12-12,90.44127153787218
2023-12-13,91.23471340909859
2023-12-14,91.79777763879609
2023-12-15,92.27424238752697
2023-12-18,93.0764281059952
2023-12-19,93.53443044805655
2023-12-20,91.34114301548499
2023-12-21,93.7228950877573
2023-12-22,93.77989051790216
2023-12-26,94.68788158846303
2023-12-27,94.7290285367154
2023-12-28,94.9446060784816
2023-12-29,94.2755954752376
2024-01-02,91.6100874366441
2024-01-03,90.54935180222978
2024-01-04,90.46202233805217
2024-01-05,90.9422576725432
2024-01-08,93.88492186183456
2024-01-09,94.11064872586724
2024-01-10,94.99512457053766
2024-01-11,95.35246227689017
2024-01-12,95.51771020944803
2024-01-16,96.81079997093376
2024-01-17,96.54530042949789
2024-01-18,99.03686264609075
2024-01-19,102.2417186606029
2024-01-22,102.38948450669723
2024-01-23,102.49008212283967
2024-01-24,104.10862989481187
2024-01-25,104.42356749607568
2024-01-26,103.73347970195601
2024-01-29,105.21131778902006
2024-01-30,103.89948107407022
2024-01-31,100.849671381413
2024-02-01,102.11505222786582
2024-02-02,106.95419750408315
2024-02-05,107.223254829539
2024-02-06,109.14297807836515
2024-02-07,112.55608844742714
2024-02-08,113.95476472041
2024-02-09,115.08264414178612
2024-02-12,114.81822915031387
2024-02-13,112.51375618532627
2024-02-14,114.98536550676154
2024-02-15,114.69568823641262
2024-02-16,112.65260679790852
2024-02-20,110.56520786531513
2024-02-21,109.74426485410935
2024-02-22,116.41310834043816
2024-02-23,115.58321649551011
2024-02-26,115.99617657433669
2024-02-27,116.86635073348396
2024-02-28,115.75694277045444
2024-02-29,118.44884247812935
2024-03-01,122.06917312572837
2024-03-04,122.467275070032
2024-03-05,120.78631411416231
2024-03-06,124.11921723161058
2024-03-07,127.81558613741767
2024-03-08,124.62486223725308
2024-03-11,121.38450619396481
2024-03-12,124.32579768628696
2024-03-13,122.74658552094284
2024-03-14,121.0990002739335
2024-03-15,119.87484697163083
2024-03-18,121.28471869303024
2024-03-19,120.60499533459605
2024-03-20,122.54425479257972
2024-03-21,125.36303323260387
2024-03-22,126.32656852595598
2024-03-25,126.99554162691717
2024-03-26,126.33208895693828
2024-03-27,125.39990333010836
2024-03-28,124.1558099942663
2024-04-01,126.55205387347786
2024-04-02,125.52793697588987
2024-04-03,126.91676864698033
2024-04-04,123.6374576221522
2024-04-05,125.83512843576298
2024-04-08,125.67685564569443
2024-04-09,125.71337045223493
2024-04-10,125.31173220218786
2024-04-11,128.2592229595717
2024-04-12,125.10528416959801
2024-04-15,122.49580002411078
2024-04-16,123.11864263695296
2024-04-17,120.19060993139507
2024-04-18,118.83234618912644
2024-04-19,113.93284032939977
2024-04-22,115.85971336398326
2024-04-23,118.80968276343079
2024-04-24,118.32766285010614
2024-04-25,117.6438056742485
2024-04-26,122.01018647868155
2024-04-29,121.35407990251943
2024-04-30,119.01065709163072
2024-05-01,116.82554792383637
2024-05-02,118.46361971510002
2024-05-03,121.59159345172992
2024-05-06,125.41952253680623
2024-05-07,122.65592957018993
2024-05-08,123.1575987970696
2024-05-09,122.28520470606529
2024-05-10,123.419768692247
2024-05-13,123.34386018910884
2024-05-14,125.51644765764782
2024-05-15,128.66763944891065
2024-05-16,128.1071136821084
2024-05-17,127.60085488946227
2024-05-20,128.98908419658048
2024-05-21,128.4953713512178
2024-05-22,128.49257670341134
2024-05-23,128.85873725929187
2024-05-24,131.30560839201087
2024-05-28,133.40823442095362
2024-05-29,131.87908998516062
2024-05-30,129.7493716329791
2024-05-31,128.92756105959376
2024-06-03,130.28447955226108
2024-06-04,130.4879695103559
2024-06-05,136.05785670668857
2024-06-06,135.84724356747986
2024-06-07,135.7667120429117
2024-06-10,136.8839323088755
2024-06-11,137.5157726306268
2024-06-12,140.4026104459427
2024-06-13,142.62955062012995
2024-06-14,143.66737349975813
2024-06-17,146.82202031571302
2024-06-18,147.88197081094523
2024-06-20,145.4629115746349
2024-06-21,142.50996577219786
2024-06-24,140.01952302286523
2024-06-25,142.97298938819293
2024-06-26,142.8433304928584
2024-06-27,142.35425477763718
2024-06-28,141.9694201244943
2024-07-01,142.61274360476565
2024-07-02,144.0509480704009
2024-07-03,146.6854465285258
2024-07-05,148.8560935738363
2024-07-08,150.1600817145375
2024-07-09,149.73813639978778
2024-07-10,153.40612686979458
2024-07-11,148.46910659231784
2024-07-12,149.02847443228714
2024-07-15,148.8009342823029
2024-07-16,147.1998834331717
2024-07-17,139.13371008916695
2024-07-18,139.73002680143242
2024-07-19,137.545483070692
2024-07-22,140.30107071445116
2024-07-23,140.5193227014455
2024-07-24,132.34573549686132
2024-07-25,129.91896053598464
2024-07-26,131.74495224264533
2024-07-29,131.24163368352978
2024-07-30,127.73128242518858
2024-07-31,134.22989597888443
2024-08-01,129.14137643658188
2024-08-02,124.96865826656048
2024-08-05,121.79990445863157
2024-08-06,124.72499115877578
2024-08-07,122.53361212600831
2024-08-08,129.3866436521254
2024-08-09,130.73008731330646
2024-08-12,131.24643707107387
2024-08-13,135.52283193538585
2024-08-14,136.12189951635477
2024-08-15,140.0735957670548
2024-08-16,140.82588232137581
2024-08-19,143.2755971042528
2024-08-20,142.44206408873487
2024-08-21,142.97066768543004
2024-08-22,139.519994492215
2024-08-23,141.21413590594176
2024-08-26,138.15728225363907
2024-08-27,138.43878516282206
2024-08-28,136.2501642259606
2024-08-29,135.53943365930712
2024-08-30,137.6321009201024
2024-09-03,130.43156937346853
2024-09-04,130.8181525391933
2024-09-05,130.85939275777562
2024-09-06,126.06811309923164
2024-09-09,130.5738489835092
2024-09-10,132.39712312523216
2024-09-11,137.16277931198118
2024-09-12,138.82299598670818
2024-09-13,140.6139330054204
2024-09-16,139.9520309744897
2024-09-17,139.98006890780417
2024-09-18,139.0964177432797
2024-09-19,143.5774571845839
2024-09-20,143.93340180312592
2024-09-23,144.95798923150835
2024-09-24,145.7920210497257
2024-09-25,147.1305851371167
2024-09-26,150.13738750474639
2024-09-27,147.68238447288113
2024-09-30,147.4245221181779
2024-10-01,144.7640232265136
2024-10-02,145.700326664703
2024-10-03,148.3545403368757
2024-10-04,150.93100222910473
2024-10-07,150.14236114616864
2024-10-08,153.3400868220206
2024-10-09,154.12314120473616
2024-10-10,154.15022563708305
2024-10-11,155.09196433342655
2024-10-14,155.94912802532957
2024-10-15,151.98723708923578
2024-10-16,152.76198723022605
2024-10-17,155.39789603417236
2024-10-18,155.25613703934812
2024-10-21,155.942971190539
2024-10-22,155.7016802314
2024-10-23,153.24715096530096
2024-10-24,153.76104754559444
2024-10-25,156.14700794035238
2024-10-28,155.49091308066232
2024-10-29,158.314576739617
2024-10-30,155.0734943282086
2024-10-31,149.05077156164512
2024-11-01,149.6627971566818
2024-11-04,149.10049693289088
2024-11-05,155.99459672817255
2024-11-06,161.33351960163725
2024-11-07,164.98693372140443
2024-11-08,165.06832554571585
2024-11-11,163.71445705935233
2024-11-12,162.75384765513246
2024-11-13,160.70383081868306
2024-11-14,159.46449288800548
2024-11-15,158.6999637543459
2024-11-18,157.58762165453862
2024-11-19,160.0744399481598
2024-11-20,158.97205463468745
2024-11-21,158.8004382191947
2024-11-22,159.2264222837233
2024-11-25,159.23611545176274
2024-11-26,159.68605958778133
2024-11-27,157.8570213417109
2024-11-29,159.45030944039678
2024-12-02,162.18651444723173
2024-12-03,165.78328488224207
2024-12-04,167.62357174156557
2024-12-05,168.0932717935286
2024-12-06,170.88398628716192
2024-12-09,167.6434599048792
2024-12-10,165.06077959672123
2024-12-11,170.15505900948938
2024-12-12,168.78153676733098
2024-12-13,174.42923659268575
2024-12-16,178.34983970405915
2024-12-17,176.1948798173381
2024-12-18,169.58120783407608
2024-12-19,167.45866847416602
2024-12-20,171.75726315261804
2024-12-23,175.76643654758558
2024-12-24,177.81261070043496
2024-12-26,177.63883535087388
2024-12-27,174.57196894809914
2024-12-30,171.70015240929848
2024-12-31,169.12572702739456
2025-01-02,170.98576208288296
2025-01-03,175.65518932837813
2025-01-06,181.0329849862632
2025-01-07,176.28235008583366
2025-01-08,173.78832420313225
2025-01-10,171.48053864339633
2025-01-13,168.77249797351166
2025-01-14,168.4271501164732
2025-01-15,174.08158570312625
2025-01-16,173.9616364810813
2025-01-17,177.23290277364922
2025-01-21,180.14663975632774
2025-01-22,183.68286984150296
2025-01-23,183.62114705537905
2025-01-24,183.13300734588393
2025-01-27,167.82765807744934
2025-01-28,172.48541021317
2025-01-29,172.06739744385925
2025-01-30,174.54612200249352
2025-01-31,174.4385555151136
2025-02-03,172.3272827913603
2025-02-04,180.1536246840759
2025-02-05,179.6705298828772
2025-02-06,183.09604953647943
2025-02-07,180.49321258417584
2025-02-10,185.03428646282526
2025-02-11,183.61184224876402
2025-02-12,183.90927606693816
2025-02-13,185.46445228990362
2025-02-14,187.38491588475972
2025-02-18,189.40694043654872
2025-02-19,185.60268639074516
2025-02-20,183.44138138516314
2025-02-21,177.9024818024531
2025-02-24,171.25954912622254
2025-02-25,167.26080319827736
2025-02-26,171.07782123818927
2025-02-27,162.51117512604574
2025-02-28,164.4489633800523
2025-03-03,158.78978726144658
2025-03-04,160.43109741560195
2025-03-05,164.91341051451252
2025-03-06,157.04585872281427
2025-03-07,160.79249279091712
2025-03-10,152.27326179818502
2025-03-11,153.96384183945685
2025-03-12,160.23302771819826
2025-03-13,156.2975595062537
2025-03-14,162.40628936646453
2025-03-17,163.38435235674328
2025-03-18,159.45295720769911
2025-03-19,161.9798177225074
2025-03-20,162.6967825968828
2025-03-21,162.17530562808736
2025-03-24,167.3454932464297
2025-03-25,167.06655508462575
2025-03-26,161.16302216460056
2025-03-27,157.90831541855337
2025-03-28,152.8061577328664
2025-03-31,151.67035748991887
2025-04-01,153.5907089447898
2025-04-02,154.6649201831393
2025-04-03,142.52344044612929
2025-04-04,132.468330437752
2025-04-07,135.21047087266604
2025-04-08,132.62053399818947
2025-04-09,153.84195519490797
2025-04-10,144.98254967136612
2025-04-11,148.45530219369334
2025-04-14,149.04115925914658
2025-04-15,150.0856795377811
2025-04-16,143.73909248430758
2025-04-17,142.46395106381505
2025-04-21,138.30310404261508
2025-04-22,141.95083615806828
2025-04-23,147.84923786354207
2025-04-24,154.51990429172344
2025-04-25,158.4670164322424
2025-04-28,157.94425298619998
2025-04-29,158.09137908424682
2025-04-30,158.8749367450128
2025-05-01,162.29565318633828
2025-05-02,168.05073488374737
2025-05-05,167.61766340080575
2025-05-06,163.22479277809572
2025-05-07,164.48292984934415
2025-05-08,167.90725340534652
2025-05-09,167.62285456809502
2025-05-12,175.83110594888151
2025-05-13,182.84462579074926
2025-05-14,185.60404422163248
2025-05-15,184.1279506615794
2025-05-16,185.1334261563363
2025-05-19,184.6282749981524
2025-05-20,183.6798252390698
2025-05-21,181.43477408002508
2025-05-22,182.43531006355818
2025-05-23,180.69106327922867
2025-05-27,185.32040046600946
2025-05-28,185.0217066792066
2025-05-29,185.96942165648068
2025-05-30,186.15097899772007
2025-06-02,189.1981655522838
2025-06-03,191.9663403931442
2025-06-04,193.6197382034304
2025-06-05,191.48962807309
2025-06-06,193.81893707701505
2025-06-09,196.40303721837984
2025-06-10,198.65091739525144
2025-06-11,199.91212946133163
2025-06-12,200.21733926119802
2025-06-13,197.91316876923497
2025-06-16,203.44182870029735
2025-06-17,202.18749578227224
2025-06-18,202.90534642750973
2025-06-20,200.97940293976905
2025-06-23,202.64321868962475
2025-06-24,209.22813865438053
2025-06-25,211.62579745263355
2025-06-26,213.55003140956916
2025-06-27,212.13689570517505
2025-06-30,213.0515652262436
2025-07-01,207.91143574391333
2025-07-02,210.84331353937674
2025-07-03,212.79104043697592
2025-07-07,211.38361646831714
2025-07-08,212.47305207997726
2025-07-09,215.1375246243531
2025-07-10,215.7653514456859
2025-07-11,216.56879356078633
2025-07-14,216.70061229552772
2025-07-15,220.62519753342315
2025-07-16,221.1018868952896
2025-07-17,222.97446729746977
2025-07-18,221.8529008941529
2025-07-21,222.38921935862805
2025-07-22,218.52036865877386
2025-07-23,222.0182539747845
2025-07-24,224.54785878183714
2025-07-25,226.5780974020689
2025-07-28,228.1793601377622
2025-07-29,228.45910472107988
2025-07-30,230.9085576910201
2025-07-31,230.99364053161975
2025-08-01,225.40035071443282
2025-08-04,232.21794863399631
2025-08-05,232.04983236647985
2025-08-06,232.35805175480687
2025-08-07,236.05652718860318
2025-08-08,239.55817004029868
2025-08-11,239.32353595679828
2025-08-12,243.89408341859885
2025-08-13,242.58341869273912
2025-08-14,242.1089303174591
2025-08-15,239.25841880976643
2025-08-18,238.67554257978603
2025-08-19,230.04594060662575
2025-08-20,227.1868393589717
2025-08-21,226.11460990259286
2025-08-22,230.51597584358504
2025-08-25,229.9642970194466
2025-08-26,231.84996793036234
2025-08-27,231.73536548918224
2025-08-28,234.25460586617226
2025-08-29,229.43633527044395
2025-09-02,228.2535454279317
2025-09-03,231.20069064098493
2025-09-04,234.00568517149304
2025-09-05,235.5798724237211
2025-09-08,237.72076129830523
2025-09-09,241.44732545728374
2025-09-10,248.1399986987558
2025-09-11,248.23435360506636
2025-09-12,252.02016317512866
2025-09-15,255.08986053138705
2025-09-16,254.48302708982752
2025-09-17,252.07936495998345
2025-09-18,256.924967595874
2025-09-19,256.9810216210596
2025-09-22,257.72084880831767
2025-09-23,258.42386000073816
2025-09-24,256.2060491109657
2025-09-25,253.95630197489828
2025-09-26,253.21004691788212
2025-09-29,254.7937622375682
2025-09-30,257.40072514936804
2025-10-01,261.7129561168174
2025-10-02,264.2100064575586
2025-10-03,261.4875425109685
2025-10-06,271.8297522448028
2025-10-07,270.96376934193415
2025-10-08,279.8742292779582
2025-10-09,279.10669589247584
2025-10-10,265.0267381656312
2025-10-13,274.7983726815435
2025-10-14,271.2933515832816
2025-10-15,278.2217400870169
2025-10-16,278.86964156338354
2025-10-17,278.41204094340395
2025-10-20,282.3495875322701
2025-10-21,279.37401403402237
2025-10-22,275.79117761518285
2025-10-23,279.835432418265
2025-10-24,288.81868156925043
2025-10-27,294.7571656806171
2025-10-28,297.97897381776636
2025-10-29,304.576622441583
2025-10-30,296.7539606099264
2025-10-31,295.7485747041869
2025-11-03,299.64703542009295
2025-11-04,287.95838076958466
2025-11-05,292.7248761098148
2025-11-06,284.5553757125552
2025-11-07,282.79345904675716
2025-11-10,295.2976902744718
2025-11-11,289.8832668676522
2025-11-12,292.4599152835144
2025-11-13,282.6779157848276
2025-11-14,285.5579137277076
2025-11-17,282.93438448752283
2025-11-18,275.78972706364686
2025-11-19,276.6601549190482
2025-11-20,264.9153656763587
2025-11-21,265.36248572585714
2025-11-24,279.2263327335508
2025-11-25,279.48744443427853
2025-11-26,284.2095280432827
2025-11-28,287.3470765644791
2025-12-01,285.6739266203078
2025-12-02,286.0386057288641
2025-12-03,285.84195305582836
2025-12-04,285.7100752741922
2025-12-05,290.32558239937254
2025-12-08,293.96529144957475
2025-12-09,295.6373927536939
2025-12-10,298.928421563066
2025-12-11,295.96395789878454
2025-12-12,283.2761504057034
2025-12-15,279.8637707276886
2025-12-16,280.5242749072584
2025-12-17,270.8794653344471
2025-12-18,279.9680175659024
2025-12-19,289.16753677923964
2025-12-22,292.7244171810271
2025-12-23,295.3697886278779
2025-12-24,297.49330128631254
2025-12-26,296.92876742110946
2025-12-29,296.9906273778509
2025-12-30,296.2577688310068
2025-12-31,293.7447400391456
2026-01-02,298.0471761203148
2026-01-05,298.75669550927944
2026-01-06,303.027597471805
2026-01-07,302.18928408421715
2026-01-08,297.1031115074189
2026-01-09,301.556486042846
2026-01-12,303.9110765763867
2026-01-13,304.73693109827053
2026-01-14,300.647199939423
2026-01-15,303.73484806895505
2026-01-16,306.85228810753944
2026-01-20,299.81800903219977
2026-01-21,305.5610366306277
2026-01-22,309.73528528507023
2026-01-23,313.623597997692
2026-01-26,312.2804243899871
2026-01-27,317.05576299956925
2026-01-28,319.50044526483737
2026-01-29,318.5323530115789
2026-01-30,310.34449900557894
2026-02-02,314.43767988720725
2026-02-03,309.0579539772206
2026-02-04,289.7961872459604
2026-02-05,286.1259262439333
2026-02-06,296.6099981050179
2026-02-09,302.09611222979987
2026-02-10,299.0926514113366
2026-02-11,302.9279756195884
2026-02-12,297.386825202139
2026-02-13,295.4026103887596
2026-02-17,293.8239802608288
2026-02-18,297.1528503008571
2026-02-19,296.9884456676911
2026-02-20,300.81871492606103
2026-02-23,296.49623320605986
2026-02-24,300.26564184421727
2026-02-25,305.0853891820332
2026-02-26,298.39918074303296
2026-02-27,295.3579948870173
2026-03-02,296.9973116620244
2026-03-03,289.9535356706924
2026-03-04,297.1548266283991
2026-03-05,297.12184415828216
2026-03-06,289.8884320196764
2026-03-09,297.82598021770036
2026-03-10,298.5689275614587
2026-03-11,301.7609773998502
2026-03-12,294.98638591374777
2026-03-13,292.8259843694601
2026-03-16,297.7612262269428
2026-03-17,300.86975096847476
2026-03-18,298.26682222843516
2026-03-19,296.9624438107339
2026-03-20,288.29747857156445
2026-03-23,291.651149260638
2026-03-24,287.5231001349423
2026-03-25,289.46648501916894
2026-03-26,274.29687754654066
2026-03-27,269.6027095760614
2026-03-30,262.0359754965414
2026-03-31,276.04195618550904
2026-04-01,282.148630772789
2026-04-02,283.59613712776985
2026-04-06,285.5387216822212
2026-04-07,289.1583387155623
2026-04-08,299.0601927121965
2026-04-09,300.56065771723235
2026-04-10,303.9401122609377
2026-04-13,308.29743734066864
2026-04-14,319.5530319889561
2026-04-15,324.5059888644106
2026-04-16,327.6920705927732
2026-04-17,331.750439725382
2026-04-20,327.72754042898947
2026-04-21,329.151596405712
2026-04-22,342.90322951908274
2026-04-23,336.83675993061456
2026-04-24,350.690142040732
2026-04-27,353.31873371277794
2026-04-28,345.6986049843402
2026-04-29,347.9116301515995
2026-04-30,349.6093467055669
2026-05-01,354.64374000003266
2026-05-04,354.9485501234795
2026-05-05,360.8321076830562
2026-05-06,378.4967167780844
2026-05-07,375.07181771462837
2026-05-08,392.97103308778236
2026-05-11,395.59187133853453
2026-05-12,389.56324778943633
2026-05-13,394.2740590449604
2026-05-14,399.1006397657087
2026-05-15,386.4929168638929
2026-05-18,380.6059163205612
2026-05-19,377.62915963330374
2026-05-20,388.64937820609
2026-05-21,391.1339320049314
2026-05-22,391.31039737469945
2026-05-26,411.8259876931741
2026-05-27,414.13957857671903
2026-05-28,421.6468946657227
2026-05-29,430.03454270389375
2026-06-01,439.7567409479401
2026-06-02,441.8727863108595
2026-06-03,441.68517617741594
2026-06-04,428.2952640887346
2026-06-05,394.8876504244247
2026-06-08,407.84209715823573
2026-06-09,402.4187078373573
2026-06-10,387.38012524979666
2026-06-11,405.1934207328966
2026-06-12,406.86573520433825
2026-06-15,430.58858475102215
2026-06-16,414.42627098630584
2026-06-17,414.38969339870175
2026-06-18,432.5615272778953
2026-06-22,434.4820420975522
2026-06-23,409.14307232626885
2026-06-24,407.5340469723548
2026-06-25,419.71605303513076
2026-06-26,411.0811398232614
2026-06-29,420.80721618670526
2026-06-30,432.3486917217127
2026-07-01,425.8412982145836
2026-07-02,420.1878072009847
2026-07-06,428.8697184225322
2026-07-07,422.0521101154707
2026-07-08,423.2370771369667
2026-07-09,429.88023348865124
2026-07-10,431.8334951059196
2026-07-13,422.74336745159394
2026-07-14,428.8167720134182
2026-07-15,429.0967882938723
2026-07-16,417.3858711085753
2026-07-17,408.64424927632217
2026-07-20,412.6089766863119
2026-07-21,422.2915660135384
2026-07-22,416.51627479557976
2026-07-23,409.7321535542301
2026-07-24,401.548768951642
2026-07-27,400.6623845406328
2026-07-28,393.00012837981154
2026-07-29,382.0246225900449
2026-07-30,399.65898486216594
2026-07-31,403.5022394055202
2026-08-03,416.00765847745294
2026-08-04,443.38459405778576
2026-08-05,433.7029226458244
2026-08-06,436.1049729402041
2026-08-07,447.91358346512186
2026-08-10,448.0525416502068
2026-08-11,445.19454400545055
2026-08-12,448.40259083518936
2026-08-13,454.25557529128497
2026-08-14,451.3735653056706
2026-08-17,450.0201587268503
2026-08-18,438.72640933993677
