Date,Close
2010-01-04,31.85957765053452
2010-01-05,32.03158382196136
2010-01-06,31.92328452687745
2010-01-07,31.473550229796704
2010-01-08,31.712888396067367
2010-01-11,31.491423412712304
2010-01-12,30.586958222894083
2010-01-13,30.99647393378409
2010-01-14,30.97547161498404
2010-01-15,30.291540774048634
2010-01-19,30.87505490822575
2010-01-20,30.454027743419367
2010-01-21,30.33467408897377
2010-01-22,28.841705949285842
2010-01-25,29.12261528604431
2010-01-26,28.961760651054494
2010-01-27,29.196621650600697
2010-01-28,28.476749652489247
2010-01-29,27.61119235187209
2010-02-01,28.436824382532386
2010-02-02,28.607449871266304
2010-02-03,28.755758627426168
2010-02-04,27.610386100849887
2010-02-05,27.87297203271818
2010-02-08,27.82942792812101
2010-02-09,28.074300300734645
2010-02-10,28.06173091681911
2010-02-11,28.68605465578208
2010-02-12,28.75656147869071
2010-02-16,29.38330345415238
2010-02-17,29.498705212423943
2010-02-18,29.443759546915263
2010-02-19,29.395506847049027
2010-02-22,29.354170823226365
2010-02-23,28.82170278525923
2010-02-24,29.0087606944354
2010-02-25,28.85701253945728
2010-02-26,28.83848956108738
2010-03-01,29.657983165778205
2010-03-02,29.75086109307971
2010-03-03,29.48770484944246
2010-03-04,29.696854490641112
2010-03-05,30.127381539763025
2010-03-08,30.13975178302939
2010-03-09,30.236954424569852
2010-03-10,30.539853209731884
2010-03-11,30.586724529188185
2010-03-12,30.477440320493166
2010-03-15,30.190315733626424
2010-03-16,30.769680653813868
2010-03-17,31.049273673101453
2010-03-18,30.84505305158099
2010-03-19,30.429649824563185
2010-03-22,30.89942403371057
2010-03-23,31.373775140492796
2010-03-24,30.97759447123959
2010-03-25,31.022517983685155
2010-03-26,30.846031359439024
2010-03-29,31.089275329988162
2010-03-30,31.229837063960915
2010-03-31,30.96088745996382
2010-04-01,30.91240094170943
2010-04-05,31.38638475136419
2010-04-06,31.363250822294933
2010-04-07,31.39035749358073
2010-04-08,31.21058945068811
2010-04-09,31.463529231417994
2010-04-12,31.64460235138897
2010-04-13,31.718236935046956
2010-04-14,32.827865251201935
2010-04-15,33.002260787400076
2010-04-16,32.237492524946155
2010-04-19,32.07626729657951
2010-04-20,32.30569940154836
2010-04-21,32.2145690372236
2010-04-22,32.35860199540311
2010-04-23,32.50317849890371
2010-04-26,32.51723651661723
2010-04-27,31.652956639723833
2010-04-28,31.642060145115376
2010-04-29,32.02111101067606
2010-04-30,30.951433872847282
2010-05-03,31.32004048091711
2010-05-04,30.066042696040483
2010-05-05,29.774589284885735
2010-05-06,28.890084753194724
2010-05-07,28.56175808526008
2010-05-10,30.024054206581038
2010-05-11,29.780519166156882
2010-05-12,30.446052867498455
2010-05-13,30.006248185095167
2010-05-14,28.886801710189864
2010-05-17,29.04145577209173
2010-05-18,28.31567371679248
2010-05-19,28.305615604737117
2010-05-20,27.465040364053493
2010-05-21,28.078170042762096
2010-05-24,27.601200270037804
2010-05-25,27.652594198927606
2010-05-26,27.445839206809648
2010-05-27,28.715947733393964
2010-05-28,28.250202879804814
2010-06-01,27.74593920400867
2010-06-02,28.5812050006368
2010-06-03,28.87857336081754
2010-06-04,27.7506357150261
2010-06-07,26.986406854267486
2010-06-08,26.786838680858445
2010-06-09,26.555976472668238
2010-06-10,27.314292165879916
2010-06-11,27.654439545089083
2010-06-14,27.483337034440016
2010-06-15,28.65750633333809
2010-06-16,28.732194621133083
2010-06-17,28.920554706689103
2010-06-18,28.864802941893984
2010-06-21,28.53843370390429
2010-06-22,28.01312260696865
2010-06-23,28.059671252337502
2010-06-24,27.208684747258825
2010-06-25,27.12759381691106
2010-06-28,27.18452768493405
2010-06-29,25.944600464115428
2010-06-30,25.537524020030844
2010-07-01,25.730644891011288
2010-07-02,25.578219785618657
2010-07-06,25.67104772979868
2010-07-07,26.666863882684577
2010-07-08,26.656571221096986
2010-07-09,26.789243095801286
2010-07-12,27.09402745891612
2010-07-13,27.582964066121306
2010-07-14,27.811937617483487
2010-07-15,27.709602938074315
2010-07-16,26.716694783064963
2010-07-19,27.20573024633269
2010-07-20,27.379067065308977
2010-07-21,26.720017206133807
2010-07-22,27.36538009559804
2010-07-23,27.355674983795275
2010-07-26,27.566105526626828
2010-07-27,27.38383857262138
2010-07-28,26.928364254019744
2010-07-29,26.21148730457803
2010-07-30,26.041633028332885
2010-08-02,26.546791314009507
2010-08-03,26.239456201549817
2010-08-04,26.659650035559572
2010-08-05,26.642764743636818
2010-08-06,26.547600395550663
2010-08-09,26.71282605080636
2010-08-10,26.03847658629032
2010-08-11,25.40766150757931
2010-08-12,25.248090472969924
2010-08-13,25.247115724885457
2010-08-16,25.325086017435996
2010-08-17,25.542770186572884
2010-08-18,25.669161856599324
2010-08-19,25.51914734278115
2010-08-20,25.975794423291514
2010-08-23,25.72767102899949
2010-08-24,25.4581617873196
2010-08-25,25.69015347472498
2010-08-26,25.24162266413992
2010-08-27,25.792348789670598
2010-08-30,25.215912910051884
2010-08-31,24.8508262054137
2010-09-01,25.57290673368375
2010-09-02,25.887593162915657
2010-09-03,26.410710866317384
2010-09-07,26.17614965777785
2010-09-08,26.34728561508364
2010-09-09,26.33281875904155
2010-09-10,26.106828555912625
2010-09-13,27.008389391924688
2010-09-14,27.09252870858927
2010-09-15,27.06553100962109
2010-09-16,27.17512024728006
2010-09-17,27.36067761418276
2010-09-20,27.714456426694465
2010-09-21,27.832569301676983
2010-09-22,27.681209325506064
2010-09-23,27.798779981168792
2010-09-24,28.723836584450037
2010-09-27,28.50436221043902
2010-09-28,28.579946429048412
2010-09-29,28.76189493004598
2010-09-30,28.503786857583965
2010-10-01,28.415912356635406
2010-10-04,28.110755692782877
2010-10-05,28.491733548207705
2010-10-06,28.005985907105217
2010-10-07,28.132010862476157
2010-10-08,28.464244174481827
2010-10-11,28.423586790627624
2010-10-12,28.709131188022074
2010-10-13,28.98583241751252
2010-10-14,28.865123025293784
2010-10-15,29.589287891656404
2010-10-18,29.56693304380772
2010-10-19,29.07664743064986
2010-10-20,29.283585487519897
2010-10-21,29.335166673474195
2010-10-22,29.847024236876052
2010-10-25,30.015440058721154
2010-10-26,30.065965143544798
2010-10-27,30.518920416155478
2010-10-28,30.58368355884824
2010-10-29,30.803939411157906
2010-11-01,30.8071307669312
2010-11-02,31.073310986652814
2010-11-03,31.295683512463174
2010-11-04,31.967233791671067
2010-11-05,32.19760889219336
2010-11-08,32.09016315972792
2010-11-09,31.858746218416474
2010-11-10,31.859666620907934
2010-11-11,31.381788887056587
2010-11-12,31.368415093284764
2010-11-15,31.00358086180778
2010-11-16,30.41422647264245
2010-11-17,30.45019001898364
2010-11-18,31.016590028167457
2010-11-19,31.793268080105538
2010-11-22,31.867156418185044
2010-11-23,31.363829733739006
2010-11-24,32.0134082156419
2010-11-26,31.83909025797458
2010-11-29,31.702283343063055
2010-11-30,31.235918690064622
2010-12-01,32.14700114240368
2010-12-02,32.749636681524606
2010-12-03,33.011114554088984
2010-12-06,32.95540405387464
2010-12-07,33.07087600194234
2010-12-08,33.29571561684249
2010-12-09,33.2395403215577
2010-12-10,33.34905696130582
2010-12-13,33.011173698857725
2010-12-14,32.864774593241016
2010-12-15,32.616614817270495
2010-12-16,32.83240525474977
2010-12-17,33.131364063602646
2010-12-20,33.047008417736755
2010-12-21,33.35862467092476
2010-12-22,33.36166755470369
2010-12-23,33.20243008711269
2010-12-27,33.250887821364884
2010-12-28,33.16702558625865
2010-12-29,33.18891831490011
2010-12-30,33.22063075285992
2010-12-31,33.3997637164567
2011-01-03,33.78221443555444
2011-01-04,33.751824382908126
2011-01-05,34.24310640358107
2011-01-06,35.375657150750705
2011-01-07,35.63496178570244
2011-01-10,35.98688618557517
2011-01-11,35.90890816193511
2011-01-12,37.05307348371951
2011-01-13,37.13914696831539
2011-01-14,37.58331933172303
2011-01-18,37.45583682731665
2011-01-19,36.842959718547526
2011-01-20,36.34599410410011
2011-01-21,36.056657158634756
2011-01-24,37.04819985552753
2011-01-25,36.70343795528212
2011-01-26,37.08313324741426
2011-01-27,37.589485737276654
2011-01-28,36.57188751365002
2011-01-31,36.7190203058296
2011-02-01,37.4250450934379
2011-02-02,37.824997089786024
2011-02-03,37.769394167551184
2011-02-04,38.28656352665109
2011-02-07,38.23680565075449
2011-02-08,38.24224166675605
2011-02-09,37.883690918334075
2011-02-10,37.47934030704796
2011-02-11,37.7862272332063
2011-02-14,37.89562822672934
2011-02-15,37.43724561020742
2011-02-16,37.717089936251746
2011-02-17,38.36889774363295
2011-02-18,38.20038586541632
2011-02-22,36.698260406166824
2011-02-23,35.910679169120534
2011-02-24,36.32529915930289
2011-02-25,37.04902861088221
2011-02-28,36.59295999142243
2011-03-01,35.76164109541139
2011-03-02,35.75423294392817
2011-03-03,36.238645088929786
2011-03-04,35.5898100351257
2011-03-07,35.32876355410047
2011-03-08,35.464721700871806
2011-03-09,35.11634227520033
2011-03-10,34.20534558292823
2011-03-11,34.38595742792947
2011-03-14,34.20427435587709
2011-03-15,33.74887772642506
2011-03-16,32.910966144669906
2011-03-17,33.2349302761308
2011-03-18,33.351254196394144
2011-03-21,33.86017525306815
2011-03-22,33.65053501879897
2011-03-23,34.10277113548422
2011-03-24,35.126400980499454
2011-03-25,35.0060715965485
2011-03-28,35.01653045523738
2011-03-29,35.14490319068661
2011-03-30,35.201966639990346
2011-03-31,34.9848140048459
2011-04-01,35.05679976820231
2011-04-04,34.5713239759795
2011-04-05,34.781531959539066
2011-04-06,35.126021974388465
2011-04-07,35.36422702945378
2011-04-08,35.382878141070286
2011-04-11,35.073391363229995
2011-04-12,34.6767776513754
2011-04-13,34.84299875867964
2011-04-14,35.07000505288836
2011-04-15,35.20058234828066
2011-04-18,34.62843927662569
2011-04-19,34.722831132844014
2011-04-20,35.87095871004806
2011-04-21,36.01198056264587
2011-04-25,35.99749858252974
2011-04-26,36.38826257400589
2011-04-27,36.82362776294515
2011-04-28,36.8933685757406
2011-04-29,36.96391195438094
2011-05-02,36.778756132792346
2011-05-03,36.20149559287939
2011-05-04,36.13042531713015
2011-05-05,35.99385715199277
2011-05-06,36.401122345569064
2011-05-09,36.521825905173294
2011-05-10,36.861251936651776
2011-05-11,36.56628080562102
2011-05-12,36.88843368452833
2011-05-13,35.93858476281012
2011-05-16,35.2202844348957
2011-05-17,35.15394762288644
2011-05-18,35.594437807772415
2011-05-19,35.50825283113972
2011-05-20,35.53870769337669
2011-05-23,35.029090670138096
2011-05-24,34.977251728947856
2011-05-25,35.18218585784539
2011-05-26,35.55762452874066
2011-05-27,36.212475267686386
2011-05-31,36.79500906026918
2011-06-01,35.81688852773211
2011-06-02,35.77941198614655
2011-06-03,35.1287801275257
2011-06-06,34.78452096708035
2011-06-07,34.77307812817011
2011-06-08,34.293994806179846
2011-06-09,34.29470319371045
2011-06-10,33.69588419615849
2011-06-13,33.47018161013515
2011-06-14,34.03668960030769
2011-06-15,33.35159754184616
2011-06-16,32.923453500656876
2011-06-17,32.449111034362254
2011-06-20,32.60822442484051
2011-06-21,33.515778959349056
2011-06-22,33.25679832772509
2011-06-23,33.83353634793052
2011-06-24,32.88769277205879
2011-06-27,33.13578944950848
2011-06-28,33.56255119150234
2011-06-29,33.77358081820733
2011-06-30,34.38282748584322
2011-07-01,35.00591890241834
2011-07-05,34.99016517399967
2011-07-06,34.9191109872941
2011-07-07,35.46069303771948
2011-07-08,35.20084082007643
2011-07-11,34.399890547877845
2011-07-12,33.96297492521828
2011-07-13,34.11396786493371
2011-07-14,33.610395525284275
2011-07-15,34.064208436410304
2011-07-18,33.68675035786483
2011-07-19,34.67254912406558
2011-07-20,34.63538787669006
2011-07-21,34.544555887602066
2011-07-22,35.474372399572964
2011-07-25,35.1333047572023
2011-07-26,35.20385463841559
2011-07-27,34.15199892934622
2011-07-28,34.133196098641434
2011-07-29,33.87235553493361
2011-08-01,34.10086561951369
2011-08-02,33.18552566900488
2011-08-03,33.42702444430375
2011-08-04,31.494160304621424
2011-08-05,31.082223751414073
2011-08-08,29.02540587812799
2011-08-09,30.41321713394962
2011-08-10,29.31606457828982
2011-08-11,30.928990844048023
2011-08-12,30.79896229157032
2011-08-15,31.458254001943146
2011-08-16,31.020825668252694
2011-08-17,30.65170873618952
2011-08-18,28.797823094689807
2011-08-19,28.434086721063924
2011-08-22,28.608737731359554
2011-08-23,30.203282955278468
2011-08-24,30.228159944210383
2011-08-25,29.507530784939057
2011-08-26,30.376352224470356
2011-08-29,31.39072501045409
2011-08-30,31.46211069968818
2011-08-31,31.393784451983745
2011-09-01,30.988844363531904
2011-09-02,30.24800187325779
2011-09-06,30.23798919934005
2011-09-07,31.630384557155022
2011-09-08,31.551222651002544
2011-09-09,31.217286152444302
2011-09-12,31.906174360850873
2011-09-13,32.412377784349545
2011-09-14,33.14970061018882
2011-09-15,33.68152571070624
2011-09-16,33.95126164991163
2011-09-19,33.719070986236645
2011-09-20,33.20857387264838
2011-09-21,32.663388702737265
2011-09-22,31.38652905384992
2011-09-23,32.04293410293196
2011-09-26,32.332205043413765
2011-09-27,32.62876917927078
2011-09-28,31.89639817628427
2011-09-29,31.474095161596114
2011-09-30,30.347592569925983
2011-10-03,29.244744208251042
2011-10-04,30.276967630565668
2011-10-05,31.124545840703046
2011-10-06,31.736204436565355
2011-10-07,31.727750467320682
2011-10-10,32.72534778777335
2011-10-11,32.657677570300734
2011-10-12,32.73974563947486
2011-10-13,33.41419546573799
2011-10-14,33.915004318821055
2011-10-17,32.82985151800693
2011-10-18,33.53790283947495
2011-10-19,32.66194301416874
2011-10-20,32.20559127827123
2011-10-21,32.85192268389566
2011-10-24,33.84057368849478
2011-10-25,33.053287564887206
2011-10-26,33.13202874836231
2011-10-27,34.27575673469833
2011-10-28,34.56263030070286
2011-10-31,33.8238165866732
2011-11-01,32.83227177316991
2011-11-02,33.170290821093474
2011-11-03,34.2674752381319
2011-11-04,34.42175344897188
2011-11-07,34.56182419110188
2011-11-08,34.859620163654476
2011-11-09,33.39131046359494
2011-11-10,33.691862985232675
2011-11-11,34.6352586135892
2011-11-14,34.411125890200076
2011-11-15,34.667391613685936
2011-11-16,34.43143015306657
2011-11-17,33.34501952010329
2011-11-18,33.207357888692066
2011-11-21,32.915289454664986
2011-11-22,32.828003981477806
2011-11-23,31.786012129608167
2011-11-25,31.3120109873971
2011-11-28,32.53635525499617
2011-11-29,32.45884697393641
2011-11-30,34.00935074530208
2011-12-01,34.17912966834391
2011-12-02,34.10134683695288
2011-12-05,34.3303560560786
2011-12-06,34.172282917901605
2011-12-07,34.537731085661314
2011-12-08,33.73873936756377
2011-12-09,34.22257248748248
2011-12-12,33.5973095222099
2011-12-13,32.95971047035061
2011-12-14,32.266518937037866
2011-12-15,32.13958200668927
2011-12-16,32.39086731199732
2011-12-19,31.6675927143292
2011-12-20,32.89171440437188
2011-12-21,32.266615437851236
2011-12-22,33.16027551154707
2011-12-23,33.20842088217883
2011-12-27,33.07603211777647
2011-12-28,32.64289730415578
2011-12-29,32.96769218673031
2011-12-30,32.90169581310404
2012-01-03,33.496459371899014
2012-01-04,33.68211773243841
2012-01-05,34.430356200393376
2012-01-06,34.6198165200366
2012-01-09,34.79165351438792
2012-01-10,34.964257911163905
2012-01-11,34.827232736376445
2012-01-12,34.99249049413661
2012-01-13,34.60796542068122
2012-01-17,34.4533142419646
2012-01-18,35.54722858285758
2012-01-19,36.176772395002025
2012-01-20,36.16721106814341
2012-01-23,36.4266840844379
2012-01-24,36.57044771334195
2012-01-25,36.85024515502048
2012-01-26,36.62212606293734
2012-01-27,36.75897677379141
2012-01-30,36.692721194035464
2012-01-31,36.69299904610369
2012-02-01,37.3830293115464
2012-02-02,37.70020503252854
2012-02-03,38.35487255655449
2012-02-06,38.084151743601474
2012-02-07,38.23083978819105
2012-02-08,38.7567619832187
2012-02-09,38.81027830513252
2012-02-10,38.21647047937962
2012-02-13,38.53536405704228
2012-02-14,38.7585287043195
2012-02-15,38.60639069252301
2012-02-16,39.41134282179228
2012-02-17,39.053662541118264
2012-02-21,38.856305748807884
2012-02-22,38.655541069304014
2012-02-23,38.82964035830762
2012-02-24,38.946847180778725
2012-02-27,38.86197967353129
2012-02-28,39.17494122745393
2012-02-29,38.752807413743284
2012-03-01,39.09628819780436
2012-03-02,38.981729114599844
2012-03-05,38.32227452411272
2012-03-06,37.88516422705102
2012-03-07,38.36146050780443
2012-03-08,38.79705060746889
2012-03-09,38.90386124906181
2012-03-12,38.68160242182001
2012-03-13,39.54381780118862
2012-03-14,39.312380632801236
2012-03-15,39.68831856485251
2012-03-16,39.548218029767
2012-03-19,39.7557379230847
2012-03-20,39.81679849690172
2012-03-21,39.96515335616251
2012-03-22,40.0177459433747
2012-03-23,40.06844663931828
2012-03-26,40.63934770212358
2012-03-27,40.636088569964365
2012-03-28,40.52665657320915
2012-03-29,40.5471460133341
2012-03-30,40.52072854267626
2012-04-02,40.77878121980291
2012-04-03,40.418587226392354
2012-04-04,39.65007589944685
2012-04-05,39.58763075441387
2012-04-09,39.186108780970514
2012-04-10,38.46062717547993
2012-04-11,38.866738705157324
2012-04-12,39.52981571439356
2012-04-13,39.0043977198255
2012-04-16,38.9261840162389
2012-04-17,39.377137235342936
2012-04-18,39.43038487286452
2012-04-19,39.00286777934177
2012-04-20,38.58223722851106
2012-04-23,38.17128603151157
2012-04-24,37.78169748521563
2012-04-25,38.556697932205836
2012-04-26,39.17654234932117
2012-04-27,39.023239735269726
2012-04-30,38.98458147227722
2012-05-01,39.243402277820856
2012-05-02,39.363786322049776
2012-05-03,38.57422391893026
2012-05-04,37.68020291153432
2012-05-07,37.73045017638278
2012-05-08,37.41359064669039
2012-05-09,37.358077624456634
2012-05-10,37.13065214276613
2012-05-11,37.498315213850404
2012-05-14,37.114329498765734
2012-05-15,36.835014337043646
2012-05-16,36.593851637985814
2012-05-17,35.8632066424983
2012-05-18,34.95596325570862
2012-05-21,35.8055393946345
2012-05-22,35.44557791730957
2012-05-23,35.57411931380808
2012-05-24,35.13217796936019
2012-05-25,35.388733186594045
2012-05-29,35.777227828016656
2012-05-30,35.167858016856435
2012-05-31,34.7803500771304
2012-06-01,33.33888776353055
2012-06-04,33.28774412276211
2012-06-05,33.74725668776078
2012-06-06,34.717243253058335
2012-06-07,34.180633599391165
2012-06-08,34.588193122476426
2012-06-11,34.021403346332924
2012-06-12,34.56964499362255
2012-06-13,34.18856925995357
2012-06-14,34.05021441929353
2012-06-15,34.58410290599109
2012-06-18,35.049076448650645
2012-06-19,35.67015380565893
2012-06-20,35.839663687258195
2012-06-21,34.51930257125741
2012-06-22,34.96993608959245
2012-06-25,34.05708447620237
2012-06-26,34.27453545584851
2012-06-27,34.722034984059285
2012-06-28,34.314303546031915
2012-06-29,35.62508083199364
2012-07-02,35.574288762477714
2012-07-03,36.09377806464126
2012-07-05,35.89841116104519
2012-07-06,35.351881580726065
2012-07-09,35.18302527953144
2012-07-10,34.503860649903125
2012-07-11,34.114754308314595
2012-07-12,33.694288197500164
2012-07-13,34.12044919022398
2012-07-16,33.77755916968644
2012-07-17,33.81511747753337
2012-07-18,34.808805603467356
2012-07-19,35.13869422232127
2012-07-20,34.520390457691946
2012-07-23,34.23617340570085
2012-07-24,33.97372313067525
2012-07-25,34.165493551207135
2012-07-26,35.04343713851696
2012-07-27,35.766495682247005
2012-07-30,35.47443545357588
2012-07-31,35.67312912329198
2012-08-01,35.53987040054996
2012-08-02,35.35616127314481
2012-08-03,36.17787087905964
2012-08-06,36.39819861203868
2012-08-07,36.90325649065465
2012-08-08,37.14259918485358
2012-08-09,37.646949569297284
2012-08-10,37.96561417665157
2012-08-13,37.9986998415508
2012-08-14,37.61148554659432
2012-08-15,37.7348993414045
2012-08-16,38.351397900902064
2012-08-17,37.720638655453655
2012-08-20,37.63416466571477
2012-08-21,37.5737902374861
2012-08-22,37.473651016376834
2012-08-23,37.007191550901744
2012-08-24,37.30903959235699
2012-08-27,37.07340200589748
2012-08-28,36.96330056896916
2012-08-29,37.080527920110214
2012-08-30,36.51796786322795
2012-08-31,36.805375060492764
2012-09-04,36.56096022329572
2012-09-05,36.586398509949305
2012-09-06,37.57745128320647
2012-09-07,37.264851013372066
2012-09-10,36.815202432002884
2012-09-11,37.017273850260835
2012-09-12,37.29024645502886
2012-09-13,37.77478018220847
2012-09-14,38.21237206842881
2012-09-17,37.747399298567785
2012-09-18,37.672764618358634
2012-09-19,37.85422923244965
2012-09-20,37.4609494099273
2012-09-21,37.565589100778105
2012-09-24,37.14276830793602
2012-09-25,36.5444675768994
2012-09-26,36.27100133167034
2012-09-27,37.00036506534725
2012-09-28,36.79508339616044
2012-10-01,36.51734241944095
2012-10-02,36.656317595412965
2012-10-03,36.68317632519516
2012-10-04,37.09817172463678
2012-10-05,36.689890720853526
2012-10-08,36.31288092932242
2012-10-09,35.75233499884061
2012-10-10,35.21073366620389
2012-10-11,35.25692171944364
2012-10-12,34.968763096382624
2012-10-15,35.29710162725696
2012-10-16,35.79586300520385
2012-10-17,35.729294436371354
2012-10-18,35.09925685773523
2012-10-19,33.60598052144138
2012-10-22,33.542984546876426
2012-10-23,33.63329876633603
2012-10-24,33.575153368207026
2012-10-25,33.651307174000365
2012-10-26,33.706203096166305
2012-10-31,33.56372588373148
2012-11-01,34.41141279899915
2012-11-02,34.07075540838029
2012-11-05,34.55012019211768
2012-11-06,34.90027227227744
2012-11-07,33.96041181386893
2012-11-08,33.6408200514506
2012-11-09,33.473444674616665
2012-11-12,33.3360223385664
2012-11-13,33.13266769268538
2012-11-14,32.67073667301827
2012-11-15,32.734733084532195
2012-11-16,32.84067209567868
2012-11-19,33.50685197709495
2012-11-20,33.40186519278451
2012-11-21,33.731274808020004
2012-11-23,34.30903106919612
2012-11-26,34.6230094322316
2012-11-27,34.52139442719195
2012-11-28,34.847602986511255
2012-11-29,35.04746679640733
2012-11-30,35.117083840465675
2012-12-03,34.96008480258622
2012-12-04,35.119159424219724
2012-12-05,35.20315675334265
2012-12-06,35.508908360054214
2012-12-07,35.414890998762885
2012-12-10,35.537811145403204
2012-12-11,36.0234807831186
2012-12-12,35.84605546576913
2012-12-13,35.706900432034125
2012-12-14,35.43587274327281
2012-12-17,35.74093149684147
2012-12-18,36.4507314204312
2012-12-19,36.624806044966114
2012-12-20,36.498331329474475
2012-12-21,36.1666154135277
2012-12-24,35.94172699499328
2012-12-26,35.296279601084926
2012-12-27,35.074923167401515
2012-12-28,34.78074225805654
2012-12-31,35.395435833023505
2013-01-02,36.54071638281044
2013-01-03,36.43358823150262
2013-01-04,36.708003405303735
2013-01-07,36.579669481716415
2013-01-08,36.373936944892954
2013-01-09,36.78937375548822
2013-01-10,37.28335711050827
2013-01-11,37.56669526141733
2013-01-14,37.51058756555434
2013-01-15,37.403294183775124
2013-01-16,37.53839658018326
2013-01-17,37.843205916996574
2013-01-18,37.56063275497193
2013-01-22,37.82916037717717
2013-01-23,38.33499756063892
2013-01-24,38.21789582663911
2013-01-25,38.53450363782914
2013-01-28,38.792922576946054
2013-01-29,38.23742200623959
2013-01-30,38.069975235067936
2013-01-31,37.97488072083902
2013-02-01,38.380240272746235
2013-02-04,37.77758950747344
2013-02-05,38.35467227963046
2013-02-06,38.355247996664964
2013-02-07,38.136519417838535
2013-02-08,38.54489045951882
2013-02-11,38.65900170931761
2013-02-12,38.544196190073635
2013-02-13,38.5825439023445
2013-02-14,39.047290426841236
2013-02-15,38.85403776062286
2013-02-19,39.137129857844485
2013-02-20,38.44659063358876
2013-02-21,38.001596360605085
2013-02-22,38.735208420877164
2013-02-25,38.03324480358363
2013-02-26,38.1097970129874
2013-02-27,38.75868394746495
2013-02-28,38.86060038874955
2013-03-01,39.03556763650404
2013-03-04,39.0979414298665
2013-03-05,39.683695119937155
2013-03-06,39.733787433958284
2013-03-07,39.80116002875739
2013-03-08,39.94917133165753
2013-03-11,40.00241167389027
2013-03-12,40.07979926767278
2013-03-13,40.21599303500295
2013-03-14,40.39939914515382
2013-03-15,39.967954425000634
2013-03-18,39.56134475488051
2013-03-19,39.27746170240857
2013-03-20,39.60165091720823
2013-03-21,38.90637896904113
2013-03-22,39.20128646139224
2013-03-25,38.98910353217554
2013-03-26,39.39011924927287
2013-03-27,39.68106470991297
2013-03-28,39.823760784803575
2013-04-01,39.182386638466106
2013-04-02,39.045806547101776
2013-04-03,38.56793693390054
2013-04-04,38.85241149293856
2013-04-05,38.638163429903344
2013-04-08,38.996743005571275
2013-04-09,39.38316765342285
2013-04-10,40.1165200564609
2013-04-11,39.82183692799138
2013-04-12,39.83769100933559
2013-04-15,38.93775894469524
2013-04-16,39.590544363778456
2013-04-17,38.69065854855796
2013-04-18,38.38709669014323
2013-04-19,38.721444179770394
2013-04-22,39.013402335221684
2013-04-23,39.623600474957485
2013-04-24,40.05470246135071
2013-04-25,40.479413502767116
2013-04-26,40.246783027504925
2013-04-29,40.639170010163745
2013-04-30,41.097624163342346
2013-05-01,41.025413124295305
2013-05-02,41.754299511390705
2013-05-03,42.161170420929984
2013-05-06,42.326585040607995
2013-05-07,42.04342738437395
2013-05-08,42.65238639280199
2013-05-09,42.62022732962467
2013-05-10,43.090887954939646
2013-05-13,43.052739430636755
2013-05-14,43.42156337189832
2013-05-15,43.67866792258922
2013-05-16,43.56507841356344
2013-05-17,44.260996883533736
2013-05-20,44.12205697300734
2013-05-21,44.124668440292446
2013-05-22,43.36292107783358
2013-05-23,43.44716066319842
2013-05-24,43.3810094695932
2013-05-28,43.569078897784415
2013-05-29,43.61794402378147
2013-05-30,43.828188942127426
2013-05-31,43.260156093002365
2013-06-03,43.26853311027515
2013-06-04,43.08763822113203
2013-06-05,42.627876543057496
2013-06-06,42.78277653605816
2013-06-07,43.50148363359413
2013-06-10,43.69757293484674
2013-06-11,43.10372788321551
2013-06-12,42.71552902876836
2013-06-13,43.154198438330155
2013-06-14,42.823489871422886
2013-06-17,43.46777969225561
2013-06-18,43.82046508473501
2013-06-19,43.5400373403755
2013-06-20,42.539484083324005
2013-06-21,42.482577762163984
2013-06-24,41.790152075101744
2013-06-25,42.539505509298756
2013-06-26,42.91441276082414
2013-06-27,43.26897438706635
2013-06-28,43.19242877106244
2013-07-01,43.359151463409866
2013-07-02,43.31692750914359
2013-07-03,43.666853075416924
2013-07-05,43.994540518048375
2013-07-08,43.495726409639495
2013-07-09,43.74690106866804
2013-07-10,43.96376843832963
2013-07-11,45.033055226856106
2013-07-12,45.12325048219206
2013-07-15,45.214792197557
2013-07-16,45.23793835131463
2013-07-17,45.39353552744658
2013-07-18,44.90746371542938
2013-07-19,44.31289833053725
2013-07-22,44.28712955588528
2013-07-23,44.087493062978375
2013-07-24,44.145322116655976
2013-07-25,44.72893805458631
2013-07-26,44.53080185538992
2013-07-29,44.47765881065163
2013-07-30,45.208048980896606
2013-07-31,45.30707917837273
2013-08-01,45.99354070329625
2013-08-02,45.95733803437305
2013-08-05,46.01107430353245
2013-08-06,45.504665887106746
2013-08-07,45.21535650003418
2013-08-08,45.531812463425425
2013-08-09,45.321802091075
2013-08-12,45.37494333285937
2013-08-13,45.82977866336133
2013-08-14,45.96733901259896
2013-08-15,45.23173575368202
2013-08-16,45.15973637081384
2013-08-19,44.99925717909681
2013-08-20,45.20573003726994
2013-08-21,45.10090577421666
2013-08-22,45.406337712022406
2013-08-23,45.310388947600266
2013-08-26,45.27526723874569
2013-08-27,44.20231513569886
2013-08-28,44.56401588707881
2013-08-29,44.864992702700256
2013-08-30,44.96086466068575
2013-09-03,45.27004264791592
2013-09-04,45.631248240262394
2013-09-05,45.79635216172653
2013-09-06,45.80925088457608
2013-09-09,46.7305578222831
2013-09-10,47.421721303950726
2013-09-11,47.39177987554369
2013-09-12,47.09220169974521
2013-09-13,47.229619074875906
2013-09-16,47.316642648601956
2013-09-17,47.729007900514546
2013-09-18,48.24559325148316
2013-09-19,48.24320068353822
2013-09-20,48.05543114484721
2013-09-23,47.760462729964914
2013-09-24,47.83427569206292
2013-09-25,47.91932159542306
2013-09-26,47.966254884940355
2013-09-27,47.64542726051277
2013-09-30,47.343093252330185
2013-10-01,47.606743006422384
2013-10-02,47.825167987151175
2013-10-03,47.60851542419113
2013-10-04,47.9552275473278
2013-10-07,47.57638752588644
2013-10-08,46.661710021620735
2013-10-09,46.47427827175538
2013-10-10,47.59743678032271
2013-10-11,47.654824205679326
2013-10-14,48.09176708320944
2013-10-15,47.802936023921134
2013-10-16,48.43773280660178
2013-10-17,48.677744557976055
2013-10-18,49.19010992110205
2013-10-21,49.41179324053455
2013-10-22,49.272100921301835
2013-10-23,48.56633630994821
2013-10-24,48.923791924706066
2013-10-25,49.20266172027737
2013-10-28,49.06979519019087
2013-10-29,49.334306162244616
2013-10-30,49.21955516373575
2013-10-31,49.12490069128576
2013-11-01,49.08190262831058
2013-11-04,49.0647522970613
2013-11-05,49.45071621039025
2013-11-06,49.603956379449016
2013-11-07,48.88240609253862
2013-11-08,49.69594694090169
2013-11-11,49.79657577461003
2013-11-12,50.12421864868404
2013-11-13,50.848093378863794
2013-11-14,50.638739421888324
2013-11-15,51.01257848489904
2013-11-18,50.387946424674745
2013-11-19,49.83624112393379
2013-11-20,49.624387759594256
2013-11-21,50.227292409560256
2013-11-22,50.57018442053476
2013-11-25,50.49140552092747
2013-11-26,50.95705674289246
2013-11-27,51.38258566914597
2013-11-29,51.44970357931036
2013-12-02,51.3434240371269
2013-12-03,51.29073391634039
2013-12-04,51.640375930583154
2013-12-05,51.48300233985841
2013-12-06,51.771402589579765
2013-12-09,51.68282855807139
2013-12-10,51.7859804444634
2013-12-11,51.20652708261207
2013-12-12,50.79819726279717
2013-12-13,50.869140615737955
2013-12-16,51.566895611036244
2013-12-17,51.96228208243035
2013-12-18,52.130485173777565
2013-12-19,52.10546776702058
2013-12-20,52.58725327563355
2013-12-23,53.09964745506368
2013-12-24,53.250935546602
2013-12-26,53.449804471534485
2013-12-27,53.367278248571125
2013-12-30,53.602945953211965
2013-12-31,54.06595480887512
2014-01-02,53.523433955258625
2014-01-03,53.38816154109246
2014-01-06,53.68310337975997
2014-01-07,54.42431095764945
2014-01-08,55.02533478701684
2014-01-09,54.40426537691447
2014-01-10,54.73080543791533
2014-01-13,54.07851353525033
2014-01-14,55.51563665161982
2014-01-15,56.11027129786907
2014-01-16,55.93137012444476
2014-01-17,55.493142254386285
2014-01-21,55.743043729818325
2014-01-22,55.757707035679424
2014-01-23,55.39892334177216
2014-01-24,54.04389791400363
2014-01-27,53.54108609179754
2014-01-28,53.63507363299887
2014-01-29,53.15820790064051
2014-01-30,54.51860629009533
2014-01-31,54.048306610283994
2014-02-03,52.8628528021885
2014-02-04,53.14791896112902
2014-02-05,52.973606819861686
2014-02-06,53.93083086992883
2014-02-07,54.73611588095651
2014-02-10,54.99914341060958
2014-02-11,55.51757005352709
2014-02-12,55.97015444091639
2014-02-13,56.65996959467953
2014-02-14,57.06849824916378
2014-02-18,57.25055172068221
2014-02-19,57.097631737322374
2014-02-20,57.72988830417732
2014-02-21,57.46619615830483
2014-02-24,57.77186413302214
2014-02-25,57.37111425472963
2014-02-26,57.7289577354994
2014-02-27,57.79302982763622
2014-02-28,57.52897895236448
2014-03-03,57.213771017263184
2014-03-04,58.11652088616198
2014-03-05,58.354233226057666
2014-03-06,58.31831368939662
2014-03-07,58.257746999745876
2014-03-10,58.17722655943605
2014-03-11,58.160265667329114
2014-03-12,58.74396917795564
2014-03-13,57.772536613392276
2014-03-14,57.483576248161505
2014-03-17,57.90077019246189
2014-03-18,58.70654639147601
2014-03-19,58.5364505220012
2014-03-20,58.96310380703898
2014-03-21,58.41114665222822
2014-03-24,57.93653843560226
2014-03-25,58.391668716573044
2014-03-26,57.45111289716811
2014-03-27,57.326821255850575
2014-03-28,57.53824777526691
2014-03-31,58.353622857937005
2014-04-01,59.70890368909716
2014-04-02,59.47755372444995
2014-04-03,58.63417072746084
2014-04-04,57.354094148334475
2014-04-07,56.862888276608714
2014-04-08,57.82408644628377
2014-04-09,58.70439967413816
2014-04-10,56.79525402338285
2014-04-11,56.07218579948685
2014-04-14,56.87743637752757
2014-04-15,57.357335575719986
2014-04-16,57.68508886995318
2014-04-17,58.0897688710427
2014-04-21,58.70146844311008
2014-04-22,59.26930556351949
2014-04-23,58.83434240909462
2014-04-24,59.018052554151346
2014-04-25,57.48333602158357
2014-04-28,57.22072153584002
2014-04-29,57.71588599981814
2014-04-30,57.944650203855595
2014-05-01,57.856503356211746
2014-05-02,57.75890960914745
2014-05-05,58.123659619373456
2014-05-06,57.379038757882135
2014-05-07,56.98110875019203
2014-05-08,57.13519244443121
2014-05-09,56.91180077115771
2014-05-12,58.15691790162747
2014-05-13,57.860259340828925
2014-05-14,57.56877357675694
2014-05-15,57.258959474113745
2014-05-16,57.52373745609763
2014-05-19,58.23780590184799
2014-05-20,57.77929640325815
2014-05-21,58.07082065023552
2014-05-22,58.50845671067618
2014-05-23,59.12428562278905
2014-05-27,59.848619496623705
2014-05-28,59.74977423727669
2014-05-29,60.051486243481804
2014-05-30,59.92793313072742
2014-06-02,59.92085693840679
2014-06-03,60.00444743284736
2014-06-04,60.13726073827349
2014-06-05,60.44293524918253
2014-06-06,60.7953324474377
2014-06-09,60.58492674447352
2014-06-10,60.95839985965303
2014-06-11,61.32061375074412
2014-06-12,60.95059262139113
2014-06-13,61.37326374193349
2014-06-16,61.466000893964214
2014-06-17,61.898982517169095
2014-06-18,62.0526531882803
2014-06-19,61.74214294498695
2014-06-20,61.34279447601911
2014-06-23,61.163660799113096
2014-06-24,60.74538278668051
2014-06-25,61.26993248582567
2014-06-26,61.061477003795844
2014-06-27,61.242176841403115
2014-06-30,61.68044844864738
2014-07-01,62.665150669951004
2014-07-02,62.75902136206318
2014-07-03,63.07560929354188
2014-07-07,62.63806421975306
2014-07-08,61.881772663609624
2014-07-09,62.138569602901114
2014-07-10,62.24847756480589
2014-07-11,62.47682317111553
2014-07-14,63.05554660325063
2014-07-15,62.9738726514762
2014-07-16,63.28738493993958
2014-07-17,62.20111921490536
2014-07-18,62.18793767573146
2014-07-21,62.26208251145168
2014-07-22,62.65314614362526
2014-07-23,62.31202036055337
2014-07-24,62.44270895194476
2014-07-25,61.527488299942966
2014-07-28,61.270193419086084
2014-07-29,61.39351463834558
2014-07-30,62.0585597684907
2014-07-31,60.47660231758272
2014-08-01,60.358587276295495
2014-08-04,60.89879826972656
2014-08-05,60.144902454414634
2014-08-06,60.16874287772368
2014-08-07,59.73746419227339
2014-08-08,60.6269508893917
2014-08-11,61.06278608939949
2014-08-12,60.78186924152715
2014-08-13,61.59066507249455
2014-08-14,61.69444901050783
2014-08-15,61.870126464990044
2014-08-18,62.45650584161357
2014-08-19,62.9243138439436
2014-08-20,63.05864134396226
2014-08-21,63.04328618322533
2014-08-22,63.46102932476459
2014-08-25,63.178748206867304
2014-08-26,63.492359006657345
2014-08-27,63.49271803708759
2014-08-28,63.47456092460154
2014-08-29,64.00653054322198
2014-09-02,64.23569340317793
2014-09-03,64.35717112607364
2014-09-04,64.40127578115411
2014-09-05,64.77106107637886
2014-09-08,64.72062673984362
2014-09-09,64.13114422493685
2014-09-10,64.62758896079303
2014-09-11,64.65441026898667
2014-09-12,63.94437067570798
2014-09-15,63.0325786753428
2014-09-16,63.69760924620323
2014-09-17,63.81241911556426
2014-09-18,64.3948801924538
2014-09-19,64.01891332230447
2014-09-22,63.22204542482981
2014-09-23,62.878098622047915
2014-09-24,63.66841948300493
2014-09-25,62.37566435181865
2014-09-26,62.911705960853595
2014-09-29,62.8836749240039
2014-09-30,62.74867505779151
2014-10-01,61.81453687018513
2014-10-02,61.83528245099203
2014-10-03,62.618053868213025
2014-10-06,62.3536847970941
2014-10-07,61.27424932955494
2014-10-08,62.432122998123816
2014-10-09,61.21131158752301
2014-10-10,58.22547260529148
2014-10-13,57.24079016406576
2014-10-14,57.95438135341341
2014-10-15,57.94749157637839
2014-10-16,58.31240231950115
2014-10-17,58.97599788359035
2014-10-20,59.39447748084203
2014-10-21,61.039380811917866
2014-10-22,60.22770188483941
2014-10-23,61.41157382726024
2014-10-24,61.756989191999665
2014-10-27,61.74460755219315
2014-10-28,62.70447019811824
2014-10-29,62.49082963244555
2014-10-30,61.99372760128485
2014-10-31,63.99320218679411
2014-11-03,64.29570051913302
2014-11-04,64.37036023390424
2014-11-05,64.29362958319813
2014-11-06,64.01404502579781
2014-11-07,63.840487455556875
2014-11-10,64.36643085966286
2014-11-11,64.13071033108238
2014-11-12,64.0369113325544
2014-11-13,64.01841470107976
2014-11-14,64.59545948808531
2014-11-17,64.20580553883251
2014-11-18,64.89160446338546
2014-11-19,64.5962628922513
2014-11-20,65.08672978500108
2014-11-21,65.73186171376138
2014-11-24,66.11538918059122
2014-11-25,66.37973792796019
2014-11-26,67.2185674753395
2014-11-28,67.49133935728831
2014-12-01,66.39427312687863
2014-12-02,66.6618184410126
2014-12-03,67.42502377679376
2014-12-04,67.44545165780114
2014-12-05,67.49149706112425
2014-12-08,66.75528319568966
2014-12-09,66.81773485833465
2014-12-10,65.49727262294438
2014-12-11,65.81767796111312
2014-12-12,64.82347567389475
2014-12-15,64.58639260433546
2014-12-16,63.617962880375714
2014-12-17,65.1484566352045
2014-12-18,66.55668840496209
2014-12-19,66.95079292464969
2014-12-22,67.8112938009118
2014-12-23,67.73947726013681
2014-12-24,67.70663767720129
2014-12-26,67.9159679971287
2014-12-29,67.64274123579347
2014-12-30,67.30200795865804
2014-12-31,66.86347730437637
2015-01-02,66.7583501780344
2015-01-05,65.76976984437775
2015-01-06,64.966073309936
2015-01-07,65.4494631762237
2015-01-08,67.18774760585615
2015-01-09,66.99275237218801
2015-01-12,66.24613278305128
2015-01-13,66.0622903850406
2015-01-14,65.79615495881333
2015-01-15,65.23137978801056
2015-01-16,65.7797238436254
2015-01-20,66.1781401535246
2015-01-21,66.69647510554859
2015-01-22,67.51499006020238
2015-01-23,67.79218655190746
2015-01-26,67.62361904161874
2015-01-27,66.12251999073571
2015-01-28,65.62608024237234
2015-01-29,66.21228752890708
2015-01-30,65.37827259840866
2015-02-02,66.03829654680465
2015-02-03,67.0351975858548
2015-02-04,67.55446569638096
2015-02-05,68.5861650566684
2015-02-06,67.85802844808173
2015-02-09,67.39822986263667
2015-02-10,69.05118102413027
2015-02-11,69.315770923731
2015-02-12,70.88593557974791
2015-02-13,71.44249651338578
2015-02-17,71.25172090122105
2015-02-18,71.15632182037484
2015-02-19,71.39656727747594
2015-02-20,71.75665836933246
2015-02-23,71.27737296210626
2015-02-24,71.62988800585212
2015-02-25,71.58446118038088
2015-02-26,72.2906757541973
2015-02-27,71.87872115076374
2015-03-02,72.82092028884266
2015-03-03,71.78487544492091
2015-03-04,71.51094058124441
2015-03-05,71.92002859092484
2015-03-06,70.93547350478643
2015-03-09,70.90251149024816
2015-03-10,69.84962587550157
2015-03-11,69.67231996510753
2015-03-12,69.67797226248085
2015-03-13,69.59862191185013
2015-03-16,70.443528861759
2015-03-17,70.34034403076696
2015-03-18,70.92833236806564
2015-03-19,71.13893757714088
2015-03-20,71.53663726075608
2015-03-23,71.1024386544395
2015-03-24,70.57581977056093
2015-03-25,67.92676967339038
2015-03-26,68.01459115039258
2015-03-27,68.5938616308204
2015-03-30,69.1301697853106
2015-03-31,68.35789319581403
2015-04-01,68.08860903605664
2015-04-02,68.10872043473951
2015-04-06,68.83647744874595
2015-04-07,68.99436618964324
2015-04-08,69.17956308733929
2015-04-09,69.9005504941046
2015-04-10,70.27645936778922
2015-04-13,69.92125407761397
2015-04-14,69.52344723165356
2015-04-15,70.39650423435714
2015-04-16,70.40268484969927
2015-04-17,69.01658125081283
2015-04-20,69.85023606181682
2015-04-21,69.82798043712047
2015-04-22,70.29306353692695
2015-04-23,70.16335801858068
2015-04-24,70.5706604061539
2015-04-27,70.77775079682266
2015-04-28,70.71757289718006
2015-04-29,70.66983621302735
2015-04-30,69.87048970762942
2015-05-01,71.01690503712226
2015-05-04,70.68809054245597
2015-05-05,69.55502161524701
2015-05-06,69.38660004084
2015-05-07,69.90316680780519
2015-05-08,69.81908946871295
2015-05-11,69.47963698201282
2015-05-12,69.36744627992144
2015-05-13,69.70065271990782
2015-05-14,70.49458448295296
2015-05-15,70.42775086311943
2015-05-18,70.73144222000958
2015-05-19,70.26399533270607
2015-05-20,70.23022942625428
2015-05-21,70.5031311556455
2015-05-22,69.9357064245228
2015-05-26,69.4800197377692
2015-05-27,71.1067652797635
2015-05-28,71.50726194563455
2015-05-29,71.1916647515097
2015-06-01,71.31367156388896
2015-06-02,70.78536364538053
2015-06-03,70.84356605151204
2015-06-04,70.31066410907194
2015-06-05,70.39998045776684
2015-06-08,69.18954568731668
2015-06-09,69.34793729791105
2015-06-10,70.15249667970151
2015-06-11,70.45579254665081
2015-06-12,69.86009930751568
2015-06-15,69.40590083675761
2015-06-16,69.8610591065363
2015-06-17,70.32992037159936
2015-06-18,71.18704046991657
2015-06-19,70.87703001776214
2015-06-22,71.25380948068896
2015-06-23,70.88419321918111
2015-06-24,70.2469963796724
2015-06-25,70.13966437333532
2015-06-26,68.59004885631944
2015-06-29,66.62552974945028
2015-06-30,66.6720670207039
2015-07-01,67.18087311932159
2015-07-02,67.63961941376009
2015-07-06,66.93755372038565
2015-07-07,66.40791851970354
2015-07-08,65.15056469384291
2015-07-09,64.65410708064165
2015-07-10,65.60435323293824
2015-07-13,66.61433442457854
2015-07-14,67.17463330828978
2015-07-15,66.74622813045382
2015-07-16,67.6058298422521
2015-07-17,68.23785003724136
2015-07-20,67.82288735800991
2015-07-21,67.79090649701428
2015-07-22,66.77146723869195
2015-07-23,66.80470004249176
2015-07-24,66.33148098833942
2015-07-27,65.76631482743737
2015-07-28,66.93177359406859
2015-07-29,67.56371849005569
2015-07-30,68.24098544133999
2015-07-31,67.58431618005781
2015-08-03,68.33983461193624
2015-08-04,67.52731182683348
2015-08-05,68.33748509866783
2015-08-06,67.01586452938848
2015-08-07,67.82728167668724
2015-08-10,68.76569082588799
2015-08-11,67.89558018327753
2015-08-12,67.96230402353504
2015-08-13,67.55357778112062
2015-08-14,67.76701236983179
2015-08-17,68.03668949405359
2015-08-18,67.35362396623084
2015-08-19,66.66278376334745
2015-08-20,64.37644324556302
2015-08-21,62.77758988032538
2015-08-24,60.81413502686575
2015-08-25,59.951635645345654
2015-08-26,62.69970614435304
2015-08-27,64.66180287763945
2015-08-28,65.09127213462553
2015-08-31,64.6424906076313
2015-09-01,62.55207884702501
2015-09-02,63.87997986062854
2015-09-03,64.12034996697008
2015-09-04,63.11307468454055
2015-09-08,64.88401577680474
2015-09-09,64.02891852844459
2015-09-10,64.4816814186379
2015-09-11,63.785761090729366
2015-09-14,63.328075164899175
2015-09-15,63.99852212646991
2015-09-16,64.50811619969649
2015-09-17,64.34428220775527
2015-09-18,63.42656565735864
2015-09-21,63.694084475079
2015-09-22,62.45436804916302
2015-09-23,62.31052824836384
2015-09-24,62.74750031644565
2015-09-25,62.922787364124865
2015-09-28,61.38047678567365
2015-09-29,61.404041453870406
2015-09-30,63.36096522482844
2015-10-01,62.99898814808478
2015-10-02,64.04013017941907
2015-10-05,65.51427286187503
2015-10-06,65.89529118879986
2015-10-07,66.55522358994152
2015-10-08,66.77408425961049
2015-10-09,66.79827779192848
2015-10-12,66.64727490621567
2015-10-13,66.54760651750063
2015-10-14,67.21141392326412
2015-10-15,67.25943425402376
2015-10-16,67.3644996765285
2015-10-19,67.46800645337849
2015-10-20,66.58322217440129
2015-10-21,65.92207495674735
2015-10-22,67.65172575311978
2015-10-23,69.1217099829334
2015-10-26,68.4046719601829
2015-10-27,67.26766937902474
2015-10-28,68.17376996860344
2015-10-29,67.20005996412098
2015-10-30,67.2830921578122
2015-11-02,68.25477962704333
2015-11-03,69.06435127180568
2015-11-04,69.28253082907936
2015-11-05,68.63259963278077
2015-11-06,69.9992176469663
2015-11-09,69.40525498956026
2015-11-10,68.39645374973101
2015-11-11,68.64884194032305
2015-11-12,67.83187390991506
2015-11-13,66.52542780287948
2015-11-16,67.59146475361541
2015-11-17,67.72942868066303
2015-11-18,68.54538563202819
2015-11-19,69.13679225852363
2015-11-20,69.68672417339924
2015-11-23,69.44278127469819
2015-11-24,69.79605857247424
2015-11-25,69.72997359374286
2015-11-27,70.05754536638104
2015-11-30,70.5315220745507
2015-12-01,71.96986234803776
2015-12-02,71.60327472226035
2015-12-03,70.86508348666277
2015-12-04,72.3952361247397
2015-12-07,71.88665087956386
2015-12-08,71.29713114450772
2015-12-09,70.13205237835554
2015-12-10,70.48786733233878
2015-12-11,69.04381568155257
2015-12-14,68.76902535054737
2015-12-15,69.79712037046323
2015-12-16,71.08308453955114
2015-12-17,70.25369323481986
2015-12-18,69.34869505313036
2015-12-21,70.1163400853869
2015-12-22,70.68920357650207
2015-12-23,71.30330258993827
2015-12-24,71.50854800809397
2015-12-28,71.47711236471922
2015-12-29,72.40099523906696
2015-12-30,71.85260927971058
2015-12-31,71.00226873925105
2016-01-04,69.92391077551791
2016-01-05,69.51092728094495
2016-01-06,67.72663647001015
2016-01-07,65.84633618034862
2016-01-08,64.81972554112879
2016-01-11,65.06744584625478
2016-01-12,65.71110261450714
2016-01-13,63.74471201160828
2016-01-14,64.67748897681018
2016-01-15,62.19709189855373
2016-01-19,61.794668546634455
2016-01-20,61.200005169707616
2016-01-21,61.80560230033752
2016-01-22,63.104638741100615
2016-01-25,62.48768453952469
2016-01-26,63.18905090984347
2016-01-27,62.17522537943042
2016-01-28,62.32111271182231
2016-01-29,64.6413429633736
2016-02-01,64.97915735938668
2016-02-02,63.0325449225274
2016-02-03,63.98570889733546
2016-02-04,64.75393070185692
2016-02-05,62.14778690128811
2016-02-08,60.514380587963736
2016-02-09,60.09146254210006
2016-02-10,60.067001813992185
2016-02-11,59.76728583784216
2016-02-12,60.71452484818554
2016-02-16,62.8147432847229
2016-02-17,64.52659089276102
2016-02-18,64.9499600744748
2016-02-19,64.8297251962043
2016-02-22,66.08036222618301
2016-02-23,64.86052373666456
2016-02-24,65.49357767640251
2016-02-25,66.40989502633244
2016-02-26,66.50863160343809
2016-02-29,66.1418270065907
2016-03-01,68.43881000366348
2016-03-02,69.18660195538406
2016-03-03,69.31328177999154
2016-03-04,69.38666833992909
2016-03-07,69.71056396699667
2016-03-08,68.41430428965991
2016-03-09,68.8826814125071
2016-03-10,69.05737651589126
2016-03-11,70.9495956145978
2016-03-14,70.87489402817305
2016-03-15,70.19705529290663
2016-03-16,71.20230212071782
2016-03-17,71.4866313685558
2016-03-18,72.42202087886255
2016-03-21,72.62380747224317
2016-03-22,72.81961933778021
2016-03-23,71.91877247376783
2016-03-24,72.01904048101326
2016-03-28,71.80812180768008
2016-03-29,72.78256901986924
2016-03-30,73.33991076861355
2016-03-31,73.17835483751028
2016-04-01,73.31091258339546
2016-04-04,72.70218608455181
2016-04-05,72.67350886766586
2016-04-06,73.40472630886278
2016-04-07,72.26938640993497
2016-04-08,72.44153672460222
2016-04-11,72.58147810316385
2016-04-12,72.5489392439827
2016-04-13,73.78323122648797
2016-04-14,72.49731623336491
2016-04-15,72.08604083196815
2016-04-18,72.16806229317673
2016-04-19,71.19885748747306
2016-04-20,71.68607693953918
2016-04-21,72.03629365120104
2016-04-22,73.01097437176715
2016-04-25,72.44594052086183
2016-04-26,72.81515689905972
2016-04-27,73.61331211219871
2016-04-28,72.46144121037351
2016-04-29,70.79782682995987
2016-05-02,71.08368451958195
2016-05-03,69.95876292215677
2016-05-04,69.27376268741611
2016-05-05,69.31280353217201
2016-05-06,69.42026169981432
2016-05-09,69.38765265629787
2016-05-10,70.31541910690665
2016-05-11,70.005858106258
2016-05-12,69.20797886966045
2016-05-13,70.23492948639401
2016-05-16,71.36856929772337
2016-05-17,71.05454111621187
2016-05-18,72.09090264476463
2016-05-19,71.8329319636427
2016-05-20,73.21317643838523
2016-05-23,73.61578516549528
2016-05-24,74.92533537356984
2016-05-25,75.5613910727136
2016-05-26,76.18605606474739
2016-05-27,76.3588186489042
2016-05-31,77.10031799637154
2016-06-01,77.47416437699113
2016-06-02,77.54069932374146
2016-06-03,77.28577916110082
2016-06-06,77.51460990534962
2016-06-07,78.0376155475747
2016-06-08,78.09193377959905
2016-06-09,78.15301204933048
2016-06-10,76.66354610283842
2016-06-13,76.16735395294057
2016-06-14,76.35238881629687
2016-06-15,76.75587965726115
2016-06-16,77.18908827264617
2016-06-17,76.873868437156
2016-06-20,77.45961157022921
2016-06-21,77.97394603541277
2016-06-22,77.5581380096143
2016-06-23,79.43052371345168
2016-06-24,75.49407155094187
2016-06-27,72.78817936279803
2016-06-28,74.7269074076827
2016-06-29,76.35277595820921
2016-06-30,77.27236645170616
2016-07-01,76.86467850238324
2016-07-05,76.02052528851529
2016-07-06,76.41467709901133
2016-07-07,77.35254218258348
2016-07-08,79.21089007707957
2016-07-11,79.81649645643517
2016-07-12,81.16080835124507
2016-07-13,81.07939563599592
2016-07-14,81.54324328688251
2016-07-15,81.30226819219556
2016-07-18,82.23877462309433
2016-07-19,81.78369994494038
2016-07-20,84.1020059050541
2016-07-21,83.55987608958158
2016-07-22,85.0834746829053
2016-07-25,86.11609059424349
2016-07-26,87.32621773738107
2016-07-27,87.18684929623197
2016-07-28,87.6148823045573
2016-07-29,87.067408503718
2016-08-01,87.25737547777797
2016-08-02,85.70391786606977
2016-08-03,85.9722625332989
2016-08-04,86.85134782047216
2016-08-05,87.9634592936488
2016-08-08,88.04937379178772
2016-08-09,88.49435104823854
2016-08-10,87.63528828393326
2016-08-11,88.15418771708158
2016-08-12,88.95940960048995
2016-08-15,89.80969407183322
2016-08-16,89.30731649617633
2016-08-17,88.73051615896543
2016-08-18,89.58298405099856
2016-08-19,90.32127726533973
2016-08-22,90.27995730215291
2016-08-23,90.65474205334806
2016-08-24,89.70130595755236
2016-08-25,90.19879064187069
2016-08-26,90.77602132462377
2016-08-29,91.15922577914768
2016-08-30,90.9417906662037
2016-08-31,90.62444188179839
2016-09-01,91.36543521621383
2016-09-02,91.78438614855843
2016-09-06,92.52475402940152
2016-09-07,92.84570093096634
2016-09-08,92.49019700601536
2016-09-09,89.78401973305313
2016-09-12,91.27937590754233
2016-09-13,90.24068179448354
2016-09-14,90.82853331322053
2016-09-15,92.57205863185234
2016-09-16,92.60481119735799
2016-09-19,93.12728784956234
2016-09-20,92.58896806800877
2016-09-21,94.13636090816624
2016-09-22,94.62862364878308
2016-09-23,93.9251382824186
2016-09-26,93.37258297055148
2016-09-27,95.19940036991585
2016-09-28,95.48689676721835
2016-09-29,95.61784136290105
2016-09-30,96.49038878401504
2016-10-03,96.09896246678616
2016-10-04,96.01333746575992
2016-10-05,96.3816444045587
2016-10-06,96.48461651179413
2016-10-07,96.35939698998352
2016-10-10,96.86100962291674
2016-10-11,94.5624505417162
2016-10-12,94.68397593276
2016-10-13,93.84331033724983
2016-10-14,94.43449539631779
2016-10-17,93.7739048689034
2016-10-18,94.68331771804009
2016-10-19,94.4715987610296
2016-10-20,94.96603291750334
2016-10-21,94.73330874817437
2016-10-24,96.43729471332217
2016-10-25,96.6749386606453
2016-10-26,96.73089399860405
2016-10-27,96.26017013232988
2016-10-28,95.93015814691012
2016-10-31,95.98305274861258
2016-11-01,95.08060423565027
2016-11-02,94.0439447195588
2016-11-03,93.2802481787896
2016-11-04,92.81970427188995
2016-11-07,95.8824450825847
2016-11-08,96.03087942616155
2016-11-09,95.51513419710848
2016-11-10,93.36721205917767
2016-11-11,97.6464713680175
2016-11-14,96.47661587658719
2016-11-15,98.27883133046657
2016-11-16,99.94055731323373
2016-11-17,100.9284614809814
2016-11-18,102.45911180109051
2016-11-21,102.92809828095932
2016-11-22,102.80287558414898
2016-11-23,102.58090780696695
2016-11-25,102.82249986566565
2016-11-28,102.42517452942285
2016-11-29,102.13683669879185
2016-11-30,101.58770932284966
2016-12-01,97.85458715456859
2016-12-02,98.41219434437588
2016-12-05,99.7687601722877
2016-12-06,100.79153376372952
2016-12-07,102.76270522193796
2016-12-08,103.22381865419236
2016-12-09,103.33313358799901
2016-12-12,102.46715818671011
2016-12-13,103.76332446742224
2016-12-14,103.72048232972261
2016-12-15,104.8616676706939
2016-12-16,103.85701932740152
2016-12-19,104.35103370920697
2016-12-20,105.3577901113387
2016-12-21,105.34643529494775
2016-12-22,105.44680768653575
2016-12-23,106.06595643739817
2016-12-27,107.4555472179888
2016-12-28,105.32264348831451
2016-12-29,105.3287098706405
2016-12-30,103.70852440144184
2017-01-03,104.31147414924072
2017-01-04,105.06805266367434
2017-01-05,104.89203746060554
2017-01-06,105.77817093935546
2017-01-09,106.67642072614709
2017-01-10,106.80512382724056
2017-01-11,107.11564778278348
2017-01-12,106.15714977803424
2017-01-13,106.49403395444632
2017-01-17,105.34721853178903
2017-01-18,105.97517937302248
2017-01-19,105.88479757858101
2017-01-20,106.39271846774761
2017-01-23,106.14166004450325
2017-01-24,108.64029166910647
2017-01-25,111.09044377451609
2017-01-26,111.17190137886656
2017-01-27,111.87700563442863
2017-01-30,111.14147014507454
2017-01-31,110.74847380796074
2017-02-01,112.49880958049494
2017-02-02,112.79698684455005
2017-02-03,113.42906574248593
2017-02-06,114.10453691624255
2017-02-07,114.48739521043588
2017-02-08,114.90035777265699
2017-02-09,114.95269757518093
2017-02-10,114.89489129080927
2017-02-13,115.51289590967548
2017-02-14,115.38003240239506
2017-02-15,115.91099154799161
2017-02-16,116.04436568982148
2017-02-17,116.20707376387189
2017-02-21,117.80719246500335
2017-02-22,117.62570168356736
2017-02-23,115.92921258480641
2017-02-24,115.94354846684179
2017-02-27,116.36406572160838
2017-02-28,115.09462823939894
2017-03-01,116.04589897310562
2017-03-02,114.33645445225581
2017-03-03,114.47598243693083
2017-03-06,114.21311786592248
2017-03-07,114.55018425208884
2017-03-08,114.47648229165817
2017-03-09,114.21525258255352
2017-03-10,115.40773965158499
2017-03-13,115.88758660848497
2017-03-14,115.15012132210951
2017-03-15,116.08260116874794
2017-03-16,116.9278043501818
2017-03-17,117.0936685389183
2017-03-20,117.89622331276976
2017-03-21,115.19124829125538
2017-03-22,116.59354441012557
2017-03-23,116.38951387662757
2017-03-24,117.11157933295836
2017-03-27,117.35347821345862
2017-03-28,117.90134986595191
2017-03-29,117.943974817317
2017-03-30,118.58011261281383
2017-03-31,118.2047723750238
2017-04-03,117.57412293111622
2017-04-04,116.63585565095627
2017-04-05,116.19805817064253
2017-04-06,116.32178757608793
2017-04-07,116.4117624135454
2017-04-10,115.65387163468586
2017-04-11,115.2731133148163
2017-04-12,114.13442380797639
2017-04-13,113.21188984679459
2017-04-17,114.66446311600824
2017-04-18,114.67475634568503
2017-04-19,114.28448601656574
2017-04-20,115.31153361789596
2017-04-21,115.18935082794177
2017-04-24,116.79595970636338
2017-04-25,118.09454761535612
2017-04-26,116.15916732201093
2017-04-27,117.41651783713543
2017-04-28,117.2491006190595
2017-05-01,118.20520496151572
2017-05-02,116.92784816666169
2017-05-03,117.66127260270575
2017-05-04,117.9706856595821
2017-05-05,118.8123259892262
2017-05-08,118.8367345110953
2017-05-09,119.62958654498838
2017-05-10,122.29693710918198
2017-05-11,122.60066816716704
2017-05-12,123.07707836950931
2017-05-15,124.85438256175644
2017-05-16,126.27293221208238
2017-05-17,121.06978039748917
2017-05-18,122.43606705619436
2017-05-19,123.759758383513
2017-05-22,125.50369704493984
2017-05-23,125.33353341886755
2017-05-24,126.31966973419277
2017-05-25,127.04516600736186
2017-05-26,128.33158756955714
2017-05-30,128.83225710878796
2017-05-31,128.2933877203176
2017-06-01,129.79974135571024
2017-06-02,130.407393073207
2017-06-05,130.78683507276534
2017-06-06,131.52298731095033
2017-06-07,132.08560815920188
2017-06-08,133.83405653075343
2017-06-09,128.9135072908411
2017-06-12,128.50062632958696
2017-06-13,129.7565964170568
2017-06-14,128.9266052283141
2017-06-15,128.22323861119963
2017-06-16,128.33658327869438
2017-06-19,130.54578713276683
2017-06-20,130.0827887400736
2017-06-21,131.83854868146463
2017-06-22,132.4024023994662
2017-06-23,132.73484259850522
2017-06-26,132.30458505035912
2017-06-27,128.74205885200203
2017-06-28,130.65657013394264
2017-06-29,127.72596058137312
2017-06-30,126.88162082950298
2017-07-03,125.10993819880876
2017-07-05,126.91836800897893
2017-07-06,125.87776890307025
2017-07-07,127.66894884601695
2017-07-10,129.2439287394088
2017-07-11,129.9961476137866
2017-07-12,132.1531926052534
2017-07-13,132.0215310274105
2017-07-14,133.32961792238495
2017-07-17,132.65170796019743
2017-07-18,132.92714927952804
2017-07-19,133.62357801418693
2017-07-20,133.68078062115984
2017-07-21,133.41624539032412
2017-07-24,133.7714669724398
2017-07-25,132.4792099432872
2017-07-26,132.84549967814021
2017-07-27,131.26461883973997
2017-07-28,130.6267443922819
2017-07-31,129.86979487517448
2017-08-01,130.81162002588158
2017-08-02,130.42402366957722
2017-08-03,130.17653090157677
2017-08-04,130.05020927227608
2017-08-07,131.2111505780906
2017-08-08,130.6852913027764
2017-08-09,130.26153082924733
2017-08-10,126.5869851891005
2017-08-11,127.081021123792
2017-08-14,130.21288379569694
2017-08-15,130.54966968633246
2017-08-16,130.93991805952533
2017-08-17,128.04528906367304
2017-08-18,128.23176003327353
2017-08-21,127.97036944860726
2017-08-22,130.23628784365894
2017-08-23,130.51202248584295
2017-08-24,130.82033182082517
2017-08-25,131.488045012568
2017-08-28,131.8700346335386
2017-08-29,132.1593048684181
2017-08-30,133.74481292893367
2017-08-31,134.90118587885277
2017-09-01,135.8004373928343
2017-09-05,134.6218566168819
2017-09-06,134.7606580364492
2017-09-07,134.8558787330696
2017-09-08,133.4767088912322
2017-09-11,135.399966075025
2017-09-12,135.85822723587043
2017-09-13,136.15452757300085
2017-09-14,136.07585525530655
2017-09-15,137.4622234630032
2017-09-18,138.7392169048144
2017-09-19,138.70289595972935
2017-09-20,137.871950235831
2017-09-21,137.0383755070977
2017-09-22,136.93657066413473
2017-09-25,134.16636000678193
2017-09-26,134.2700195356029
2017-09-27,136.51982964972086
2017-09-28,136.72792185089634
2017-09-29,137.69818057863768
2017-10-02,138.62212814038492
2017-10-03,139.15159730140476
2017-10-04,139.36543501470433
2017-10-05,139.8958512927342
2017-10-06,140.4281732107426
2017-10-09,141.44893342985355
2017-10-10,142.17179933079746
2017-10-11,143.0360518787025
2017-10-12,142.9455569906724
2017-10-13,143.80393800675046
2017-10-16,144.14833440978677
2017-10-17,144.1416941030499
2017-10-18,144.7876773309356
2017-10-19,144.3683943226781
2017-10-20,144.9660589648753
2017-10-23,145.9448148789133
2017-10-24,146.92172652138072
2017-10-25,144.88479702800626
2017-10-26,145.2768260562198
2017-10-27,148.1500356489619
2017-10-30,148.21501941918373
2017-10-31,149.17113669138342
2017-11-01,149.0361749454881
2017-11-02,148.56042561864612
2017-11-03,150.12386357930527
2017-11-06,152.4186719135342
2017-11-07,152.6389794158128
2017-11-08,153.0455613657808
2017-11-09,150.85497436994677
2017-11-10,152.15811719789687
2017-11-13,152.0379805427974
2017-11-14,152.01102930372045
2017-11-15,151.00653768501954
2017-11-16,153.07030027482205
2017-11-17,153.09841207037405
2017-11-20,154.77459564756717
2017-11-21,157.79292260250642
2017-11-22,158.11729202374062
2017-11-24,159.0807695754606
2017-11-27,157.17702586734524
2017-11-28,156.75525333550584
2017-11-29,150.9027361508748
2017-11-30,151.80625467409772
2017-12-01,151.03393692625005
2017-12-04,147.14172635262605
2017-12-05,147.14200190815387
2017-12-06,147.4542894768882
2017-12-07,148.91150972218892
2017-12-08,149.5726629096583
2017-12-11,151.14917829657048
2017-12-12,150.4147692133229
2017-12-13,150.14880978579032
2017-12-14,150.23877792000889
2017-12-15,151.59351878435646
2017-12-18,154.02671852956456
2017-12-19,153.86790003545283
2017-12-20,153.93006854803536
2017-12-21,152.83537488050942
2017-12-22,152.62407482764132
2017-12-26,151.51555844345853
2017-12-27,152.02808677261717
2017-12-28,152.13111460453666
2017-12-29,150.6977929444064
2018-01-02,154.4527844104717
2018-01-03,157.67878035054014
2018-01-04,158.80427058257382
2018-01-05,159.82043196086337
2018-01-08,161.3526335339803
2018-01-09,160.23963570488456
2018-01-10,160.1693220675287
2018-01-11,161.20016756930187
2018-01-12,162.3225361103068
2018-01-16,162.1040797237465
2018-01-17,164.51278867696504
2018-01-18,165.53208814561253
2018-01-19,165.56286087718235
2018-01-22,166.89428554726692
2018-01-23,168.41421905802284
2018-01-24,166.34931350215717
2018-01-25,165.83905065960133
2018-01-26,168.9475488617886
2018-01-29,167.98826227848375
2018-01-30,165.73399166007724
2018-01-31,167.99041723872497
2018-02-01,166.37690729717937
2018-02-02,162.34380676572908
2018-02-05,155.08594906222532
2018-02-06,160.36747190725742
2018-02-07,159.01676372866248
2018-02-08,152.91239022179158
2018-02-09,157.03193286231235
2018-02-12,159.67088636682732
2018-02-13,160.69960370426006
2018-02-14,163.466578794375
2018-02-15,166.02454704224192
2018-02-16,165.68738868899663
2018-02-20,167.0560289890903
2018-02-21,165.69083230356205
2018-02-22,165.21451851789973
2018-02-23,168.95803750958962
2018-02-26,171.4470723573048
2018-02-27,170.6853107676276
2018-02-28,169.8532691160945
2018-03-01,167.7339128540967
2018-03-02,169.62133916556135
2018-03-05,171.21964323168865
2018-03-06,172.88080514846698
2018-03-07,174.14620247924788
2018-03-08,174.98981162955923
2018-03-09,177.633779109676
2018-03-12,179.52028456855933
2018-03-13,177.23490556473385
2018-03-14,177.9214868380564
2018-03-15,177.5137190207432
2018-03-16,177.37299230506846
2018-03-19,174.16732526559582
2018-03-20,174.84875165315455
2018-03-21,174.23798054981052
2018-03-22,169.75180358694544
2018-03-23,164.46987448089675
2018-03-26,170.2820511418899
2018-03-27,164.0442163488397
2018-03-28,161.0206120650218
2018-03-29,165.03073141325478
2018-04-02,159.91219844576068
2018-04-03,161.92807735911433
2018-04-04,164.23236393645465
2018-04-05,163.9664246661271
2018-04-06,159.66679599007253
2018-04-09,160.4821204330966
2018-04-10,165.24354031483753
2018-04-11,165.284966150783
2018-04-12,168.03850531061943
2018-04-13,166.6252834358446
2018-04-16,166.77427150309236
2018-04-17,170.0785032470578
2018-04-18,169.5594536205297
2018-04-19,165.3585531251717
2018-04-20,163.01496953240505
2018-04-23,161.1960209779256
2018-04-24,159.4639285233109
2018-04-25,158.20996691221922
2018-04-26,162.45593356828527
2018-04-27,161.41345100225936
2018-04-30,160.16019536209623
2018-05-01,161.8108816702954
2018-05-02,161.37912471146257
2018-05-03,162.39141170503112
2018-05-04,165.40363317508908
2018-05-07,167.18799486064972
2018-05-08,168.31118343611692
2018-05-09,170.67892790903167
2018-05-10,172.68006233431015
2018-05-11,171.43695442696048
2018-05-14,172.72186988521187
2018-05-15,171.16217356476415
2018-05-16,172.66763001672783
2018-05-17,171.44089953516598
2018-05-18,170.6008478788718
2018-05-21,172.18530483847292
2018-05-22,172.80776675435885
2018-05-23,174.5919445655109
2018-05-24,174.61130263630074
2018-05-25,175.51327858514955
2018-05-29,173.89673330767334
2018-05-30,174.99177465897552
2018-05-31,173.62913301911573
2018-06-01,177.46557527613913
2018-06-04,178.80647955979563
2018-06-05,179.33664606893024
2018-06-06,180.20596624388486
2018-06-07,178.36308704251618
2018-06-08,177.70350951168237
2018-06-11,177.73599024692172
2018-06-12,178.76812266944737
2018-06-13,179.15292034804392
2018-06-14,179.78095258177078
2018-06-15,179.29250892590787
2018-06-18,179.2514664261783
2018-06-19,177.44730540057577
2018-06-20,178.3235030929312
2018-06-21,176.24351086377226
2018-06-22,175.38818103558313
2018-06-25,170.0730984117322
2018-06-26,170.99996553927318
2018-06-27,168.04195684573887
2018-06-28,171.3913823758879
2018-06-29,171.12382560627276
2018-07-02,173.54283865392907
2018-07-03,170.98906749037843
2018-07-05,173.74426065225936
2018-07-06,176.21937123037992
2018-07-09,177.70076199555766
2018-07-10,179.28491728548696
2018-07-11,176.71456053202527
2018-07-12,179.32947343696438
2018-07-13,178.75754521619913
2018-07-16,177.8140676689914
2018-07-17,179.75112959297934
2018-07-18,179.63498974106332
2018-07-19,179.90840406942425
2018-07-20,179.41929776035292
2018-07-23,179.44396666804408
2018-07-24,178.60585293562943
2018-07-25,180.543818987101
2018-07-26,181.49996551071163
2018-07-27,178.63303147482534
2018-07-30,175.8218750401441
2018-07-31,175.6210577586686
2018-08-01,176.33251042430538
2018-08-02,178.5668479034802
2018-08-03,178.93466137491825
2018-08-06,180.49539812340328
2018-08-07,181.86682311046042
2018-08-08,182.34775184419715
2018-08-09,181.26358076134474
2018-08-10,179.07088028305552
2018-08-13,178.6722650551825
2018-08-14,179.7960721406083
2018-08-15,177.64643928541335
2018-08-16,178.14783162678592
2018-08-17,177.0924608121434
2018-08-20,177.34296092208967
2018-08-21,179.36363456126003
2018-08-22,180.86325243447533
2018-08-23,181.58547906264124
2018-08-24,184.49292371536697
2018-08-27,186.47150519822495
2018-08-28,187.36159601168887
2018-08-29,189.72791360286635
2018-08-30,188.33621483670015
2018-08-31,188.6939035500584
2018-09-04,188.985599528047
2018-09-05,186.940415410666
2018-09-06,183.5333432227136
2018-09-07,184.30879782543306
2018-09-10,185.4608291112809
2018-09-11,184.34548189634913
2018-09-12,183.63665574330855
2018-09-13,184.57598459624964
2018-09-14,186.40546630553828
2018-09-17,183.73773770260422
2018-09-18,184.60125024183796
2018-09-19,184.16943285634065
2018-09-20,186.07385485767534
2018-09-21,185.55416499950178
2018-09-24,187.0566101937475
2018-09-25,186.56829968212116
2018-09-26,185.5526914430804
2018-09-27,186.6907116475632
2018-09-28,187.56073538395162
2018-10-01,188.56474773903957
2018-10-02,187.38099008195942
2018-10-03,188.04363827075602
2018-10-04,184.20094588645307
2018-10-05,180.84440059674694
2018-10-08,178.5774021595559
2018-10-09,178.4722757632471
2018-10-10,170.28659040671232
2018-10-11,169.15841231937614
2018-10-12,173.39135194001577
2018-10-15,171.2341783510759
2018-10-16,176.91761908722864
2018-10-17,175.67843035512772
2018-10-18,171.77198490059044
2018-10-19,169.24201758770238
2018-10-22,170.33949535613598
2018-10-23,168.51001544140027
2018-10-24,158.95963657105247
2018-10-25,162.7019829268324
2018-10-26,156.43413138168205
2018-10-29,152.43120142364063
2018-10-30,156.772310536587
2018-10-31,160.4322332933773
2018-11-01,165.796687497816
2018-11-02,163.9126549612571
2018-11-05,163.28880159103352
2018-11-06,164.15275347370542
2018-11-07,168.08232578300817
2018-11-08,166.36089881083632
2018-11-09,163.0680886880811
2018-11-12,154.94993094936962
2018-11-13,156.60240050612117
2018-11-14,156.7313058908203
2018-11-15,160.5228487048341
2018-11-16,156.09530983480593
2018-11-19,148.98503455795506
2018-11-20,148.51508146848568
2018-11-21,149.6034786662195
2018-11-23,149.25542876185466
2018-11-26,153.21865753026805
2018-11-27,153.58667472895985
2018-11-28,157.91204669409186
2018-11-29,156.85313698265074
2018-11-30,158.4028131488157
2018-12-03,162.7821518767472
2018-12-04,154.9949663458476
2018-12-06,156.36055844700078
2018-12-07,150.42949773002377
2018-12-10,152.30444383854348
2018-12-11,152.51740896336122
2018-12-12,154.3471591501718
2018-12-13,154.26600827549146
2018-12-14,151.39645265854116
2018-12-17,148.07768543379612
2018-12-18,149.92812780612857
2018-12-19,145.51158359227358
2018-12-20,143.97176259120215
2018-12-21,140.31284898936815
2018-12-24,136.12091094157392
2018-12-26,144.10303826944084
2018-12-27,145.07261093096488
2018-12-28,145.7746397743714
2018-12-31,147.24369440393295
2019-01-02,148.29608921023322
2019-01-03,140.74881085706795
2019-01-04,146.9967855215201
2019-01-07,150.21387048772394
2019-01-08,150.68895609192558
2019-01-09,152.9764045014999
2019-01-10,153.8012565681412
2019-01-11,154.7658340081041
2019-01-14,152.97386429929733
2019-01-15,153.9715751899364
2019-01-16,153.10271092288824
2019-01-17,153.97252902520924
2019-01-18,157.15784473232497
2019-01-22,153.30278481532883
2019-01-23,153.95634597729259
2019-01-24,158.30415118825601
2019-01-25,162.21752581627135
2019-01-28,157.64048975000406
2019-01-29,154.47239918449574
2019-01-30,159.78495608604507
2019-01-31,163.17305756206457
2019-02-01,164.14150823305334
2019-02-04,166.0482852378828
2019-02-05,166.4837838657327
2019-02-06,167.82753010685045
2019-02-07,163.7395725537865
2019-02-08,164.38612012969534
2019-02-11,165.26310961069996
2019-02-12,168.1169265172196
2019-02-13,168.3631755463
2019-02-14,168.85929875227137
2019-02-15,169.45900195093913
2019-02-19,170.36741171275096
2019-02-20,171.27634013052472
2019-02-21,170.18566232370767
2019-02-22,172.8907113056357
2019-02-25,174.09073854503674
2019-02-26,173.93202862113483
2019-02-27,173.09388477043566
2019-02-28,172.73264417468948
2019-03-01,174.20408545820675
2019-03-04,174.02041704644907
2019-03-05,173.05872270107392
2019-03-06,170.67179084556662
2019-03-07,168.55002276215777
2019-03-08,168.26945029288876
2019-03-11,173.31160560974797
2019-03-12,174.42643317794986
2019-03-13,175.90847608608357
2019-03-14,174.7403571386425
2019-03-15,178.17548102399516
2019-03-18,178.22444135052942
2019-03-19,180.22399600678568
2019-03-20,179.53279711553185
2019-03-21,185.79502704106903
2019-03-22,180.3249373794721
2019-03-25,178.77277386450547
2019-03-26,180.1215559620972
2019-03-27,178.47769306404055
2019-03-28,178.51214562471625
2019-03-29,181.55743206001088
2019-04-01,184.37579182184356
2019-04-02,185.14283667840087
2019-04-03,188.09344115886742
2019-04-04,187.68330985701522
2019-04-05,188.83931507512398
2019-04-08,189.18360135164636
2019-04-09,188.0264509834476
2019-04-10,190.26617837816138
2019-04-11,190.40058575583708
2019-04-12,192.42969742202357
2019-04-15,191.75028610236322
2019-04-16,194.66665237933486
2019-04-17,196.44958172304587
2019-04-18,197.18816629563804
2019-04-22,197.79968924703627
2019-04-23,199.95239872135434
2019-04-24,200.24008940442675
2019-04-25,199.45125778193415
2019-04-26,197.33870554800174
2019-04-29,197.74882217965933
2019-04-30,198.03120521277594
2019-05-01,197.12637161502917
2019-05-02,197.54588600179292
2019-05-03,199.60597952362824
2019-05-06,197.1456078666531
2019-05-07,192.69604371665056
2019-05-08,192.33967583573389
2019-05-09,190.4109252441228
2019-05-10,190.5155617016043
2019-05-13,181.7136128834507
2019-05-14,185.73201430843622
2019-05-15,186.79686927239305
2019-05-16,186.78061239963384
2019-05-17,183.41527136497953
2019-05-20,178.45376764282105
2019-05-21,181.7819408107063
2019-05-22,179.92565696990016
2019-05-23,175.5850003744068
2019-05-24,175.024847203099
2019-05-28,173.6560676061177
2019-05-29,173.30928246607655
2019-05-30,173.66147705048482
2019-05-31,170.1812957987252
2019-06-03,168.15646157841167
2019-06-04,174.69455515530865
2019-06-05,173.68775296290812
2019-06-06,175.9336118794557
2019-06-07,178.13886407626663
2019-06-10,180.7761263049504
2019-06-11,181.5066697470173
2019-06-12,178.61946322201882
2019-06-13,180.11051579047944
2019-06-14,176.67352561579244
2019-06-17,176.99538003554784
2019-06-18,182.30731290089054
2019-06-19,182.76497369169633
2019-06-20,184.72730857644748
2019-06-21,183.75129911489768
2019-06-24,184.4015101313424
2019-06-25,181.27398222557986
2019-06-26,185.5784181625629
2019-06-27,187.3992740543317
2019-06-28,187.81602661689564
2019-07-01,191.82602288283155
2019-07-02,190.96618796642053
2019-07-03,191.83202255889947
2019-07-05,191.0224946564116
2019-07-08,189.6880714461339
2019-07-09,191.42843992448076
2019-07-10,194.26178948097902
2019-07-11,195.37883539155544
2019-07-12,197.51948009936999
2019-07-15,199.08009973294435
2019-07-16,197.35241588004624
2019-07-17,197.791611094203
2019-07-18,199.58837144322726
2019-07-19,198.56400360903618
2019-07-22,201.01657686846707
2019-07-23,202.6490486025836
2019-07-24,205.74190528809714
2019-07-25,203.30749157089943
2019-07-26,204.35363337571096
2019-07-29,203.91682702241
2019-07-30,203.21480643978813
2019-07-31,198.34349200104987
2019-08-01,195.9403619299041
2019-08-02,191.96328823019263
2019-08-05,184.1598643435573
2019-08-06,186.73845340081942
2019-08-07,187.31325971394162
2019-08-08,192.8632452825991
2019-08-09,190.14587380359194
2019-08-12,187.24616517751573
2019-08-13,192.12836291889943
2019-08-14,186.12324205677774
2019-08-15,184.85617494828992
2019-08-16,189.37613060979388
2019-08-19,193.07138685132628
2019-08-20,191.6805716221011
2019-08-21,193.96540382759713
2019-08-22,193.66435208982602
2019-08-23,186.5664955999431
2019-08-26,188.45327643247717
2019-08-27,187.15709839074265
2019-08-28,187.5501668637687
2019-08-29,191.77671876554797
2019-08-30,192.9669166970043
2019-09-03,189.9826752816514
2019-09-04,194.39922405581424
2019-09-05,200.41296856801705
2019-09-06,199.76050460838235
2019-09-09,200.28152841119012
2019-09-10,200.75381634946396
2019-09-11,204.0866018070658
2019-09-12,203.91572104373776
2019-09-13,202.8714582370949
2019-09-16,202.0064945205493
2019-09-17,203.01806083524062
2019-09-18,202.351564680227
2019-09-19,201.68749696885274
2019-09-20,198.89887214537742
2019-09-23,199.7302637265346
2019-09-24,196.2699034713493
2019-09-25,199.86904410184042
2019-09-26,199.79026372314632
2019-09-27,195.84976127546489
2019-09-30,197.75570461755203
2019-10-01,195.57042885728885
2019-10-02,192.85289569478218
2019-10-03,196.0684164871163
2019-10-04,198.9320962649766
2019-10-07,199.14035004019757
2019-10-08,193.52592222667832
2019-10-09,196.29559084642773
2019-10-10,197.27047228058058
2019-10-11,201.2739530938028
2019-10-14,201.5849952300272
2019-10-15,205.44951922925284
2019-10-16,203.05390282213915
2019-10-17,202.94409881292998
2019-10-18,200.47585778235296
2019-10-21,203.249481649361
2019-10-22,202.1843334914311
2019-10-23,200.77785648219194
2019-10-24,203.99971224412755
2019-10-25,207.66067240503574
2019-10-28,210.2955709277753
2019-10-29,208.53277606893016
2019-10-30,209.17140304127517
2019-10-31,208.2850041738271
2019-11-01,211.52179864582376
2019-11-04,215.89225929881462
2019-11-05,216.03268838869425
2019-11-06,215.19587077138524
2019-11-07,216.35043699233537
2019-11-08,217.00820914830123
2019-11-11,216.07231496701493
2019-11-12,218.11193993896794
2019-11-13,217.8989681120898
2019-11-14,216.5639925591918
2019-11-15,217.4021864576456
2019-11-18,218.2490183703847
2019-11-19,218.40912644690275
2019-11-20,217.64347578059372
2019-11-21,216.17845075618655
2019-11-22,216.251524793968
2019-11-25,220.52259704639923
2019-11-26,218.27135206828632
2019-11-27,219.6019050596686
2019-11-29,218.12657591260776
2019-12-02,214.8441373166006
2019-12-03,212.6018634702112
2019-12-04,212.45467396898357
2019-12-05,212.73587250561195
2019-12-06,215.20248963614873
2019-12-09,213.49978354945398
2019-12-10,214.05516090920128
2019-12-11,217.479447476424
2019-12-12,223.00796843436123
2019-12-13,222.33312340868744
2019-12-16,224.76698016471562
2019-12-17,225.32996124259574
2019-12-18,225.33355930370124
2019-12-19,227.4198099423504
2019-12-20,229.04797883749242
2019-12-23,230.57863409087147
2019-12-24,230.5194712936642
2019-12-26,232.32121425870614
2019-12-27,231.40537401953648
2019-12-30,229.16881570931073
2019-12-31,230.44175114358032
2020-01-02,236.2432586142287
2020-01-03,232.51223382740855
2020-01-06,232.02255266468268
2020-01-07,234.62329136158976
2020-01-08,235.1513139200702
2020-01-09,236.7755251292654
2020-01-10,236.21143363204794
2020-01-13,240.1697437182658
2020-01-14,239.2681935513189
2020-01-15,236.68624350655506
2020-01-16,241.0603040481565
2020-01-17,241.82511087862653
2020-01-21,241.10050300031946
2020-01-22,242.39556917893458
2020-01-23,243.42851354448626
2020-01-24,241.4652851832313
2020-01-27,233.66035643613137
2020-01-28,238.5088176469685
2020-01-29,235.77423647769857
2020-01-30,235.8466488441348
2020-01-31,230.6774970226443
2020-02-03,233.84113948698604
2020-02-04,240.51391066274707
2020-02-05,242.96192251023882
2020-02-06,244.90501052904838
2020-02-07,240.439490157646
2020-02-10,244.3474757502813
2020-02-11,247.5940686937149
2020-02-12,250.53344633608768
2020-02-13,248.84516460878822
2020-02-14,249.49674391939726
2020-02-18,248.6266360669876
2020-02-19,253.41071265783998
2020-02-20,250.78199168725084
2020-02-21,243.92360545015222
2020-02-24,232.65048855787373
2020-02-25,225.05512709237047
2020-02-26,225.91787895393105
2020-02-27,214.4685635552636
2020-02-28,217.75715237790624
2020-03-02,226.65208196490164
2020-03-03,219.18042790989952
2020-03-04,229.38650780002428
2020-03-05,225.04812767926228
2020-03-06,219.83226393119182
2020-03-09,202.9176211360263
2020-03-10,214.72775704528888
2020-03-11,203.21928700222358
2020-03-12,182.88004024482532
2020-03-13,200.80250846246653
2020-03-16,172.88742793273
2020-03-17,185.8564025453267
2020-03-18,174.9063095973116
2020-03-19,180.38954734976537
2020-03-20,176.54391127124697
2020-03-23,179.8213642115648
2020-03-24,198.60977467583936
2020-03-25,196.42157021839873
2020-03-26,207.87691067201925
2020-03-27,199.6223994972474
2020-03-30,206.45464274120673
2020-03-31,203.46573729159425
2020-04-01,194.5330873761774
2020-04-02,199.74593081030724
2020-04-03,195.4222189590743
2020-04-06,211.115247219527
2020-04-07,209.77312599601743
2020-04-08,215.9030259883972
2020-04-09,214.13380841651693
2020-04-13,216.27196874266986
2020-04-14,224.74582992938932
2020-04-15,220.5143783374072
2020-04-16,224.76787653513296
2020-04-17,226.74976221261701
2020-04-20,224.20414387055877
2020-04-21,214.59825532820514
2020-04-22,223.32836441334126
2020-04-23,222.25207887179712
2020-04-24,226.18431317941887
2020-04-27,229.01115204328073
2020-04-28,225.92952342858064
2020-04-29,234.7818200913532
2020-04-30,232.12184235229023
2020-05-01,222.6461316594048
2020-05-04,225.43376563038785
2020-05-05,228.1654585386988
2020-05-06,229.67111202866477
2020-05-07,232.6571082648174
2020-05-08,237.29938963053533
2020-05-11,238.45626760065338
2020-05-12,232.40019553354557
2020-05-13,228.38414217241865
2020-05-14,232.83482429017096
2020-05-15,232.54247251198623
2020-05-18,239.70559224489142
2020-05-19,239.49197955193583
2020-05-20,245.8447759257571
2020-05-21,242.06686492387303
2020-05-22,244.25678828898046
2020-05-26,244.28043257996404
2020-05-27,246.0064919113021
2020-05-28,242.76100980955133
2020-05-29,249.87989263488893
2020-06-01,249.45491335381618
2020-06-02,253.14865568858374
2020-06-03,256.0674504986531
2020-06-04,256.21331925379707
2020-06-05,261.5278279460328
2020-06-08,262.2234315841094
2020-06-09,263.46317556157334
2020-06-10,265.92588324012246
2020-06-11,249.99109961086486
2020-06-12,252.93005596664887
2020-06-15,256.1649719128606
2020-06-16,259.46117465883043
2020-06-17,259.86321619236793
2020-06-18,259.4381510954612
2020-06-19,259.129208971128
2020-06-22,262.47578899116434
2020-06-23,261.9703483416623
2020-06-24,257.69561752112975
2020-06-25,260.2488003253957
2020-06-26,255.1637759887504
2020-06-29,257.7614745037181
2020-06-30,264.2348126063979
2020-07-01,263.40749229481537
2020-07-02,265.7318678862327
2020-07-06,272.25492342613114
2020-07-07,268.6827821900882
2020-07-08,274.76418287933336
2020-07-09,278.7974489758594
2020-07-10,278.54370077849836
2020-07-13,272.1643555311607
2020-07-14,276.4083826867592
2020-07-15,276.367392032129
2020-07-16,275.69664958029955
2020-07-17,276.7003468350083
2020-07-20,283.3269710287567
2020-07-21,281.48220758780997
2020-07-22,283.07333038818206
2020-07-23,278.4787240164173
2020-07-24,278.6716456424666
2020-07-27,286.777513450543
2020-07-28,280.1167728255334
2020-07-29,285.92175137781925
2020-07-30,287.46479161162944
2020-07-31,289.9705825636989
2020-08-03,294.1789621665274
2020-08-04,297.54300990127973
2020-08-05,298.6594896665116
2020-08-06,297.29011896427625
2020-08-07,294.2770365262373
2020-08-10,293.32286513004055
2020-08-11,288.1222075332029
2020-08-12,294.9515647478339
2020-08-13,291.8148604089251
2020-08-14,290.80358672626573
2020-08-17,293.9866288506385
2020-08-18,293.8897655270877
2020-08-19,292.6015460012543
2020-08-20,293.0407150947014
2020-08-21,296.3331496534887
2020-08-24,299.29432677571083
2020-08-25,301.6187456418916
2020-08-26,308.8679724663597
2020-08-27,307.05948375877017
2020-08-28,313.23133783174137
2020-08-31,315.2577603897796
2020-09-01,319.8234881705828
2020-09-02,326.9175610259648
2020-09-03,309.3850352735243
2020-09-04,304.2481397948523
2020-09-08,295.0428871032802
2020-09-09,304.0254326351261
2020-09-10,298.7535279913307
2020-09-11,298.8459313658177
2020-09-14,305.1716109449623
2020-09-15,309.37434457941964
2020-09-16,305.15197262316417
2020-09-17,303.78982119802424
2020-09-18,299.5983232953021
2020-09-21,300.39237006226506
2020-09-22,303.74788296377517
2020-09-23,296.0141460440892
2020-09-24,297.281376232436
2020-09-25,302.52496594009773
2020-09-28,308.5301366725361
2020-09-29,309.4941496001895
2020-09-30,309.62864614075835
2020-10-01,312.7386923659435
2020-10-02,305.84215614114544
2020-10-05,313.1352117380857
2020-10-06,314.1512309008952
2020-10-07,320.1630526698783
2020-10-08,322.6757512466168
2020-10-09,325.0416614444801
2020-10-12,329.43198859282694
2020-10-13,327.71506053679263
2020-10-14,325.48807080474626
2020-10-15,325.9598629770566
2020-10-16,324.1474551733011
2020-10-19,321.48327550774445
2020-10-20,320.74606117148477
2020-10-21,318.46753653802
2020-10-22,320.95815777324174
2020-10-23,320.1671039035052
2020-10-26,314.9475534562443
2020-10-27,319.188003831285
2020-10-28,307.6958836704131
2020-10-29,311.1169301335364
2020-10-30,304.1304797908996
2020-11-02,305.13294652148676
2020-11-03,309.9647469954731
2020-11-04,320.50876744343543
2020-11-05,333.9272482502018
2020-11-06,344.8154516323311
2020-11-09,340.76512224721625
2020-11-10,331.0392977569658
2020-11-11,345.178549717629
2020-11-12,337.64351289241046
2020-11-13,346.6428809298156
2020-11-16,353.42099383205976
2020-11-17,357.7336973583939
2020-11-18,355.7736050329617
2020-11-19,362.31046731017756
2020-11-20,357.308637668329
2020-11-23,369.588376069017
2020-11-24,380.4910294441145
2020-11-25,396.5945728064202
2020-11-27,394.5083270526631
2020-11-30,394.6259362308951
2020-12-01,398.31471518611113
2020-12-02,392.703484842994
2020-12-03,394.8809679903395
2020-12-04,399.73758670278414
2020-12-07,408.63465453288376
2020-12-08,408.13348099227244
2020-12-09,398.3679601738876
2020-12-10,400.16037943112804
2020-12-11,398.8095127687575
2020-12-14,401.9411037241574
2020-12-15,406.4415238374963
2020-12-16,407.1280123208732
2020-12-17,411.2008822212714
2020-12-18,409.30946785401676
2020-12-21,411.3954328201943
2020-12-22,411.62627054614876
2020-12-23,409.8257379625976
2020-12-24,410.512615926278
2020-12-28,408.27169454599704
2020-12-29,404.2672579111539
2020-12-30,408.03056589144995
2020-12-31,408.9894862690844
2021-01-04,404.3397962319621
2021-01-05,411.675958763083
2021-01-06,405.3241891571815
2021-01-07,419.68351430761743
2021-01-08,419.5995991437019
2021-01-11,422.5468718683042
2021-01-12,422.74191529949803
2021-01-13,420.13129217071815
2021-01-14,421.38129751874106
2021-01-15,419.7373975396764
2021-01-19,428.8466765956713
2021-01-20,433.33388555844516
2021-01-21,438.2542015214062
2021-01-22,442.9608676071197
2021-01-25,452.02134223732196
2021-01-26,449.3719237656328
2021-01-27,445.9429674019755
2021-01-28,443.4108910403953
2021-01-29,437.9275593220904
2021-02-01,446.46779473211063
2021-02-02,448.0812367779808
2021-02-03,446.095269934313
2021-02-04,449.1118807362485
2021-02-05,451.6396966133836
2021-02-08,462.7841692204469
2021-02-09,464.0573514366815
2021-02-10,461.7067602594883
2021-02-11,466.2955487151062
2021-02-12,466.7572315494501
2021-02-16,462.18651361979926
2021-02-17,455.3566979371273
2021-02-18,452.0013940185231
2021-02-19,459.1573795279298
2021-02-22,447.9943735140855
2021-02-23,443.02414743607375
2021-02-24,449.8928097701846
2021-02-25,429.59469057604576
2021-02-26,433.19903190217497
2021-03-01,444.5794439193325
2021-03-02,435.4111521597579
2021-03-03,424.2615679924097
2021-03-04,411.6454666787912
2021-03-05,419.9199986676851
2021-03-08,406.2005798108232
2021-03-09,423.96054084450907
2021-03-10,421.04529351801796
2021-03-11,436.8273998271062
2021-03-12,434.83732859147904
2021-03-15,439.45908454686577
2021-03-16,439.3612242649951
2021-03-17,440.31484474865044
2021-03-18,424.3373528512467
2021-03-19,428.0711498096715
2021-03-22,434.3833398331355
2021-03-23,426.28416598164927
2021-03-24,415.5557073623117
2021-03-25,418.3160066744056
2021-03-26,430.9069807399548
2021-03-29,427.42290019259394
2021-03-30,426.80998670641907
2021-03-31,436.0483013953557
2021-04-01,445.9372801228544
2021-04-05,453.54533859117316
2021-04-06,450.67997141100204
2021-04-07,451.24501382576807
2021-04-08,457.0450014447607
2021-04-09,459.96942775557613
2021-04-12,458.30044921490673
2021-04-13,463.4073486778451
2021-04-14,455.49331984857184
2021-04-15,462.08566567382303
2021-04-16,460.12190507742196
2021-04-19,452.98239506367133
2021-04-20,449.0418931960884
2021-04-21,456.0017599187732
2021-04-22,447.77022308399376
2021-04-23,456.258409008355
2021-04-26,463.36606659121156
2021-04-27,461.5232713185549
2021-04-28,459.5147345954914
2021-04-29,460.46329108888756
2021-04-30,451.2136561826188
2021-05-03,445.7003694084631
2021-05-04,439.23090946551366
2021-05-05,438.6398502487329
2021-05-06,440.8566781663957
2021-05-07,443.8585926955295
2021-05-10,429.38768519640377
2021-05-11,432.3732406654668
2021-05-12,414.3502174089717
2021-05-13,415.72453360915006
2021-05-14,431.60122145928835
2021-05-17,432.4296641318306
2021-05-18,431.3107497214546
2021-05-19,433.7203682547685
2021-05-20,440.889288662778
2021-05-21,440.8393782789023
2021-05-24,450.13979359366056
2021-05-25,450.43292458350464
2021-05-26,454.4519242232153
2021-05-27,455.04058338056086
2021-05-28,458.37527002862936
2021-06-01,458.9183152648234
2021-06-02,464.0894117595405
2021-06-03,458.9477995098711
2021-06-04,468.3842692211486
2021-06-07,467.9241500028574
2021-06-08,468.8312943385305
2021-06-09,467.27847847342116
2021-06-10,471.3186118233616
2021-06-11,474.6178683192657
2021-06-14,480.125589346153
2021-06-15,475.80288804743
2021-06-16,474.3340871992028
2021-06-17,480.69740708997597
2021-06-18,474.36960087866066
2021-06-21,475.9143025835192
2021-06-22,477.8347383415415
2021-06-23,480.9309283649543
2021-06-24,485.96016628955476
2021-06-25,485.6521089281092
2021-06-28,495.5429922770503
2021-06-29,495.9578361332829
2021-06-30,494.83523346184757
2021-07-01,489.97483873923784
2021-07-02,492.5627283518957
2021-07-06,495.2611182335183
2021-07-07,489.58105805478885
2021-07-08,486.34531610754016
2021-07-09,492.32257900659874
2021-07-12,493.82563345063846
2021-07-13,491.0616038504351
2021-07-14,488.868967574707
2021-07-15,479.7278014353152
2021-07-16,472.58779905150004
2021-07-19,472.9116950923609
2021-07-20,479.7336860288843
2021-07-21,486.70708878330987
2021-07-22,486.48426042991207
2021-07-23,489.502437230205
2021-07-26,490.14998260656023
2021-07-27,483.5310491273911
2021-07-28,490.04445643403574
2021-07-29,493.6405581877344
2021-07-30,491.85782447055993
2021-08-02,493.48946217004175
2021-08-03,498.1535034928262
2021-08-04,501.1374765242819
2021-08-05,502.7797585136706
2021-08-06,499.2207027918753
2021-08-09,500.29077818790347
2021-08-10,495.03071456345157
2021-08-11,493.3015149739708
2021-08-12,498.52664233068253
2021-08-13,501.3036088758043
2021-08-16,498.04160532187433
2021-08-17,491.18711758452116
2021-08-18,489.28310277337977
2021-08-19,490.38410436454257
2021-08-20,495.11894932620424
2021-08-23,507.58296184990246
2021-08-24,510.58863606272325
2021-08-25,514.3042250940391
2021-08-26,513.9266935532235
2021-08-27,519.0367123866903
2021-08-30,521.458940189842
2021-08-31,521.9431132526952
2021-09-01,521.5188334961866
2021-09-02,523.0369194772371
2021-09-03,527.000664359933
2021-09-07,524.8770838614893
2021-09-08,517.3780736406986
2021-09-09,519.3347114652694
2021-09-10,518.0997489805281
2021-09-13,519.4883815713338
2021-09-14,518.8159331349875
2021-09-15,522.580213588999
2021-09-16,526.5591595561781
2021-09-17,520.032685529946
2021-09-20,506.96334682332554
2021-09-21,507.0373656170396
2021-09-22,514.8807485937014
2021-09-23,524.3474787063427
2021-09-24,525.2047669270956
2021-09-27,521.5867485353085
2021-09-28,503.58036746162117
2021-09-29,499.46208563835756
2021-09-30,497.45185466003
2021-10-01,501.8735251971542
2021-10-04,488.9947913939311
2021-10-05,495.5741125764299
2021-10-06,500.3230122081456
2021-10-07,506.35523267852176
2021-10-08,503.035656013985
2021-10-11,501.507709024566
2021-10-12,498.37600508800887
2021-10-13,502.1863423845147
2021-10-14,513.1779932864263
2021-10-15,515.177721007989
2021-10-18,519.7052019104333
2021-10-19,524.3691088314378
2021-10-20,522.0670668495724
2021-10-21,525.0599403168952
2021-10-22,520.1147080878684
2021-10-25,524.3093458794037
2021-10-26,526.9995541831322
2021-10-27,524.1630486796319
2021-10-28,531.7843052545533
2021-10-29,532.3472459867314
2021-11-01,536.8485917352074
2021-11-02,539.511219765976
2021-11-03,542.4539210847141
2021-11-04,557.5470533892493
2021-11-05,560.8296868051175
2021-11-08,569.3152493035028
2021-11-09,564.519104537154
2021-11-10,548.8249347727432
2021-11-11,557.7090529526695
2021-11-12,562.0479125232835
2021-11-15,561.3871371528545
2021-11-16,564.3779489863599
2021-11-17,559.7301303944415
2021-11-18,566.0808024328071
2021-11-19,570.0315032162689
2021-11-22,563.3961991080996
2021-11-23,561.4052073794429
2021-11-24,567.5155360080125
2021-11-26,554.2003220919817
2021-11-29,570.8826251047029
2021-11-30,558.7591818822629
2021-12-01,547.656782712073
2021-12-02,552.5818727693265
2021-12-03,554.0176479341169
2021-12-06,555.4082967343215
2021-12-07,577.9545397963994
2021-12-08,577.7378732242474
2021-12-09,568.6785931989302
2021-12-10,573.9499685305717
2021-12-13,561.8179586329308
2021-12-14,558.1013960341863
2021-12-15,575.816974566446
2021-12-16,558.6944917100087
2021-12-17,559.1470047902277
2021-12-20,551.6091195191109
2021-12-21,568.1906145422473
2021-12-22,574.1911421062234
2021-12-23,577.5315351771084
2021-12-27,588.7913818551827
2021-12-28,583.1377636547019
2021-12-29,583.1061774014178
2021-12-30,580.1682257551533
2021-12-31,576.1677317110425
2022-01-03,586.5142503008017
2022-01-04,583.2801756535758
2022-01-05,561.6452154244514
2022-01-06,563.2588652145927
2022-01-07,554.6374283139484
2022-01-10,557.3814620489402
2022-01-11,566.7193856495866
2022-01-12,568.1633355170211
2022-01-13,554.5779651290738
2022-01-14,561.4217018162184
2022-01-18,540.999186584181
2022-01-19,530.6446774456549
2022-01-20,519.566374378316
2022-01-21,504.1839221759609
2022-01-24,506.9762652723702
2022-01-25,492.0256565978406
2022-01-26,493.4629923260455
2022-01-27,484.2223857532666
2022-01-28,495.3346721773323
2022-01-31,515.7836152388893
2022-02-01,520.7162513981585
2022-02-02,525.9208233935593
2022-02-03,499.2936127114253
2022-02-04,508.2883548128644
2022-02-07,508.00310898079823
2022-02-08,517.6292977845278
2022-02-09,532.9773328235892
2022-02-10,520.8255506497002
2022-02-11,500.2925809074592
2022-02-14,499.7089088267004
2022-02-15,522.4129233558227
2022-02-16,520.3085824185795
2022-02-17,495.2138984765031
2022-02-18,486.7131221819669
2022-02-22,479.50220357298764
2022-02-23,468.6603423580629
2022-02-24,487.6834023941393
2022-02-25,492.1359477187709
2022-02-28,491.70931274656334
2022-03-01,482.6144723196787
2022-03-02,495.28356581999816
2022-03-03,484.341328992456
2022-03-04,473.1451026182642
2022-03-07,455.20277550356514
2022-03-08,455.586765333055
2022-03-09,474.80159623498207
2022-03-10,469.66532802788964
2022-03-11,459.4386155826752
2022-03-14,444.122615863666
2022-03-15,462.1571225243138
2022-03-16,482.4938428382628
2022-03-17,488.4456433665914
2022-03-18,500.21705449815454
2022-03-21,498.0414700116711
2022-03-22,505.9754491527139
2022-03-23,496.74431719697714
2022-03-24,515.1242848146562
2022-03-25,512.480792186222
2022-03-28,517.7571592655034
2022-03-29,529.2173718893847
2022-03-30,517.5060764717671
2022-03-31,507.77507123510804
2022-04-01,502.9359462118996
2022-04-04,515.7916856616516
2022-04-05,498.68208394832783
2022-04-06,483.66905595442205
2022-04-07,482.1303603293038
2022-04-08,473.00907590064844
2022-04-11,463.71927846252566
2022-04-12,460.84016935275054
2022-04-13,472.0520379475572
2022-04-14,458.4946896848455
2022-04-18,460.32464847455975
2022-04-19,472.07508323145214
2022-04-20,469.39155200189896
2022-04-21,456.3636759329549
2022-04-22,444.6650932125755
2022-04-25,452.0429989675668
2022-04-26,433.27119780578994
2022-04-27,428.5550656425166
2022-04-28,450.01155827014384
2022-04-29,431.20606519863856
2022-05-02,442.3035797666366
2022-05-03,443.76739116367065
2022-05-04,459.81626422717994
2022-05-05,435.95076309719735
2022-05-06,429.4826016662252
2022-05-09,402.7810361911954
2022-05-10,408.9564549819351
2022-05-11,395.49927883427824
2022-05-12,397.074529258921
2022-05-13,418.4993480584282
2022-05-16,411.34978752475797
2022-05-17,426.99278030876917
2022-05-18,406.0489566201025
2022-05-19,402.0866778754802
2022-05-20,400.76674032662163
2022-05-23,404.9758948379527
2022-05-24,392.57281929946566
2022-05-25,403.51784266054534
2022-05-26,416.16641477296474
2022-05-27,433.0072292870085
2022-05-31,429.91462441074543
2022-06-01,427.74687904745156
2022-06-02,445.2522655828114
2022-06-03,431.86217671507825
2022-06-06,432.9610096974372
2022-06-07,438.2158170135677
2022-06-08,432.61409102940615
2022-06-09,419.2391267044523
2022-06-10,402.7921685448535
2022-06-13,381.15410413613546
2022-06-14,384.03616707917223
2022-06-15,392.83383011919955
2022-06-16,372.51921656783435
2022-06-17,379.3006406354442
2022-06-21,389.4387708989231
2022-06-22,387.518682243796
2022-06-23,391.5812814692237
2022-06-24,408.81576618868587
2022-06-27,403.477554843736
2022-06-28,391.20418355612554
2022-06-29,387.50648336709634
2022-06-30,381.9332020423283
2022-07-01,376.2465304431944
2022-07-05,384.83326220922095
2022-07-06,385.59665781016594
2022-07-07,398.9228481025153
2022-07-08,400.1225574742773
2022-07-11,389.17591964746265
2022-07-12,385.79421042052655
2022-07-13,386.11286787006924
2022-07-14,387.6129441313387
2022-07-15,396.73767880166594
2022-07-18,395.000876062464
2022-07-19,409.8270565577893
2022-07-20,420.7756160954093
2022-07-21,427.1938970428181
2022-07-22,413.0490964373183
2022-07-25,408.897257663794
2022-07-26,399.73620153667343
2022-07-27,419.367596458746
2022-07-28,422.36232225380155
2022-07-29,428.2479009636759
2022-08-01,429.3523311009195
2022-08-02,430.28220452245876
2022-08-03,440.63492345435503
2022-08-04,443.30919294815766
2022-08-05,441.7161329062806
2022-08-08,429.54700092096044
2022-08-09,416.2889098693069
2022-08-10,433.0070672026224
2022-08-11,431.0184082205891
2022-08-12,442.17686012640644
2022-08-15,443.5358921622255
2022-08-16,439.0136129781468
2022-08-17,430.9243019955339
2022-08-18,435.9450132499459
2022-08-19,423.4650163724072
2022-08-22,409.4333736510204
2022-08-23,411.13561766876865
2022-08-24,411.9822963128537
2022-08-25,423.37202459382144
2022-08-26,399.84219187635193
2022-08-29,393.25201446789947
2022-08-30,388.5370352799765
2022-08-31,384.15125152075944
2022-09-01,377.7550843043107
2022-09-02,373.72906226059143
2022-09-06,369.1253970279479
2022-09-07,374.7037409476238
2022-09-08,379.5574838146267
2022-09-09,389.72745328836726
2022-09-12,393.8920605506237
2022-09-13,371.0455423539384
2022-09-14,372.02421585616827
2022-09-15,367.0826255859134
2022-09-16,364.9744272099112
2022-09-19,366.2953969507017
2022-09-20,360.33674666955574
2022-09-21,357.05558302707817
2022-09-22,349.2012356402914
2022-09-23,344.72200982826894
2022-09-26,340.95321542496964
2022-09-27,343.54617725004096
2022-09-28,349.3928817449178
2022-09-29,340.61206425980686
2022-09-30,337.41910242172116
2022-10-03,347.4750192786977
2022-10-04,361.7242856854097
2022-10-05,364.90767771780645
2022-10-06,362.68287069030174
2022-10-07,342.9356480205263
2022-10-10,334.56451006100843
2022-10-11,328.9846236873428
2022-10-12,327.7938668016222
2022-10-13,335.6217110684395
2022-10-14,322.3194095724113
2022-10-17,332.8133356728009
2022-10-18,334.7310333467342
2022-10-19,333.54512147928546
2022-10-20,335.7203813415743
2022-10-21,344.95497933550257
2022-10-24,345.3201141822262
2022-10-25,354.2291191897227
2022-10-26,346.4626377744232
2022-10-27,343.79735247554066
2022-10-28,353.5557945488987
2022-10-31,349.3963275763054
2022-11-01,348.56424562801743
2022-11-02,337.30009971795494
2022-11-03,331.0423324420239
2022-11-04,338.5513483849259
2022-11-07,339.3622513158317
2022-11-08,342.6578989129009
2022-11-09,331.764337890859
2022-11-10,363.09492796492617
2022-11-11,374.96824086703583
2022-11-14,371.47939995092673
2022-11-15,381.54797664715744
2022-11-16,369.84599066746284
2022-11-17,370.0437557176295
2022-11-18,370.1416384494588
2022-11-21,362.72292766167124
2022-11-22,371.8463511354168
2022-11-23,376.23307815108274
2022-11-25,373.2494142777596
2022-11-28,365.6188782811408
2022-11-29,363.82423791315523
2022-11-30,382.96869720583027
2022-12-01,383.57151903252566
2022-12-02,378.7941058961701
2022-12-05,369.6736718677364
2022-12-06,360.36681413725773
2022-12-07,358.93333397933185
2022-12-08,366.6011534683122
2022-12-09,364.53957014617095
2022-12-12,371.0266105135356
2022-12-13,376.8745986828679
2022-12-14,372.36192338700835
2022-12-15,356.59633268633036
2022-12-16,352.20708199412667
2022-12-19,345.0823035194983
2022-12-20,344.22165190808573
2022-12-21,349.75999779269
2022-12-22,339.69637824903526
2022-12-23,340.01497805777944
2022-12-27,334.5124319545648
2022-12-28,330.10021315809416
2022-12-29,341.1924882135206
2022-12-30,341.0345592193251
2023-01-03,339.5331284511465
2023-01-04,346.24708502017336
2023-01-05,339.74297921353235
2023-01-06,350.44270993597996
2023-01-09,356.3103142343387
2023-01-10,360.5047124421806
2023-01-11,366.3338770042107
2023-01-12,372.13540092974085
2023-01-13,374.20299932652784
2023-01-17,377.0569740648052
2023-01-18,373.32156806498926
2023-01-19,367.6981316123831
2023-01-20,379.2866030337514
2023-01-23,396.3990316153446
2023-01-24,392.57176451445014
2023-01-25,393.05203079294387
2023-01-26,401.9338721342472
2023-01-27,405.3335338835693
2023-01-30,395.32128722674776
2023-01-31,402.2010520471782
2023-02-01,416.6893141665097
2023-02-02,434.6070494279104
2023-02-03,423.44148000080463
2023-02-06,415.8317721918624
2023-02-07,425.49542441235474
2023-02-08,419.0475807386632
2023-02-09,416.17798003477066
2023-02-10,410.08466133244724
2023-02-13,416.33618124939517
2023-02-14,430.58808023066297
2023-02-15,433.9742441920998
2023-02-16,423.99992011118695
2023-02-17,415.5652731453278
2023-02-21,401.8530231825061
2023-02-22,402.4367913213038
2023-02-23,412.70794967630854
2023-02-24,405.26938415381437
2023-02-27,405.10470772824925
2023-02-28,404.8534696408068
2023-03-01,402.7657356192263
2023-03-02,409.8323366145497
2023-03-03,415.25910861204574
2023-03-06,411.6195665045228
2023-03-07,407.03017360057254
2023-03-08,413.2043680092624
2023-03-09,402.5702958143543
2023-03-10,393.820050452009
2023-03-13,396.1526245981651
2023-03-14,404.59598069250876
2023-03-15,403.19208176408
2023-03-16,417.6095376123722
2023-03-17,415.67628697538834
2023-03-20,419.1187090141328
2023-03-21,425.91901914626453
2023-03-22,420.76751829075886
2023-03-23,429.1194240570815
2023-03-24,426.13263678309283
2023-03-27,423.0407071265939
2023-03-28,420.3063768432981
2023-03-29,431.94456772339976
2023-03-30,435.2903149037292
2023-03-31,441.73420591535927
2023-04-03,439.301768197247
2023-04-04,435.49599398787444
2023-04-05,428.7425185706075
2023-04-06,428.6255603806016
2023-04-10,434.425703276681
2023-04-11,433.2773737652559
2023-04-12,427.0670950235911
2023-04-13,432.70637382113
2023-04-14,432.88041467269693
2023-04-17,434.3526189904818
2023-04-18,436.9776979570254
2023-04-19,431.7539553565174
2023-04-20,424.8028411321424
2023-04-21,423.2975766504338
2023-04-24,420.98924619506863
2023-04-25,408.7324905652944
2023-04-26,413.33339471692136
2023-04-27,421.1017791814493
2023-04-28,425.53671079851136
2023-05-01,426.55883383051656
2023-05-02,420.36728921013804
2023-05-03,417.4984697426947
2023-05-04,415.1333623944059
2023-05-05,423.7953834964799
2023-05-08,428.4297619182092
2023-05-09,435.58691727180656
2023-05-10,440.650749262761
2023-05-11,437.54555691230786
2023-05-12,435.3371295562367
2023-05-15,444.4417800390936
2023-05-16,444.7596146048099
2023-05-17,458.7783296459615
2023-05-18,477.70083739817966
2023-05-19,477.12035886141916
2023-05-22,479.18822045793956
2023-05-23,479.267546521312
2023-05-24,475.4763914052418
2023-05-25,505.06890076316944
2023-05-26,538.5827310899846
2023-05-30,544.7056590673152
2023-05-31,531.7657292369692
2023-06-01,537.7581050183616
2023-06-02,539.3903566277221
2023-06-05,536.7441766383755
2023-06-06,540.0097931780751
2023-06-07,531.6551076868581
2023-06-08,538.1422979336223
2023-06-09,540.6413139577049
2023-06-12,556.68506848119
2023-06-13,562.6123798589557
2023-06-14,570.2332382045714
2023-06-15,574.5909926507693
2023-06-16,569.7541605458581
2023-06-20,566.2680356260504
2023-06-21,550.3216065689686
2023-06-22,552.0307041885004
2023-06-23,544.9979008798833
2023-06-26,540.0407965683086
2023-06-27,554.0636666652217
2023-06-28,553.9269545223333
2023-06-29,551.9673124531807
2023-06-30,559.3489798554286
2023-07-03,563.5688876267177
2023-07-05,558.8957827062709
2023-07-06,551.3783045871068
2023-07-07,552.2565665447456
2023-07-10,558.8908856717884
2023-07-11,564.9380372316135
2023-07-12,570.6173638816028
2023-07-13,582.5464328567759
2023-07-14,576.8940167180494
2023-07-17,585.3838052163456
2023-07-18,589.7729134248049
2023-07-19,590.0124953222145
2023-07-20,572.7122967383501
2023-07-21,570.1380697533388
2023-07-24,570.3509223605887
2023-07-25,576.646894129897
2023-07-26,573.8461940665884
2023-07-27,577.5181938705216
2023-07-28,591.2754438199195
2023-07-31,599.2816642819772
2023-08-01,601.2074216066488
2023-08-02,581.1346801427203
2023-08-03,581.0575173905083
2023-08-04,579.9243133180743
2023-08-07,583.6591301613561
2023-08-08,574.6858114076521
2023-08-09,559.2165514060904
2023-08-10,558.9848636757553
2023-08-11,553.1658141284843
2023-08-14,566.069600865829
2023-08-15,558.8729632472849
2023-08-16,550.415618608383
2023-08-17,543.6450668168129
2023-08-18,544.7483810830072
2023-08-21,559.5829890806392
2023-08-22,557.3973997491339
2023-08-23,570.2034234220982
2023-08-24,553.0602445294619
2023-08-25,552.5608270424684
2023-08-28,559.6722233753026
2023-08-29,571.5551427046213
2023-08-30,578.3197554252487
2023-08-31,579.5796861643714
2023-09-01,585.0155621414561
2023-09-05,586.0144197961994
2023-09-06,581.5367204063914
2023-09-07,572.9647247726158
2023-09-08,572.7339355370465
2023-09-11,578.253885546225
2023-09-12,569.9750624942782
2023-09-13,573.197952449878
2023-09-14,577.7335062400185
2023-09-15,565.1147419403244
2023-09-18,566.1977214321963
2023-09-19,562.343324302525
2023-09-20,554.6953921700167
2023-09-21,540.6676445455143
2023-09-22,543.6678541569995
2023-09-25,545.9917130014109
2023-09-26,536.7016212624192
2023-09-27,543.2937650547968
2023-09-28,553.1617381006389
2023-09-29,555.7101490884096
2023-10-02,559.9369866539729
2023-10-03,546.3396364514466
2023-10-04,554.4948635937001
2023-10-05,555.0911570920888
2023-10-06,567.3542673264627
2023-10-09,571.2530501925572
2023-10-10,575.4521388914361
2023-10-11,582.0475954698693
2023-10-12,580.8558001178931
2023-10-13,568.8406596700386
2023-10-16,574.6256542051507
2023-10-17,572.3267952040569
2023-10-18,561.3400591709525
2023-10-19,559.3896217932729
2023-10-20,546.6891405903317
2023-10-23,547.200467423158
2023-10-24,555.5170811929245
2023-10-25,534.8714849508011
2023-10-26,525.4437762072406
2023-10-27,530.2254804824892
2023-10-30,534.7541200764331
2023-10-31,537.2631121030996
2023-11-01,548.8039647366583
2023-11-02,569.5325105241974
2023-11-03,582.6072451508912
2023-11-06,583.2115301471559
2023-11-07,586.6877235221447
2023-11-08,587.8130468493125
2023-11-09,586.2120872228668
2023-11-10,607.159605426467
2023-11-13,604.9984808658464
2023-11-14,620.5925120360756
2023-11-15,620.0171462408142
2023-11-16,616.6482644892235
2023-11-17,622.8483204506198
2023-11-20,633.3798051952591
2023-11-21,620.3578278120833
2023-11-22,622.1191736584958
2023-11-24,619.0831734676593
2023-11-27,618.7341951652467
2023-11-28,620.2111730310517
2023-11-29,624.8738438105589
2023-11-30,624.5980445718952
2023-12-01,623.8324986155042
2023-12-04,609.1107701845549
2023-12-05,607.7578984809761
2023-12-06,599.5030722334855
2023-12-07,611.5028822516167
2023-12-08,619.1535199270569
2023-12-11,626.1648874806586
2023-12-12,627.9283752300572
2023-12-13,637.8546002561988
2023-12-14,643.9314494755928
2023-12-15,647.2142445318134
2023-12-18,650.29648861804
2023-12-19,652.9232540972549
2023-12-20,637.6400126711895
2023-12-21,652.8308795161598
2023-12-22,654.1429433020944
2023-12-26,661.0006022986797
2023-12-27,660.874587515201
2023-12-28,661.7055966120428
2023-12-29,656.4258915742427
2024-01-02,639.305867067599
2024-01-03,630.1489809099677
2024-01-04,630.0044220081368
2024-01-05,633.1235256345691
2024-01-08,654.4022474587757
2024-01-09,653.7466953027897
2024-01-10,660.5458821311773
2024-01-11,665.5196200851524
2024-01-12,666.2201503088795
2024-01-16,671.5215696913477
2024-01-17,668.1525771790822
2024-01-18,685.5275810436754
2024-01-19,704.6502158746929
2024-01-22,708.3225996250927
2024-01-23,710.7244399598216
2024-01-24,716.4925382695453
2024-01-25,718.5972163762601
2024-01-26,710.5561977023654
2024-01-29,720.6439301665148
2024-01-30,713.2419521256754
2024-01-31,696.9022680561583
2024-02-01,703.347959119086
2024-02-02,720.6113406620663
2024-02-05,722.2231065537284
2024-02-06,742.4999070040316
2024-02-07,762.8706147126177
2024-02-08,768.8506966582221
2024-02-09,775.4289442558834
2024-02-12,776.548940130282
2024-02-13,758.6447880424569
2024-02-14,773.9591965987992
2024-02-15,770.8794100718419
2024-02-16,759.6474820123557
2024-02-20,746.4860366789992
2024-02-21,733.2170478430976
2024-02-22,769.3565253503322
2024-02-23,765.373175672348
2024-02-26,772.5998961744757
2024-02-27,777.5218489778698
2024-02-28,771.5267321909074
2024-02-29,788.277480664995
2024-03-01,818.1538578848857
2024-03-04,823.20727386701
2024-03-05,809.6509836697234
2024-03-06,828.3642539905104
2024-03-07,848.6210931348569
2024-03-08,822.8926710196067
2024-03-11,809.1505314625043
2024-03-12,823.2967334802521
2024-03-13,811.2685182604731
2024-03-14,799.6507663681829
2024-03-15,791.0800593703901
2024-03-18,797.2838558752047
2024-03-19,793.676053648426
2024-03-20,806.1982384800529
2024-03-21,817.9367408380151
2024-03-22,820.6371074219937
2024-03-25,821.159739067782
2024-03-26,822.6384278886029
2024-03-27,822.6883237573699
2024-03-28,816.2474398246533
2024-04-01,826.5144343323132
2024-04-02,819.6368688340334
2024-04-03,824.5506976060899
2024-04-04,807.7776424250394
2024-04-05,820.7676677195074
2024-04-08,818.1863677364206
2024-04-09,821.7837996301847
2024-04-10,813.9946553413073
2024-04-11,827.0799316973852
2024-04-12,808.0800506701194
2024-04-15,790.6549475140756
2024-04-16,795.1436342043385
2024-04-17,780.8463757463559
2024-04-18,771.7336207731149
2024-04-19,745.9070483025789
2024-04-22,757.3591813138294
2024-04-23,773.9973913044821
2024-04-24,774.3499972794624
2024-04-25,776.3734770039869
2024-04-26,793.3552229014133
2024-04-29,793.5938100649274
2024-04-30,777.4967542520513
2024-05-01,766.868415862589
2024-05-02,782.0774553990816
2024-05-03,799.9013435062451
2024-05-06,819.6662913852331
2024-05-07,799.9984573500155
2024-05-08,803.4249493596632
2024-05-09,799.4472913175463
2024-05-10,804.8602136883004
2024-05-13,806.917318670804
2024-05-14,818.1513357305573
2024-05-15,839.8489832036281
2024-05-16,839.7152946258601
2024-05-17,836.0243502279947
2024-05-20,845.328963991781
2024-05-21,841.276013443439
2024-05-22,842.127822035289
2024-05-23,845.3673495695672
2024-05-24,858.1951464572364
2024-05-28,868.8349182959142
2024-05-29,861.0347169160278
2024-05-30,844.350752323261
2024-05-31,829.854006349215
2024-06-03,833.2109570991406
2024-06-04,833.7967809930874
2024-06-05,863.7276984376131
2024-06-06,862.6291460061004
2024-06-07,861.850113181487
2024-06-10,870.3818440097474
2024-06-11,874.5741440252496
2024-06-12,894.0525269635881
2024-06-13,897.8851150347207
2024-06-14,900.7383823475001
2024-06-17,916.3978883925158
2024-06-18,926.9478778413725
2024-06-20,914.9473872207452
2024-06-21,902.704209990298
2024-06-24,883.5386289610591
2024-06-25,898.7578876655142
2024-06-26,896.4224107402117
2024-06-27,903.2681414844272
2024-06-28,906.113645747638
2024-07-01,913.3076492838858
2024-07-02,920.741403674518
2024-07-03,930.7558489226203
2024-07-05,940.0265857593799
2024-07-08,951.4126147242763
2024-07-09,947.3709607890447
2024-07-10,964.9972683271099
2024-07-11,940.2914686370153
2024-07-12,951.4531557514954
2024-07-15,952.2533748617225
2024-07-16,951.5438849033535
2024-07-17,908.0174838131973
2024-07-18,907.763067140715
2024-07-19,894.9727607708795
2024-07-22,912.6230249684314
2024-07-23,911.7831998662947
2024-07-24,870.4626286979565
2024-07-25,863.1059060843678
2024-07-26,875.714034808116
2024-07-29,868.2417901281841
2024-07-30,845.4254155256754
2024-07-31,883.4793555319891
2024-08-01,846.3330810235562
2024-08-02,808.3003341095322
2024-08-05,783.3274237201781
2024-08-06,800.7012852338054
2024-08-07,786.328111754221
2024-08-08,830.3832144305826
2024-08-09,837.1008335837334
2024-08-12,839.2892028871578
2024-08-13,866.3533634426374
2024-08-14,868.9521981024644
2024-08-15,900.6835953869685
2024-08-16,905.4898662355616
2024-08-19,920.0835980962914
2024-08-20,916.9752488232896
2024-08-21,923.3630748564638
2024-08-22,901.3228307215145
2024-08-23,918.4973121067461
2024-08-26,901.8924096104098
2024-08-27,905.2446667488364
2024-08-28,892.5731938264485
2024-08-29,892.8333004303964
2024-08-30,915.3465939409275
2024-09-03,869.832086965454
2024-09-04,871.4267649973506
2024-09-05,870.137266765286
2024-09-06,844.264780731774
2024-09-09,872.6135956455328
2024-09-10,884.5201777525136
2024-09-11,910.3307481994455
2024-09-12,915.827412746812
2024-09-13,925.3848576861974
2024-09-16,925.4511596704249
2024-09-17,925.7644584706023
2024-09-18,918.4829031332694
2024-09-19,946.5510380468141
2024-09-20,947.6103262488517
2024-09-23,949.7678111210364
2024-09-24,954.5671740368292
2024-09-25,959.8788896275806
2024-09-26,978.5103139361796
2024-09-27,963.1251537221099
2024-09-30,962.3609643399975
2024-10-01,941.4454404317723
2024-10-02,953.1468692148306
2024-10-03,965.7569719349395
2024-10-04,981.3532708130988
2024-10-07,975.8966547480134
2024-10-08,995.9504637230152
2024-10-09,1004.6161259194891
2024-10-10,1005.2107732489452
2024-10-11,1013.7879858908602
2024-10-14,1026.2857844644698
2024-10-15,1009.0145319183525
2024-10-16,1016.144116183696
2024-10-17,1026.1283586877169
2024-10-18,1025.387625092579
2024-10-21,1030.734221325294
2024-10-22,1030.7684829560778
2024-10-23,1014.4333798163923
2024-10-24,1018.7763469118111
2024-10-25,1029.4805728623062
2024-10-28,1026.9782426504478
2024-10-29,1037.55821795373
2024-10-30,1021.8629654405831
2024-10-31,990.6946648809422
2024-11-01,1008.0372969595301
2024-11-04,1003.6006535958688
2024-11-05,1044.8356044299983
2024-11-06,1086.6987577376053
2024-11-07,1108.2219024432097
2024-11-08,1116.5484742681042
2024-11-11,1113.2358699744411
2024-11-12,1107.4945349036973
2024-11-13,1099.9234201244246
2024-11-14,1092.7366791444404
2024-11-15,1085.5601811261436
2024-11-18,1080.941214892864
2024-11-19,1094.4345554217182
2024-11-20,1088.7331190034067
2024-11-21,1099.6071852808882
2024-11-22,1106.1832749828557
2024-11-25,1105.5387029032881
2024-11-26,1112.7974848226615
2024-11-27,1091.9560466583148
2024-11-29,1107.8666063331625
2024-12-02,1122.3902278549285
2024-12-03,1132.262152564631
2024-12-04,1173.0961903317173
2024-12-05,1167.5073827434803
2024-12-06,1177.2153362363122
2024-12-09,1152.2675890211863
2024-12-10,1132.235211137382
2024-12-11,1157.1291660981474
2024-12-12,1150.5914054580246
2024-12-13,1175.4967753025364
2024-12-16,1189.7756330785548
2024-12-17,1164.6301556611409
2024-12-18,1120.1578462754244
2024-12-19,1120.5736914568458
2024-12-20,1145.8982641016996
2024-12-23,1165.9540722493678
2024-12-24,1178.513534141466
2024-12-26,1176.2431279175228
2024-12-27,1157.7361843071428
2024-12-30,1141.6386104774515
2024-12-31,1129.968627363913
2025-01-02,1140.004078242517
2025-01-03,1172.73173444554
2025-01-06,1187.1485421220846
2025-01-07,1155.6847853975362
2025-01-08,1147.0427360764763
2025-01-10,1126.799385888748
2025-01-13,1112.7276833849778
2025-01-14,1116.9377845852066
2025-01-15,1144.510797678236
2025-01-16,1145.5102641456654
2025-01-17,1172.8327129653212
2025-01-21,1193.3540913511913
2025-01-22,1222.5310578959347
2025-01-23,1228.2149374481548
2025-01-24,1213.9040625638734
2025-01-27,1118.399771093009
2025-01-28,1146.9735020520275
2025-01-29,1142.7970257895756
2025-01-30,1161.5022449789926
2025-01-31,1160.3406242072801
2025-02-03,1147.979390219114
2025-02-04,1185.109279947393
2025-02-05,1199.8484617196511
2025-02-06,1219.6079089488728
2025-02-07,1200.0699627913532
2025-02-10,1227.2058931563392
2025-02-11,1217.710879280822
2025-02-12,1219.0534744108336
2025-02-13,1229.0193191825113
2025-02-14,1240.8329282495806
2025-02-18,1266.9910535689692
2025-02-19,1247.7794879309765
2025-02-20,1233.1177410996247
2025-02-21,1194.376599332871
2025-02-24,1154.6496925265767
2025-02-25,1131.317703069611
2025-02-26,1151.0947139616922
2025-02-27,1098.6281522442148
2025-02-28,1113.8331890715356
2025-03-03,1072.1024184279079
2025-03-04,1074.7303857970016
2025-03-05,1096.1437896252385
2025-03-06,1029.9964635975127
2025-03-07,1045.335464225877
2025-03-10,994.0512864807433
2025-03-11,1001.7602079858124
2025-03-12,1034.1943013797961
2025-03-13,1013.9892962999089
2025-03-14,1047.7031877824625
2025-03-17,1060.9352582144813
2025-03-18,1038.880889738721
2025-03-19,1053.099436523049
2025-03-20,1054.9983091583329
2025-03-21,1055.1250607795585
2025-03-24,1087.3278061482
2025-03-25,1084.7388406950456
2025-03-26,1048.3705692441442
2025-03-27,1029.8633978457547
2025-03-28,998.5268195367802
2025-03-31,994.7482254169579
2025-04-01,1003.7314367176723
2025-04-02,1015.7685462469201
2025-04-03,928.0638571591154
2025-04-04,855.3997216813982
2025-04-07,871.5612398587074
2025-04-08,852.310335960804
2025-04-09,985.0525183688073
2025-04-10,926.386059292127
2025-04-11,938.3349408783869
2025-04-14,947.3695029497782
2025-04-15,957.310629196022
2025-04-16,924.0431021021782
2025-04-17,921.0802916367751
2025-04-21,893.6310462546083
2025-04-22,916.4773727224858
2025-04-23,956.26589697788
2025-04-24,1003.3781295196092
2025-04-25,1021.9712253797616
2025-04-28,1021.2579071473606
2025-04-29,1024.1024491772343
2025-04-30,1033.188962588647
2025-05-01,1045.8158912253768
2025-05-02,1076.0563394702315
2025-05-05,1071.0165115986176
2025-05-06,1050.7464273933767
2025-05-07,1055.8878072831756
2025-05-08,1071.9226954391431
2025-05-09,1074.0937865377227
2025-05-12,1131.8158240922628
2025-05-13,1167.5620297420303
2025-05-14,1178.8312716338273
2025-05-15,1175.786617778302
2025-05-16,1178.6135244697198
2025-05-19,1173.84894894101
2025-05-20,1166.8524924226303
2025-05-21,1144.7975211734674
2025-05-22,1152.9993499960394
2025-05-23,1142.6359855096944
2025-05-27,1173.1979337897947
2025-05-28,1172.2139161001546
2025-05-29,1171.9947808826917
2025-05-30,1163.8487866985433
2025-06-02,1177.4839835319904
2025-06-03,1195.84594642149
2025-06-04,1208.9320392257073
2025-06-05,1198.9412899452254
2025-06-06,1221.590398663094
2025-06-09,1237.471216608642
2025-06-10,1245.9534587705782
2025-06-11,1242.5233181532287
2025-06-12,1254.8775721325858
2025-06-13,1239.010530003177
2025-06-16,1270.6321721746167
2025-06-17,1265.3302282044194
2025-06-18,1278.712193780215
2025-06-20,1267.9868787853468
2025-06-23,1273.246719389384
2025-06-24,1312.2032775010282
2025-06-25,1321.7192309883421
2025-06-26,1341.207473679616
2025-06-27,1329.891188780839
2025-06-30,1338.6818329104026
2025-07-01,1318.6704065323272
2025-07-02,1331.6603087104293
2025-07-03,1347.6007140134839
2025-07-07,1333.8754415335718
2025-07-08,1339.0457463986104
2025-07-09,1350.132217483804
2025-07-10,1349.9312971341149
2025-07-11,1346.7005595587711
2025-07-14,1350.831351081167
2025-07-15,1365.6367237157642
2025-07-16,1365.5381859732368
2025-07-17,1380.3106731026337
2025-07-18,1385.6036197291319
2025-07-21,1384.364786778133
2025-07-22,1363.4484764779681
2025-07-23,1381.638022043866
2025-07-24,1387.5954406547335
2025-07-25,1392.567522008453
2025-07-28,1403.4025075402196
2025-07-29,1402.1463295079984
2025-07-30,1413.2696707349892
2025-07-31,1407.28476549242
2025-08-01,1366.579806674806
2025-08-04,1395.5573872374482
2025-08-05,1397.6860424235629
2025-08-06,1405.310391751412
2025-08-07,1415.7633768791595
2025-08-08,1434.9321587923578
2025-08-11,1428.9421735569383
2025-08-12,1454.6671641893593
2025-08-13,1454.2149567845508
2025-08-14,1450.7611397969613
2025-08-15,1440.338737174859
2025-08-18,1442.9757020620657
2025-08-19,1405.2436907183226
2025-08-20,1390.3426629963333
2025-08-21,1383.9353528308075
2025-08-22,1412.658492164547
2025-08-25,1413.900666548669
2025-08-26,1424.9464639314244
2025-08-27,1430.133404169687
2025-08-28,1450.3784390533203
2025-08-29,1401.0282147120165
2025-09-02,1396.769478774398
2025-09-03,1402.5650301796575
2025-09-04,1421.298108362535
2025-09-05,1427.7101583546257
2025-09-08,1445.0904354739569
2025-09-09,1461.0455350605093
2025-09-10,1499.6421031358097
2025-09-11,1497.3748519893152
2025-09-12,1503.745959021511
2025-09-15,1523.6295252013035
2025-09-16,1527.379519977551
2025-09-17,1523.840458048619
2025-09-18,1567.3678012105663
2025-09-19,1573.364094244311
2025-09-22,1591.1126442332584
2025-09-23,1585.5508274720132
2025-09-24,1586.0507869712642
2025-09-25,1589.7496591015235
2025-09-26,1588.0305008388655
2025-09-29,1599.1799662809258
2025-09-30,1616.671919619075
2025-10-01,1647.7003237178005
2025-10-02,1661.321483697004
2025-10-03,1642.0661708982338
2025-10-06,1670.8889539058175
2025-10-07,1656.082121536167
2025-10-08,1700.511779528755
2025-10-09,1693.3800272469034
2025-10-10,1615.5810660800826
2025-10-13,1668.6781265362051
2025-10-14,1637.2881618170459
2025-10-15,1666.2554603800465
2025-10-16,1670.558727604172
2025-10-17,1667.7872086613154
2025-10-20,1676.0231651631664
2025-10-21,1673.0034265085844
2025-10-22,1646.0629684084533
2025-10-23,1674.0320807945864
2025-10-24,1710.681354454582
2025-10-27,1751.1810792017504
2025-10-28,1764.0535393048913
2025-10-29,1800.3268821759777
2025-10-30,1770.2876721928294
2025-10-31,1790.3670559206394
2025-11-03,1802.5253559373134
2025-11-04,1734.9761297490281
2025-11-05,1771.3667541392633
2025-11-06,1736.7689834139478
2025-11-07,1729.2771104008852
2025-11-10,1788.5799571289117
2025-11-11,1762.5443519825028
2025-11-12,1757.9291230540255
2025-11-13,1698.5220001995335
2025-11-14,1706.0527127695332
2025-11-17,1682.3731962005545
2025-11-18,1646.8800225531197
2025-11-19,1664.2136484017333
2025-11-20,1592.1246067230413
2025-11-21,1604.2241165764979
2025-11-24,1674.485346905393
2025-11-25,1677.0910304204626
2025-11-26,1707.5155703802832
2025-11-28,1734.3607499669045
2025-12-01,1730.8551031863642
2025-12-02,1746.7231631752297
2025-12-03,1767.3522303530574
2025-12-04,1776.2282963009734
2025-12-05,1800.3674098818624
2025-12-08,1799.6512243340126
2025-12-09,1799.5067699846804
2025-12-10,1830.468864558283
2025-12-11,1811.0560110326237
2025-12-12,1745.965346306277
2025-12-15,1727.1608817379947
2025-12-16,1731.9553660782499
2025-12-17,1682.4718538553072
2025-12-18,1721.452149245584
2025-12-19,1762.610524042862
2025-12-22,1775.3344163624338
2025-12-23,1788.7513829541574
2025-12-24,1792.8721603941954
2025-12-26,1791.5146093049434
2025-12-29,1777.7702522901109
2025-12-30,1773.6831632024443
2025-12-31,1756.2322079935668
2026-01-02,1778.515975225509
2026-01-05,1783.3184191783516
2026-01-06,1827.1021759149385
2026-01-07,1809.3227798604587
2026-01-08,1773.5697673150378
2026-01-09,1798.0323357705322
2026-01-12,1808.5511596616207
2026-01-13,1809.559218712918
2026-01-14,1788.9209069793117
2026-01-15,1795.609433338576
2026-01-16,1791.648720526289
2026-01-20,1755.4179624850926
2026-01-21,1791.0479697983333
2026-01-22,1807.15535369553
2026-01-23,1796.9898416424794
2026-01-26,1802.1414255025834
2026-01-27,1825.129936049474
2026-01-28,1863.2317342780743
2026-01-29,1846.0688447319903
2026-01-30,1798.7093990203582
2026-02-02,1827.807797958898
2026-02-03,1808.7210814983025
2026-02-04,1747.3650204247188
2026-02-05,1712.0662921302264
2026-02-06,1783.5886851008072
2026-02-09,1820.4119856337243
2026-02-10,1802.4428614186093
2026-02-11,1803.8187458334335
2026-02-12,1762.8330414641737
2026-02-13,1765.392755601932
2026-02-17,1766.8065416833974
2026-02-18,1778.2116765156698
2026-02-19,1774.8682102753512
2026-02-20,1788.9436054993632
2026-02-23,1757.1190872297668
2026-02-24,1775.9765696132906
2026-02-25,1818.6361100706301
2026-02-26,1790.184647901451
2026-02-27,1795.7465814032864
2026-03-02,1810.6179162274068
2026-03-03,1774.6181455309195
2026-03-04,1809.1032076879253
2026-03-05,1807.4424756808944
2026-03-06,1805.2283668248213
2026-03-09,1840.061840327966
2026-03-10,1837.7233555761836
2026-03-11,1846.454751088012
2026-03-12,1810.7984586035923
2026-03-13,1801.6453931105348
2026-03-16,1833.2664462835512
2026-03-17,1849.6777049027553
2026-03-18,1825.8448247879662
2026-03-19,1846.4478197356955
2026-03-20,1793.0906124732687
2026-03-23,1829.180495752941
2026-03-24,1824.4274876896518
2026-03-25,1846.615905168306
2026-03-26,1780.8227292081092
2026-03-27,1742.9206963842375
2026-03-30,1697.216190914826
2026-03-31,1789.8057071926414
2026-04-01,1836.2184009037433
2026-04-02,1852.9677743641346
2026-04-06,1863.5043130905915
2026-04-07,1882.4151005003664
2026-04-08,1939.6378427218865
2026-04-09,1939.762572098285
2026-04-10,1953.7381056052525
2026-04-13,1995.5864420080297
2026-04-14,2036.8062761985846
2026-04-15,2057.4225363790397
2026-04-16,2084.6202905899827
2026-04-17,2120.626089370372
2026-04-20,2130.7639754749625
2026-04-21,2145.1876702220834
2026-04-22,2208.1856561577806
2026-04-23,2186.0909623465336
2026-04-24,2256.0190881337026
2026-04-27,2256.6433844947082
2026-04-28,2210.5452223349093
2026-04-29,2248.7756813823717
2026-04-30,2286.1318814503275
2026-05-01,2325.2999898494963
2026-05-04,2334.0154549450203
2026-05-05,2362.2736171759398
2026-05-06,2419.510916445065
2026-05-07,2405.895646544972
2026-05-08,2485.7877666408317
2026-05-11,2518.4070843443997
2026-05-12,2459.9078196577316
2026-05-13,2495.793127238951
2026-05-14,2538.4737298208665
