Date,Close
1998-12-22,975.7634331042929
1998-12-23,999.3519855615152
1998-12-24,997.6261304376958
1998-12-28,991.8728529221274
1998-12-29,1013.7353479436605
1998-12-30,1007.4064931585627
1998-12-31,999.9276977056246
1999-01-04,991.8728529221274
1999-01-05,999.3519855615152
1999-01-06,1011.4336458011517
1999-01-07,999.9276977056246
1999-01-08,995.9000730020063
1999-01-11,975.7634331042929
1999-01-12,968.2838284038754
1999-01-13,970.0102230260145
1999-01-14,951.5997754385703
1999-01-15,961.9555131170972
1999-01-19,951.023995857171
1999-01-20,953.9010729573397
1999-01-21,939.5176431379044
1999-01-22,934.9147109139162
1999-01-25,932.6134808324371
1999-01-26,954.47590841668
1999-01-27,967.1336854241654
1999-01-28,984.3935179708699
1999-01-29,986.6944783031894
1999-02-01,982.6672582233108
1999-02-02,990.7219681322281
1999-02-03,987.2701904472989
1999-02-04,982.6672582233108
1999-02-05,967.7085883207957
1999-02-08,965.982733196976
1999-02-09,948.7223611519521
1999-02-10,955.6270629557391
1999-02-11,971.7357409633845
1999-02-12,963.6813682409169
1999-02-16,975.1876535228936
1999-02-17,965.4074931138962
1999-02-18,975.7634331042929
1999-02-19,971.7357409633845
1999-02-22,992.4478232560476
1999-02-23,990.7219681322281
1999-02-24,984.9684208675002
1999-02-25,973.4620681482336
1999-02-26,976.3391452484022
1999-03-01,971.7357409633845
1999-03-02,968.8596079852749
1999-03-03,968.8596079852749
1999-03-04,982.0920181402308
1999-03-05,997.0514298529351
1999-03-08,1001.6540923277637
1999-03-09,1002.8036958091543
1999-03-10,991.8728529221274
1999-03-11,1001.6540923277637
1999-03-12,1010.2832330722819
1999-03-15,1018.913183064279
1999-03-16,1023.5149688543385
1999-03-17,1006.2556083686634
1999-03-18,1023.5149688543385
1999-03-19,1018.9832504085134
1999-03-22,1018.4070662033744
1999-03-23,989.5901006580882
1999-03-24,989.01344439192
1999-03-25,996.5057273028433
1999-03-26,993.0478802618209
1999-03-29,1005.7277767004024
1999-03-30,997.0824510063017
1999-03-31,975.1811121057706
1999-04-01,976.9100019076369
1999-04-05,982.097413123425
1999-04-06,971.1466087985797
1999-04-07,969.994038076432
1999-04-08,992.4715611821022
1999-04-09,994.7770398128469
1999-04-12,1011.4908326230099
1999-04-13,1014.9491517250622
1999-04-14,984.4025545677201
1999-04-15,960.1959393483141
1999-04-16,964.2305775300848
1999-04-19,923.8861513937846
1999-04-20,941.1768027819858
1999-04-21,971.1466087985797
1999-04-22,983.2503884693122
1999-04-23,981.5213637928659
1999-04-26,974.6043884023121
1999-04-27,975.757700934649
1999-04-28,961.3487798196213
1999-04-29,953.8564294714076
1999-04-30,941.1768027819858
1999-05-03,963.0773998723278
1999-05-04,955.0090001935554
1999-05-05,964.2305775300848
1999-05-06,951.5506810915034
1999-05-07,959.6196877058852
1999-05-10,944.6347846975883
1999-05-11,948.6692880047792
1999-05-12,962.5018900400883
1999-05-13,967.1123752405483
1999-05-14,949.8216564150572
1999-05-17,956.1616383529929
1999-05-18,943.482011663571
1999-05-19,956.7379574327116
1999-05-20,959.0439081244859
1999-05-21,956.1616383529929
1999-05-24,931.378704053868
1999-05-25,922.1573964664982
1999-05-26,922.1573964664982
1999-05-27,917.5461694558489
1999-05-28,931.378704053868
1999-06-01,934.8366859694704
1999-06-02,920.4280346036023
1999-06-03,929.0732254231232
1999-06-04,961.3487798196213
1999-06-07,953.2801103916889
1999-06-08,940.0238274360988
1999-06-09,934.8366859694704
1999-06-10,917.5461694558489
1999-06-11,908.3250641803489
1999-06-14,911.2067270162325
1999-06-15,913.5119358978176
1999-06-16,920.4280346036023
1999-06-17,927.9211267620051
1999-06-18,927.5734875324298
1999-06-21,917.1577981031576
1999-06-22,922.3657102550835
1999-06-23,912.5284978988078
1999-06-24,909.6353707236365
1999-06-25,909.05696108793
1999-06-28,909.6353707236365
1999-06-29,925.837651689701
1999-06-30,947.8263218806882
1999-07-01,954.7697326888934
1999-07-02,958.2414718116407
1999-07-06,957.6631970505142
1999-07-07,953.6125762310306
1999-07-08,946.0900814142196
1999-07-09,950.7193141812795
1999-07-12,948.9832085893909
1999-07-13,952.455352335878
1999-07-14,949.5619554115472
1999-07-15,959.9777797153992
1999-07-16,958.2414718116407
1999-07-19,950.1407022337031
1999-07-20,942.0396629066058
1999-07-21,946.0900814142196
1999-07-22,935.6740547984977
1999-07-23,928.7304416784226
1999-07-26,937.4100255158064
1999-07-27,940.3036247520071
1999-07-28,931.6243781010731
1999-07-29,917.7368146744734
1999-07-30,912.5284978988078
1999-08-02,912.5284978988078
1999-08-03,919.4725830799123
1999-08-04,902.6918250408513
1999-08-05,905.0061379565765
1999-08-06,889.9610134483747
1999-08-09,887.6468354072294
1999-08-10,884.7531687337387
1999-08-11,875.4950403860686
1999-08-12,891.6973887894229
1999-08-13,898.0625248365016
1999-08-16,903.2699649273982
1999-08-17,907.8989279452983
1999-08-18,895.1693976613302
1999-08-19,900.9554496998031
1999-08-20,918.8939036950462
1999-08-23,939.1462659822747
1999-08-24,935.095780037371
1999-08-25,962.87131151431
1999-08-26,947.2473727466621
1999-08-27,935.095780037371
1999-08-30,936.2533411189733
1999-08-31,928.1525041037456
1999-09-01,924.679955733519
1999-09-02,923.5234062112656
1999-09-03,939.7251476790108
1999-09-07,932.7810624979062
1999-09-08,933.3595395709025
1999-09-09,920.0505880918794
1999-09-10,921.2081491734814
1999-09-13,920.0505880918794
1999-09-14,905.0061379565765
1999-09-15,898.0625248365016
1999-09-16,900.3768377522268
1999-09-17,901.8383386995314
1999-09-20,905.3178331106208
1999-09-21,889.6594338878199
1999-09-22,889.0799452554744
1999-09-23,868.2005510465017
1999-09-24,863.561000374083
1999-09-27,860.6613317817888
1999-09-28,847.9023314021223
1999-09-29,825.8633529928496
1999-09-30,844.4219603062642
1999-10-01,858.3413541337095
1999-10-04,868.2005510465017
1999-10-05,857.7616631894946
1999-10-06,891.3992485306543
1999-10-07,884.4394504609966
1999-10-08,908.2179063266543
1999-10-11,909.3781648998537
1999-10-12,891.9790069121593
1999-10-13,874.5801861109146
1999-10-14,876.9002986335737
1999-10-15,845.002662809828
1999-10-18,860.6613317817888
1999-10-19,897.1991252135624
1999-10-20,900.6788219365211
1999-10-21,907.0583221263544
1999-10-22,912.8575244363632
1999-10-25,902.4181645183264
1999-10-26,890.8190855254097
1999-10-27,901.8383386995314
1999-10-28,918.0775753004759
1999-10-29,921.557339460725
1999-11-01,923.2970192289797
1999-11-02,905.3178331106208
1999-11-03,928.5163957201934
1999-11-04,924.4569406157294
1999-11-05,931.4165363735171
1999-11-08,930.2569521732173
1999-11-09,914.0179178841421
1999-11-10,914.5975413910672
1999-11-11,914.5975413910672
1999-11-12,920.9773113300603
1999-11-15,916.9174516018567
1999-11-16,934.3162049658114
1999-11-17,929.6764519815229
1999-11-18,934.3162049658114
1999-11-19,927.9369070878481
1999-11-22,937.7956993769005
1999-11-23,935.4757891661114
1999-11-24,946.4953120893928
1999-11-26,937.2159409953956
1999-11-29,936.6361826138906
1999-11-30,924.4569406157294
1999-12-01,920.9773113300603
1999-12-02,925.6173340635083
1999-12-03,931.9967668160517
1999-12-06,905.3178331106208
1999-12-07,890.8190855254097
1999-12-08,876.9002986335737
1999-12-09,875.7397028739248
1999-12-10,880.3799953565326
1999-12-13,861.8209159820886
1999-12-14,860.6613317817888
1999-12-15,875.7397028739248
1999-12-16,853.7018034612908
1999-12-17,856.1959716292522
1999-12-20,845.1441462440956
1999-12-21,837.0013632345332
1999-12-22,853.2874687519774
1999-12-23,867.8289041417122
1999-12-27,873.6452355233625
1999-12-28,866.6655434531763
1999-12-29,856.1959716292522
1999-12-30,856.7776182548753
1999-12-31,857.3590625686284
2000-01-03,846.8891535582545
2000-01-04,823.0413721585516
2000-01-05,837.583212172026
2000-01-06,853.2874687519774
2000-01-07,907.3820885552954
2000-01-10,887.0237822855908
2000-01-11,887.0237822855908
2000-01-12,891.6771576024447
2000-01-13,896.3303306074287
2000-01-14,899.2383614236741
2000-01-18,884.1156840320558
2000-01-19,890.5135271647491
2000-01-20,878.2982062164767
2000-01-21,868.4111577029446
2000-01-24,843.3995435536763
2000-01-25,832.9296345433024
2000-01-26,840.4909732391116
2000-01-27,856.1959716292522
2000-01-28,849.2159423726164
2000-01-31,864.9208733254671
2000-02-01,856.1959716292522
2000-02-02,857.9408440688312
2000-02-03,846.3079789936611
2000-02-04,845.7261300561682
2000-02-07,844.5628368049222
2000-02-08,855.0324760661364
2000-02-09,847.4710024957475
2000-02-10,818.9701155283502
2000-02-11,803.2651845754996
2000-02-14,807.3369807040204
2000-02-15,825.3678912237536
2000-02-16,813.7352958977432
2000-02-17,801.5204470105003
2000-02-18,792.2138312513725
2000-02-22,805.0103267642386
2000-02-23,787.560118748069
2000-02-24,771.2743504170745
2000-02-25,752.0797420223557
2000-02-28,766.6209076629308
2000-02-29,763.7129442839756
2000-03-01,756.73264527818
2000-03-02,758.4779897787887
2000-03-03,754.4062610875577
2000-03-06,736.3751482559546
2000-03-07,696.8227056525607
2000-03-08,718.3437656751918
2000-03-09,737.5385089444904
2000-03-10,728.813337499116
2000-03-13,717.1804724239457
2000-03-14,713.1090809191646
2000-03-15,758.4779897787887
2000-03-16,791.050200813677
2000-03-17,787.7546753295094
2000-03-20,780.7525940790673
2000-03-21,795.3404263242722
2000-03-22,788.9219473808611
2000-03-23,782.5031986882902
2000-03-24,768.4986990009565
2000-03-27,758.5786062153601
2000-03-28,767.3318990106344
2000-03-29,786.004407906736
2000-03-30,796.5077658129138
2000-03-31,792.4229542874372
2000-04-03,828.6015092757681
2000-04-04,851.9421622552176
2000-04-05,840.2720043587176
2000-04-06,825.1000303081624
2000-04-07,814.5967398392746
2000-04-10,835.0200556564689
2000-04-11,849.6079553389638
2000-04-12,859.52825043643
2000-04-13,853.6929691763103
2000-04-14,811.6792678024395
2000-04-17,835.0200556564689
2000-04-18,840.2720043587176
2000-04-19,850.1915576459947
2000-04-20,849.6079553389638
2000-04-24,872.9487431929933
2000-04-25,868.8645386031259
2000-04-26,858.9445806921092
2000-04-27,858.9445806921092
2000-04-28,834.4369254104677
2000-05-01,844.9402158793554
2000-05-02,847.2738832972899
2000-05-03,847.2738832972899
2000-05-04,847.2738832972899
2000-05-05,867.1136642447433
2000-05-08,885.2029080202637
2000-05-09,889.2876521084505
2000-05-10,883.4525731602006
2000-05-11,882.2856382952984
2000-05-12,870.6146037140294
2000-05-15,892.2052590198655
2000-05-16,888.1200428706491
2000-05-17,891.0383915922533
2000-05-18,889.2876521084505
2000-05-19,895.7060636145717
2000-05-22,892.7888613268965
2000-05-23,888.1200428706491
2000-05-24,907.3766935721012
2000-05-25,905.042958716877
2000-05-26,907.960498191002
2000-05-30,902.7086843633331
2000-05-31,893.9563356901178
2000-06-01,896.2904077317918
2000-06-02,865.3632619473901
2000-06-05,864.1960573333283
2000-06-06,867.1136642447433
2000-06-07,876.4497500995693
2000-06-08,876.4497500995693
2000-06-09,886.3699103224558
2000-06-12,885.2029080202637
2000-06-13,895.1230008058602
2000-06-14,906.7931587023603
2000-06-15,923.7156024875584
2000-06-16,906.548496214504
2000-06-19,908.3032819357024
2000-06-20,892.511828939875
2000-06-21,910.0576630331612
2000-06-22,890.1714852302377
2000-06-23,900.6995926218189
2000-06-26,912.3975346817689
2000-06-27,926.4338647699483
2000-06-28,926.4338647699483
2000-06-29,934.6219656383419
2000-06-30,944.5647847906439
2000-07-03,946.3195030745522
2000-07-05,948.65930728587
2000-07-06,949.8287373304995
2000-07-07,943.3951524341445
2000-07-10,952.168608979107
2000-07-11,952.753222845487
2000-07-12,933.4526704682922
2000-07-13,919.4155311326336
2000-07-14,908.8876934902124
2000-07-17,913.5664252280787
2000-07-18,914.7367319574773
2000-07-19,915.9060945648168
2000-07-20,900.6995926218189
2000-07-21,903.039127083977
2000-07-24,921.755133032082
2000-07-25,905.3785266715552
2000-07-26,905.9634777243846
2000-07-27,912.3975346817689
2000-07-28,920.0000101244337
2000-07-31,910.0576630331612
2000-08-01,940.4703297327075
2000-08-02,939.8858507409076
2000-08-03,945.1498707180531
2000-08-04,938.1316045180286
2000-08-07,926.4338647699483
2000-08-08,930.527982641435
2000-08-09,892.511828939875
2000-08-10,908.3032819357024
2000-08-11,914.7367319574773
2000-08-14,917.6606105368554
2000-08-15,915.9060945648168
2000-08-16,925.2643672880291
2000-08-17,920.0000101244337
2000-08-18,908.8876934902124
2000-08-21,918.2457639015547
2000-08-22,914.7367319574773
2000-08-23,920.5855681128725
2000-08-24,914.7367319574773
2000-08-25,918.2457639015547
2000-08-28,915.3213458238571
2000-08-29,901.2845436746484
2000-08-30,897.1905606777415
2000-08-31,898.9450092124903
2000-09-01,893.6813264217943
2000-09-05,890.7567734695169
2000-09-06,879.6443893980057
2000-09-07,887.8324228291092
2000-09-08,887.2475392135696
2000-09-11,891.3417245223462
2000-09-12,898.3606650952702
2000-09-13,898.3606650952702
2000-09-14,889.0024598093479
2000-09-15,887.6877698422151
2000-09-18,888.8615158733999
2000-09-19,890.0355316537443
2000-09-20,882.9904928496187
2000-09-21,906.4744500701638
2000-09-22,937.0032437829649
2000-09-25,928.7841891984948
2000-09-26,920.5641904919656
2000-09-27,921.1516367245223
2000-09-28,935.2418492073537
2000-09-29,938.7645034839962
2000-10-02,937.0032437829649
2000-10-03,937.0032437829649
2000-10-04,929.3708936208621
2000-10-05,951.0935237030859
2000-10-06,945.809609725412
2000-10-09,941.7002510264018
2000-10-10,955.2029498393863
2000-10-11,954.0285294353023
2000-10-12,959.9002268319828
2000-10-13,948.1582482217102
2000-10-16,961.6608121601149
2000-10-17,969.8806085547743
2000-10-18,969.2931623222175
2000-10-19,951.6805653119031
2000-10-20,958.1386299445016
2000-10-23,968.1189442300033
2000-10-24,971.0548940842784
2000-10-25,993.9514050722669
2000-10-26,995.7126647732982
2000-10-27,984.5580649582926
2000-10-30,1007.4545759462809
2000-10-31,1003.9322588560879
2000-11-01,1002.757771014714
2000-11-02,995.1251511034516
2000-11-03,989.841709186807
2000-11-06,1008.6282545401757
2000-11-07,998.6481425665439
2000-11-08,1021.5446535545324
2000-11-09,1022.7189390840365
2000-11-10,1028.002448437971
2000-11-13,997.4737221624599
2000-11-14,1009.8024726323899
2000-11-15,1012.1509088168185
2000-11-16,1014.4994124385368
2000-11-17,1014.4994124385368
2000-11-20,1011.5642718317408
2000-11-21,1028.5898272332379
2000-11-22,1025.0671729565954
2000-11-24,1014.4994124385368
2000-11-27,1035.0479593031264
2000-11-28,1046.202491680842
2000-11-29,1056.77065682264
2000-11-30,1038.5704112678993
2000-12-01,1023.3060481301435
2000-12-04,1042.6799722787794
2000-12-05,1034.4614571926286
2000-12-06,1014.4994124385368
2000-12-07,1029.1772060285048
2000-12-08,1025.0671729565954
2000-12-11,1010.9774325347935
2000-12-12,1015.0863191727742
2000-12-13,1037.983504533662
2000-12-14,1030.3511543715592
2000-12-15,1025.7114688245606
2000-12-18,1031.5992837335339
2000-12-19,1041.6093378638934
2000-12-20,1043.9643154654445
2000-12-21,1040.4317479071829
2000-12-22,1036.3095761230863
2000-12-26,1056.9182770502907
2000-12-27,1063.9838167905543
2000-12-28,1079.881888141757
2000-12-29,1076.3490508343352
2001-01-02,1062.2175667300683
2001-01-03,1013.34603246891
2001-01-04,973.3068949441109
2001-01-05,979.783909455179
2001-01-08,986.2607890916671
2001-01-09,996.859503325802
2001-01-10,990.9710814812196
2001-01-11,971.5406448836249
2001-01-12,970.362313116725
2001-01-16,983.9056766155356
2001-01-17,972.7182348403355
2001-01-18,980.3725695589542
2001-01-19,972.7182348403355
2001-01-22,978.6063869357582
2001-01-23,985.0830642603767
2001-01-24,981.5502269529549
2001-01-25,1002.1587930055796
2001-01-26,992.1493458108295
2001-01-29,983.9292796670103
2001-01-30,995.234264638554
2001-01-31,997.8720067967706
2001-02-01,1006.5394519219674
2001-02-02,1012.9457921531916
2001-02-05,1012.1916409399347
2001-02-06,1016.7140530397497
2001-02-07,1018.598655544058
2001-02-08,1015.5835343114082
2001-02-09,1023.8742747350711
2001-02-12,1032.5411803619486
2001-02-13,1018.598655544058
2001-02-14,1009.1774638293437
2001-02-15,1000.1330442534532
2001-02-16,1003.5246678757672
2001-02-20,1008.4231103042167
2001-02-21,1005.4090680682059
2001-02-22,997.8720067967706
2001-02-23,990.3356873355244
2001-02-26,999.7562721146295
2001-02-27,1000.5102210160167
2001-02-28,1003.901507451881
2001-03-01,994.4802482998767
2001-03-02,1003.901507451881
2001-03-05,1000.1330442534532
2001-03-06,979.783909455179
2001-03-07,973.3779064104043
2001-03-08,981.6686468340671
2001-03-09,987.6974731162784
2001-03-12,957.1736023256419
2001-03-13,952.274552961583
2001-03-14,928.9104318052387
2001-03-15,930.04095053358
2001-03-16,918.7783836174007
2001-03-19,929.3606431527933
2001-03-20,907.0619637400105
2001-03-21,884.385433191765
2001-03-22,875.3149153846726
2001-03-23,896.1018530691551
2001-03-26,908.1958543328482
2001-03-27,928.6048060072881
2001-03-28,931.2502360165565
2001-03-29,933.5186915751311
2001-03-30,934.2744612833463
2001-04-02,921.8019345112912
2001-04-03,904.795126676394
2001-04-04,916.5113442419145
2001-04-05,925.9589713742802
2001-04-06,922.9357576668391
2001-04-09,930.8724523183838
2001-04-10,929.7384268509661
2001-04-11,911.9755121214039
2001-04-12,924.0695133850968
2001-04-16,924.0695133850968
2001-04-17,944.4785324968268
2001-04-18,935.4076775032848
2001-04-19,931.6283569011788
2001-04-20,921.4240833758287
2001-04-23,925.9589713742802
2001-04-24,908.9517589156434
2001-04-25,933.140300941349
2001-04-26,941.8328327383987
2001-04-27,947.1239625060952
2001-04-30,952.4152945856613
2001-05-01,962.9979587447937
2001-05-02,957.3289104043446
2001-05-03,952.4152945856613
2001-05-04,960.7301101218281
2001-05-07,960.3515846134662
2001-05-08,956.9505872078524
2001-05-09,961.8635960909262
2001-05-10,956.9505872078524
2001-05-11,951.6594574401561
2001-05-14,959.9741381017433
2001-05-15,954.3056292596136
2001-05-16,983.4065057954939
2001-05-17,988.3197169904377
2001-05-18,983.0287220973211
2001-05-21,982.2731547009757
2001-05-22,972.445788189029
2001-05-23,963.7537284530089
2001-05-24,967.9108327532877
2001-05-25,959.9741381017433
2001-05-29,967.9108327532877
2001-05-30,973.2016253345345
2001-05-31,966.3989561504075
2001-06-01,979.2494014952151
2001-06-04,980.7611432235154
2001-06-05,990.9654167488657
2001-06-06,975.091622822037
2001-06-07,981.8947640671935
2001-06-08,976.2259180386142
2001-06-11,962.6198378601712
2001-06-12,973.9585414766784
2001-06-13,966.3989561504075
2001-06-14,965.6431864421921
2001-06-15,959.9939646649817
2001-06-18,963.0274962777817
2001-06-19,966.0600837685225
2001-06-20,971.3687472316
2001-06-21,979.7097958735488
2001-06-22,952.4113832228455
2001-06-25,947.4823242647689
2001-06-26,947.4823242647689
2001-06-27,940.2784032055744
2001-06-28,946.3449269328551
2001-06-29,921.7001042035012
2001-07-02,942.9323977506633
2001-07-03,935.3498163085274
2001-07-05,929.662492462508
2001-07-06,918.6674492754702
2001-07-09,932.6953497024086
2001-07-10,925.1128356975623
2001-07-11,920.1839116140656
2001-07-12,914.4961157070168
2001-07-13,921.3215112578494
2001-07-16,914.4961157070168
2001-07-17,928.1460975612027
2001-07-18,954.6863127612531
2001-07-19,945.5864597330425
2001-07-20,958.4770977026469
2001-07-23,936.1075416981504
2001-07-24,928.9039578254057
2001-07-25,935.7288813152087
2001-07-26,936.1075416981504
2001-07-27,936.1075416981504
2001-07-30,947.8611869595803
2001-07-31,949.7572538031767
2001-08-01,949.7572538031767
2001-08-02,944.0699973944472
2001-08-03,950.8943139486408
2001-08-06,945.9659968007534
2001-08-07,947.8611869595803
2001-08-08,944.0699973944472
2001-08-09,947.102719759768
2001-08-10,950.5149117555098
2001-08-13,958.8567696449376
2001-08-14,957.3402398690523
2001-08-15,955.4442404627462
2001-08-16,964.9225515620288
2001-08-17,965.30195375516
2001-08-20,964.1647587351158
2001-08-21,972.8853444447752
2001-08-22,977.0561385149094
2001-08-23,974.0222697156597
2001-08-24,985.77578010251
2001-08-27,983.8797806962036
2001-08-28,972.126742370383
2001-08-29,957.3402398690523
2001-08-30,961.5105618781569
2001-08-31,954.3071803172819
2001-09-04,955.4442404627462
2001-09-05,989.5673068540927
2001-09-06,959.2355649024593
2001-09-07,944.0699973944472
2001-09-10,964.9225515620288
2001-09-17,964.1647587351158
2001-09-18,952.4113832228455
2001-09-19,940.2784032055744
2001-09-20,921.3215112578494
2001-09-21,894.2023469237727
2001-09-24,906.3735638844327
2001-09-25,910.9379219785825
2001-09-26,926.5321883386623
2001-09-27,944.789081216942
2001-09-28,953.1563629646724
2001-10-01,961.1439727701121
2001-10-02,967.9902064435321
2001-10-03,960.0031361364117
2001-10-04,956.5798169878321
2001-10-05,966.8494372471218
2001-10-08,964.9476382338819
2001-10-09,960.0031361364117
2001-10-10,971.7935347208522
2001-10-11,964.9476382338819
2001-10-12,964.1873502272414
2001-10-15,968.370552758722
2001-10-16,963.045771783352
2001-10-17,955.0582294152023
2001-10-18,962.2849442783921
2001-10-19,973.6956709205419
2001-10-22,983.2046659867415
2001-10-23,970.6526306498621
2001-10-24,968.750966511202
2001-10-25,977.8787385774426
2001-10-26,974.4567007373714
2001-10-29,968.370552758722
2001-10-30,958.1009324994324
2001-10-31,947.0709567962123
2001-11-01,969.1311779518121
2001-11-02,967.6095903791824
2001-11-05,969.511659141582
2001-11-06,971.413255842952
2001-11-07,972.554362225812
2001-11-08,963.425983223962
2001-11-09,965.7074541794926
2001-11-12,967.2299184368917
2001-11-13,967.2299184368917
2001-11-14,962.2849442783921
2001-11-15,967.9902064435321
2001-11-16,976.7385088793516
2001-11-19,979.4003935873623
2001-11-20,978.2594895163721
2001-11-21,990.811120229512
2001-11-23,993.8536210018723
2001-11-26,994.6143136322522
2001-11-27,983.5846751154818
2001-11-28,971.7935347208522
2001-11-29,990.4312459753514
2001-11-30,988.9092537789821
2001-12-03,988.528974901082
2001-12-04,988.9092537789821
2001-12-05,979.781009651712
2001-12-06,977.4994038216014
2001-12-07,982.0631549801419
2001-12-10,963.045771783352
2001-12-11,952.7767584596714
2001-12-12,954.6780179745921
2001-12-13,945.169494969422
2001-12-14,941.3654248819126
2001-12-17,965.3276473626221
2001-12-18,960.0031361364117
2001-12-19,971.7935347208522
2001-12-20,973.3148525443223
2001-12-21,983.2390590046042
2001-12-24,982.857296506326
2001-12-26,985.5292968078256
2001-12-27,979.4227153303283
2001-12-28,975.2232604119752
2001-12-31,969.4982391208863
2002-01-02,966.0629161346997
2002-01-03,963.0093556467913
2002-01-04,960.337894843611
2002-01-07,953.0853514983789
2002-01-08,948.1237203292674
2002-01-09,951.558301505265
2002-01-10,953.0853514983789
2002-01-11,955.37565673889
2002-01-14,963.0093556467913
2002-01-15,964.1549803280764
2002-01-16,954.9937593660318
2002-01-17,963.7728806433483
2002-01-18,959.9557951588829
2002-01-22,970.643459178432
2002-01-23,974.0783775408793
2002-01-24,959.9557951588829
2002-01-25,958.0471175420704
2002-01-28,958.0471175420704
2002-01-29,946.2155147734844
2002-01-30,957.6656247929516
2002-01-31,963.0093556467913
2002-02-01,963.7728806433483
2002-02-04,953.4669116847876
2002-02-05,964.5364730771951
2002-02-06,959.9557951588829
2002-02-07,949.650163386772
2002-02-08,951.9402663154133
2002-02-11,967.208136192245
2002-02-12,966.826036507517
2002-02-13,972.9332923579136
2002-02-14,972.9332923579136
2002-02-15,973.3149874189022
2002-02-19,961.1006105926888
2002-02-20,980.5672610149745
2002-02-21,968.3530865006309
2002-02-22,984.3844139367296
2002-02-25,985.9104523704947
2002-02-26,985.5292968078256
2002-02-27,986.674651739951
2002-02-28,983.2390590046042
2002-03-01,1001.942251867623
2002-03-04,1002.3236771794517
2002-03-05,984.7655694993987
2002-03-06,992.781637841188
2002-03-07,992.3997404683295
2002-03-08,988.9644849194326
2002-03-11,988.9644849194326
2002-03-12,988.582789858444
2002-03-13,996.2169608273747
2002-03-14,993.544893088585
2002-03-15,1011.7273351987851
2002-03-18,1008.6646032394466
2002-03-19,1012.4932879377794
2002-03-20,992.5876207580669
2002-03-21,1000.2433042224844
2002-03-22,1001.3918287072363
2002-03-25,991.4395683343445
2002-03-26,999.0955215479216
2002-03-27,996.0329919004529
2002-03-28,999.0955215479216
2002-04-01,997.1813140733352
2002-04-02,990.2909089750127
2002-04-03,991.0567942767171
2002-04-04,979.5727633004165
2002-04-05,971.5337662800523
2002-04-08,974.5964308021007
2002-04-09,973.8305455003964
2002-04-10,989.9079326055156
2002-04-11,976.5105034021075
2002-04-12,981.8694076461808
2002-04-15,981.1035897817662
2002-04-16,991.4395683343445
2002-04-17,976.8932774597349
2002-04-18,986.8458750190763
2002-04-19,988.7594081207636
2002-04-22,983.0179995682226
2002-04-23,974.9792048597283
2002-04-24,970.7683530393773
2002-04-25,973.8305455003964
2002-04-26,967.7059582664884
2002-04-29,957.7532932698571
2002-04-30,961.9634707173088
2002-05-01,975.7445506631132
2002-05-02,975.7445506631132
2002-05-03,966.557973280056
2002-05-06,959.6674333071537
2002-05-07,946.2700041037457
2002-05-08,963.4953761952975
2002-05-09,953.5423740122162
2002-05-10,951.628706035949
2002-05-13,961.1986644122431
2002-05-14,965.0266747376767
2002-05-15,950.8631579206943
2002-05-16,952.0116824054463
2002-05-17,963.1130067614096
2002-05-20,958.5190436969815
2002-05-21,950.4801815511972
2002-05-22,958.9021549410585
2002-05-23,961.9634707173088
2002-05-24,950.8631579206943
2002-05-28,947.4175844664386
2002-05-29,950.4801815511972
2002-05-30,946.2700041037457
2002-05-31,951.245662229162
2002-06-03,929.426664259632
2002-06-04,928.27840952404
2002-06-05,938.9962854494764
2002-06-06,917.9428355952011
2002-06-07,917.9428355952011
2002-06-10,928.27840952404
2002-06-11,903.3961400968522
2002-06-12,902.630929168047
2002-06-13,899.9513084527855
2002-06-14,903.7793187782191
2002-06-17,921.0051629308001
2002-06-18,918.7082488358762
2002-06-19,915.2627428189104
2002-06-20,907.2242178595756
2002-06-21,882.7277571680619
2002-06-24,873.8965068656315
2002-06-25,855.8502206437948
2002-06-26,854.3140666165408
2002-06-27,860.8417939696342
2002-06-28,854.3140666165408
2002-07-01,862.7615987392846
2002-07-02,857.0020495557534
2002-07-03,851.2427026840916
2002-07-05,862.3779479968882
2002-07-08,860.8417939696342
2002-07-09,846.6353195989682
2002-07-10,829.3570766721136
2002-07-11,815.5347251048736
2002-07-12,798.2563473034389
2002-07-15,786.7371814990862
2002-07-16,774.450444460781
2002-07-17,777.9063358203954
2002-07-18,760.2441049646948
2002-07-19,724.9194409414234
2002-07-22,731.062978053801
2002-07-23,734.5186671015457
2002-07-24,772.1466517622843
2002-07-25,781.7458779224066
2002-07-26,785.2014320955717
2002-07-29,807.8551688398218
2002-07-30,799.7921641442434
2002-07-31,817.8383154915003
2002-08-01,810.1588941010284
2002-08-02,808.6230772602241
2002-08-05,797.4878319474275
2002-08-06,798.2563473034389
2002-08-07,816.6862842676721
2002-08-08,835.5004114726213
2002-08-09,839.3404930729517
2002-08-12,836.6525101337394
2002-08-13,828.5888310652617
2002-08-14,855.8502206437948
2002-08-15,848.1715410635123
2002-08-16,844.3317292123414
2002-08-19,850.8589845044053
2002-08-20,847.0189703413646
2002-08-21,845.8672763039862
2002-08-22,850.0912783958728
2002-08-23,836.6525101337394
2002-08-26,838.5720451542302
2002-08-27,836.2683873303132
2002-08-28,827.4367324041435
2002-08-29,818.2223034203464
2002-08-30,824.3650312852448
2002-09-03,806.3194194363072
2002-09-04,812.8470119148208
2002-09-05,812.462686799525
2002-09-06,812.462686799525
2002-09-09,828.5888310652617
2002-09-10,828.2052477601551
2002-09-11,826.6695657939306
2002-09-12,815.9181735354
2002-09-13,820.5260961188429
2002-09-16,832.4290475401721
2002-09-17,811.3108578875666
2002-09-18,811.6947109418329
2002-09-19,788.2732006517604
2002-09-20,788.3503489114371
2002-09-23,785.2584166055602
2002-09-24,772.5060250803067
2002-09-25,778.6892827564516
2002-09-26,796.4656849439991
2002-09-27,772.8929128126198
2002-09-30,764.777441905478
2002-10-01,787.5774501315802
2002-10-02,783.3265405610126
2002-10-03,781.3942598927256
2002-10-04,772.8929128126198
2002-10-07,771.3467780664565
2002-10-08,787.5774501315802
2002-10-09,777.5299008680213
2002-10-10,781.0076419095724
2002-10-11,789.8963487830208
2002-10-14,803.0352234168475
2002-10-15,809.9916496220088
2002-10-16,792.9879439024483
2002-10-17,796.4656849439991
2002-10-18,805.7403354277014
2002-10-21,825.8357711412693
2002-10-22,811.5369751206929
2002-10-23,811.5369751206929
2002-10-24,799.5573475007166
2002-10-25,804.9676389597145
2002-10-28,787.1906972738473
2002-10-29,798.3976958631266
2002-10-30,801.8758415284173
2002-10-31,794.533471713002
2002-11-01,804.5809535392713
2002-11-04,786.4184728668897
2002-11-05,794.146718855269
2002-11-06,791.0558655460308
2002-11-07,789.123247691294
2002-11-08,784.0993719035795
2002-11-11,781.7803383775595
2002-11-12,758.5938470428837
2002-11-13,769.8008456321628
2002-11-14,780.2349454415852
2002-11-15,785.6453043378732
2002-11-18,782.1674958590322
2002-11-19,786.8046187890135
2002-11-20,786.0316525718666
2002-11-21,776.3708561660407
2002-11-22,776.3708561660407
2002-11-25,771.3467780664565
2002-11-26,766.3231045906118
2002-11-27,777.1437549458975
2002-11-29,772.5060250803067
2002-12-02,766.3231045906118
2002-12-03,770.9602949578831
2002-12-04,782.553506906576
2002-12-05,774.8242493588479
2002-12-06,781.0076419095724
2002-12-09,778.6892827564516
2002-12-10,789.123247691294
2002-12-11,784.4853155138336
2002-12-12,779.4621140990184
2002-12-13,779.8485297703018
2002-12-16,783.7126190458467
2002-12-17,775.5981596980537
2002-12-18,774.4385080604638
2002-12-19,764.3906890477449
2002-12-20,777.4060860037148
2002-12-23,779.737258241922
2002-12-24,779.737258241922
2002-12-26,779.348414828201
2002-12-27,773.1320454427021
2002-12-30,777.794524793696
2002-12-31,774.6861377890767
2003-01-02,789.4491721135128
2003-01-03,788.6719573471007
2003-01-06,794.5003600036478
2003-01-07,787.5069107263164
2003-01-08,782.844903436352
2003-01-09,790.6152977309357
2003-01-10,792.9459979081133
2003-01-13,794.8885290444694
2003-01-14,797.2199035945462
2003-01-15,789.4491721135128
2003-01-16,801.1048984299683
2003-01-17,796.4424190789744
2003-01-21,790.6152977309357
2003-01-22,781.2911482764268
2003-01-23,775.8517913454702
2003-01-24,758.7575847828273
2003-01-27,748.6560856873263
2003-01-28,750.9869881763735
2003-01-29,742.828694590128
2003-01-30,729.230639449186
2003-01-31,748.2677817719248
2003-02-03,750.9869881763735
2003-02-04,751.3755618409346
2003-02-05,745.9367444082976
2003-02-06,740.1091509992297
2003-02-07,735.058435170124
2003-02-10,740.1091509992297
2003-02-11,726.1225896310165
2003-02-12,726.1225896310165
2003-02-13,726.8994672109791
2003-02-14,740.1091509992297
2003-02-18,745.1591924554357
2003-02-19,739.332138544687
2003-02-20,731.9503853519542
2003-02-21,736.2238189773576
2003-02-24,726.1225896310165
2003-02-25,731.5618791246831
2003-02-26,727.6764122282316
2003-02-27,728.453424682774
2003-02-28,725.3459143629237
2003-03-03,719.5179163301161
2003-03-04,713.3020190056466
2003-03-05,707.8631341357194
2003-03-06,703.2006547847255
2003-03-07,703.977464927398
2003-03-10,692.3222781092619
2003-03-11,699.3153902001437
2003-03-12,704.7544099446507
2003-03-13,720.2952659711082
2003-03-14,719.129275228265
2003-03-17,739.7206447719583
2003-03-18,734.2812204037118
2003-03-19,746.7134196763903
2003-03-20,745.1591924554357
2003-03-21,761.3713867031195
2003-03-24,741.0575890447672
2003-03-25,741.4481183907361
2003-03-26,738.7137385960536
2003-03-27,740.2763280409592
2003-03-28,732.4631785045617
2003-03-31,725.431896907581
2003-04-01,723.0877767097079
2003-04-02,738.3231418127948
2003-04-03,733.2448441321089
2003-04-04,736.3697532727605
2003-04-07,732.4631785045617
2003-04-08,741.0575890447672
2003-04-09,735.1983675467231
2003-04-10,737.5420831208567
2003-04-11,739.1044702538925
2003-04-14,751.9961197828458
2003-04-15,754.7305670148181
2003-04-16,733.2448441321089
2003-04-17,746.1361564746126
2003-04-21,740.667127136088
2003-04-22,753.9491036991406
2003-04-23,752.3866491288148
2003-04-24,747.3082840108391
2003-04-25,735.9794262386612
2003-04-28,746.5267532578715
2003-04-29,753.1680450072026
2003-04-30,746.9176872275801
2003-05-01,746.1361564746126
2003-05-02,751.9961197828458
2003-05-05,747.3082840108391
2003-05-06,751.2143867180084
2003-05-07,753.1680450072026
2003-05-08,749.6522693341324
2003-05-09,759.0274013798263
2003-05-12,765.6684908172874
2003-05-13,762.1526477069274
2003-05-14,756.2928192732742
2003-05-15,762.1526477069274
2003-05-16,757.8552738435998
2003-05-19,750.4336652125202
2003-05-20,755.1208940489174
2003-05-21,760.9806550452809
2003-05-22,771.1377899049719
2003-05-23,767.231147699483
2003-05-27,774.6535655780419
2003-05-28,779.3412664754687
2003-05-29,775.4346917072698
2003-05-30,783.6383705896366
2003-06-02,782.0759160193109
2003-06-03,789.888660931969
2003-06-04,795.7481521791727
2003-06-05,796.5294806202703
2003-06-06,793.7948985137182
2003-06-09,792.2321741942328
2003-06-10,794.5766315785554
2003-06-11,800.4361902630492
2003-06-12,803.1705026204417
2003-06-13,795.3576902704935
2003-06-16,811.3742489400984
2003-06-17,806.2960186967025
2003-06-18,805.1238237231861
2003-06-19,796.1390187115912
2003-06-20,796.2176505916467
2003-06-23,791.9009896634
2003-06-24,800.5343115198935
2003-06-25,789.153796783631
2003-06-26,794.2554952039219
2003-06-27,789.9391714621246
2003-06-30,791.115884734066
2003-07-01,797.7871860774147
2003-07-02,802.8888170604155
2003-07-03,798.1795362302116
2003-07-07,804.0656652069367
2003-07-08,804.8506352616904
2003-07-09,794.2554952039219
2003-07-10,791.115884734066
2003-07-11,796.6097309952839
2003-07-14,794.6477779194289
2003-07-15,798.9647085968354
2003-07-16,790.7234671439791
2003-07-17,787.97681376253
2003-07-18,795.0404652586756
2003-07-21,788.3693662271968
2003-07-22,796.6097309952839
2003-07-23,793.0777029353413
2003-07-24,787.5842612978631
2003-07-25,793.8630101765448
2003-07-28,789.153796783631
2003-07-29,784.837473041834
2003-07-30,789.9391714621246
2003-07-31,789.9391714621246
2003-08-01,782.090617348515
2003-08-04,785.2298231946312
2003-08-05,775.8120033444131
2003-08-06,780.5209469881671
2003-08-07,787.1920460196459
2003-08-08,791.9009896634
2003-08-11,790.7234671439791
2003-08-12,797.0024183345306
2003-08-13,794.2554952039219
2003-08-14,798.5719538202986
2003-08-15,801.3187420763278
2003-08-18,802.8888170604155
2003-08-19,798.5719538202986
2003-08-20,795.82482837782
2003-08-21,798.5719538202986
2003-08-22,791.5085720733128
2003-08-25,796.2176505916467
2003-08-26,797.394566175458
2003-08-27,800.5343115198935
2003-08-28,802.8888170604155
2003-08-29,803.2810997759225
2003-09-02,812.3067043479231
2003-09-03,814.2683876746187
2003-09-04,818.1930356365178
2003-09-05,809.5597812173141
2003-09-08,811.9140844459664
2003-09-09,802.8888170604155
2003-09-10,802.4960622838787
2003-09-11,806.8130603985751
2003-09-12,808.7751483490101
2003-09-15,807.9899085450966
2003-09-16,808.3829330707929
2003-09-17,812.3067043479231
2003-09-18,817.4083353309238
2003-09-19,815.4782126559145
2003-09-22,808.7848593187595
2003-09-23,813.510055349386
2003-09-24,806.4221264288666
2003-09-25,805.6348635062551
2003-09-26,803.6658969522476
2003-09-29,803.6658969522476
2003-09-30,800.121865054698
2003-10-01,814.6911520451727
2003-10-02,814.6911520451727
2003-10-03,820.9911436701816
2003-10-06,823.7477777705401
2003-10-07,828.0794097771508
2003-10-08,825.7163397008081
2003-10-09,826.8975712711748
2003-10-10,826.5038723725792
2003-10-13,829.6542053715332
2003-10-14,833.9853653171144
2003-10-15,832.8043360586175
2003-10-16,833.9853653171144
2003-10-17,828.8666726997621
2003-10-20,829.2605739102274
2003-10-21,828.0794097771508
2003-10-22,824.1415441064256
2003-10-23,824.1415441064256
2003-10-24,823.3541463092345
2003-10-27,822.9602450987691
2003-10-28,832.0167359495565
2003-10-29,835.954264433832
2003-10-30,834.7728979888855
2003-10-31,836.3478958951376
2003-11-03,843.8297260261226
2003-11-04,838.7108310969005
2003-11-05,837.5293972146641
2003-11-06,842.6480898320161
2003-11-07,842.6480898320161
2003-11-10,840.2858290031528
2003-11-11,841.0730244884742
2003-11-12,847.3732184253528
2003-11-13,837.5293972146641
2003-11-14,832.8043360586175
2003-11-17,833.5916664185188
2003-11-18,830.4413334195647
2003-11-19,834.7728979888855
2003-11-20,828.8666726997621
2003-11-21,830.83536950461
2003-11-24,842.2546606825805
2003-11-25,844.223559799298
2003-11-26,843.0419236051918
2003-11-28,846.1922566041458
2003-12-01,844.6168540741539
2003-12-02,837.1352936923289
2003-12-03,837.5293972146641
2003-12-04,841.0730244884742
2003-12-05,838.3168624491451
2003-12-08,840.2858290031528
2003-12-09,837.1352936923289
2003-12-10,837.9228263640999
2003-12-11,837.5293972146641
2003-12-12,843.0419236051918
2003-12-15,837.5293972146641
2003-12-16,845.7982879563905
2003-12-17,845.0104855354597
2003-12-18,849.3417803556207
2003-12-19,846.218085086188
2003-12-22,850.9629728054732
2003-12-23,851.3586948227667
2003-12-24,848.5906638204104
2003-12-26,849.3817706685476
2003-12-29,854.9177652359701
2003-12-30,856.1042569149511
2003-12-31,861.2444620277901
2004-01-02,850.9629728054732
2004-01-05,856.499439433925
2004-01-06,858.4762287135642
2004-01-07,854.9177652359701
2004-01-08,853.7314084315689
2004-01-09,847.404509327879
2004-01-12,851.3586948227667
2004-01-13,850.1722031437855
2004-01-14,853.3358887261452
2004-01-15,854.1267932624127
2004-01-16,853.7314084315689
2004-01-20,850.9629728054732
2004-01-21,854.5221780932565
2004-01-22,851.7540796536103
2004-01-23,858.8718832935676
2004-01-26,867.1761786125057
2004-01-27,862.8264059749048
2004-01-28,854.1267932624127
2004-01-29,865.9896194962348
2004-01-30,861.2444620277901
2004-02-02,864.8031952545439
2004-02-03,869.1530353294349
2004-02-04,874.2939822524631
2004-02-05,879.8297745080158
2004-02-06,886.5517886933897
2004-02-09,887.7380780605009
2004-02-10,891.2971484737044
2004-02-11,890.1108591065931
2004-02-12,891.6928704909978
2004-02-13,886.156336425256
2004-02-17,894.0650446014807
2004-02-18,892.8787552343695
2004-02-19,897.2287301838402
2004-02-20,904.3463989492179
2004-02-23,909.4867389366367
2004-02-24,903.9503397454746
2004-02-25,906.71911255802
2004-02-26,906.71911255802
2004-02-27,910.2777109101941
2004-03-01,920.5593350070908
2004-03-02,911.464135151885
2004-03-03,916.20929262033
2004-03-04,914.232368466111
2004-03-05,914.6272812359254
2004-03-08,914.232368466111
2004-03-09,914.232368466111
2004-03-10,911.8591153589894
2004-03-11,894.4607666187742
2004-03-12,894.4607666187742
2004-03-15,885.761153906282
2004-03-16,887.3427606669472
2004-03-17,898.0198370319777
2004-03-18,897.6241150146843
2004-03-19,895.7190790115278
2004-03-22,883.8135649731815
2004-03-23,882.2256191072631
2004-03-24,884.6064926281466
2004-03-25,896.909077429585
2004-03-26,891.7505968111756
2004-03-29,902.465640370435
2004-03-30,908.0218661248357
2004-03-31,908.0218661248357
2004-04-01,904.4501849384159
2004-04-02,905.6407902920824
2004-04-05,908.8154007154103
2004-04-06,913.1812234280142
2004-04-07,910.800012720681
2004-04-08,906.0374564314349
2004-04-12,909.6095422415943
2004-04-13,900.4813655516141
2004-04-14,906.8310584592995
2004-04-15,909.6095422415943
2004-04-16,915.95876308825
2004-04-19,918.7365724976459
2004-04-20,911.5938844977054
2004-04-21,913.5778895673666
2004-04-22,922.705863945477
2004-04-23,923.4996008479213
2004-04-26,921.5148539680708
2004-04-27,923.8962669872737
2004-04-28,913.1812234280142
2004-04-29,917.9433750935207
2004-04-30,919.9275824750518
2004-05-03,925.4841454159022
2004-05-04,921.5148539680708
2004-05-05,923.1022603356696
2004-05-06,919.1339130098974
2004-05-07,910.4032117067487
2004-05-10,906.0374564314349
2004-05-11,904.4501849384159
2004-05-12,899.6876960864597
2004-05-13,898.1004245934407
2004-05-14,901.6721732171503
2004-05-17,895.7190790115278
2004-05-18,900.8782340028363
2004-05-19,896.1155428390103
2004-05-20,899.2906927606577
2004-05-21,899.6876960864597
2004-05-24,896.1155428390103
2004-05-25,906.8310584592995
2004-05-26,907.6251999854835
2004-05-27,918.3403784193227
2004-05-28,914.7687646701928
2004-06-01,914.7687646701928
2004-06-02,922.3089954942548
2004-06-03,920.3248555500137
2004-06-04,921.9119921684527
2004-06-07,929.8493611928965
2004-06-08,934.2145769698909
2004-06-09,930.6432329699207
2004-06-10,930.6432329699207
2004-06-14,925.8806092433847
2004-06-15,930.2456901457992
2004-06-16,929.0556917277421
2004-06-17,925.4841454159022
2004-06-18,925.3642419144113
2004-06-21,924.1693205741893
2004-06-22,924.5671331474707
2004-06-23,925.7629311724615
2004-06-24,922.1768858432872
2004-06-25,913.4139495155534
2004-06-28,913.4139495155534
2004-06-29,914.2107885333345
2004-06-30,919.787312912003
2004-07-01,910.6252152651895
2004-07-02,910.6252152651895
2004-07-06,911.0237696486598
2004-07-07,911.820473791861
2004-07-08,910.6252152651895
2004-07-09,913.0157323185325
2004-07-12,914.2107885333345
2004-07-13,915.4054401243965
2004-07-14,915.0075601138255
2004-07-15,909.0322790398166
2004-07-16,908.6339944055059
2004-07-19,909.0322790398166
2004-07-20,909.4300916130977
2004-07-21,897.0814471426391
2004-07-22,894.2933198278846
2004-07-23,881.1472968413256
2004-07-26,877.9609523295503
2004-07-27,887.1231174136539
2004-07-28,884.7326677976007
2004-07-29,874.3755139359853
2004-07-30,874.3755139359853
2004-08-02,883.1391920739084
2004-08-03,879.5545629278224
2004-08-04,881.5461884112456
2004-08-05,871.1886973631804
2004-08-06,860.4340681147337
2004-08-09,863.620277751929
2004-08-10,870.3921280945592
2004-08-11,877.1639109998995
2004-08-12,875.1722180791865
2004-08-13,879.1558062324823
2004-08-16,884.7326677976007
2004-08-17,885.5290347543522
2004-08-18,891.5047878893905
2004-08-19,887.1231174136539
2004-08-20,891.1062335059203
2004-08-23,887.9192146212457
2004-08-24,888.3181061911658
2004-08-25,893.4963459355238
2004-08-26,895.0897542219261
2004-08-27,893.4963459355238
2004-08-30,889.1142708360476
2004-08-31,889.9113121656983
2004-09-01,889.9113121656983
2004-09-02,900.2675893425446
2004-09-03,904.2518518687395
2004-09-07,904.2518518687395
2004-09-08,894.6914695876154
2004-09-09,891.1062335059203
2004-09-10,891.9032073982811
2004-09-13,892.6999115414824
2004-09-14,893.098196175793
2004-09-15,884.3344506005799
2004-09-16,879.5545629278224
2004-09-17,883.6744418440613
2004-09-20,868.8731705762366
2004-09-21,865.6734060437658
2004-09-22,858.8728274156266
2004-09-23,862.0724570735175
2004-09-24,861.2727856895596
2004-09-27,857.6721739057608
2004-09-28,862.0724570735175
2004-09-29,864.4729548457699
2004-09-30,866.4731448650138
2004-10-01,875.2738460751069
2004-10-04,873.273656055863
2004-10-05,873.273656055863
2004-10-06,877.2739686570609
2004-10-07,870.4735923407912
2004-10-08,864.4729548457699
2004-10-11,864.0733889029506
2004-10-12,861.6726888188284
2004-10-13,858.0720095977399
2004-10-14,854.8717055669497
2004-10-15,860.4724399327022
2004-10-18,863.6728114007824
2004-10-19,858.4724522253281
2004-10-20,860.8727476857108
2004-10-21,860.8727476857108
2004-10-22,855.272283069118
2004-10-25,850.4716247110629
2004-10-26,859.6721616131349
2004-10-27,868.8731705762366
2004-10-28,872.8736854893042
2004-10-29,872.073272295157
2004-11-01,870.0737566488124
2004-11-02,875.6739515162457
2004-11-03,882.4747324562545
2004-11-04,906.0764351850129
2004-11-05,910.0772198472401
2004-11-08,908.4767980826854
2004-11-09,908.0766252042567
2004-11-10,909.2764694666433
2004-11-11,916.0769806574926
2004-11-12,918.8777861827534
2004-11-15,921.6776475859554
2004-11-16,915.6773472773834
2004-11-17,916.4773558477909
2004-11-18,916.0769806574926
2004-11-19,906.0764351850129
2004-11-22,912.0767354935847
2004-11-23,910.0772198472401
2004-11-24,909.6767097823617
2004-11-26,909.6767097823617
2004-11-29,900.4757682565502
2004-11-30,893.6754593775706
2004-12-01,905.6765320557439
2004-12-02,914.0769255128287
2004-12-03,912.477245558463
2004-12-06,906.4764057515717
2004-12-07,904.0756382301596
2004-12-08,904.4763506069077
2004-12-09,914.877136395106
2004-12-10,916.4773558477909
2004-12-13,918.4769389314257
2004-12-14,926.8781416359893
2004-12-15,926.4779687575608
2004-12-16,924.077875609048
2004-12-17,917.0482125070257
2004-12-20,917.4499364431226
2004-12-21,923.8772496715144
2004-12-22,927.4923604726473
2004-12-23,925.4838082294523
2004-12-27,924.6805626691283
2004-12-28,930.3038885270065
2004-12-29,928.2957409075512
2004-12-30,930.3038885270065
2004-12-31,927.0902319128107
2005-01-03,927.0902319128107
2005-01-04,923.8772496715144
2005-01-05,919.0569670620902
2005-01-06,923.4754582981274
2005-01-07,927.8938820968744
2005-01-10,933.5178148903622
2005-01-11,929.5009801531319
2005-01-12,932.3121710210416
2005-01-13,926.2871212270665
2005-01-14,931.5093300844571
2005-01-18,941.1495581168551
2005-01-19,939.5423926233078
2005-01-20,938.7390796256938
2005-01-21,930.7055450258135
2005-01-24,927.0902319128107
2005-01-25,930.7055450258135
2005-01-26,929.9019622790398
2005-01-27,935.1243060110103
2005-01-28,935.526299696267
2005-01-31,937.9361038145295
2005-02-01,938.3376928760464
2005-02-02,945.9697732889895
2005-02-03,944.3631472937611
2005-02-04,949.5847492155425
2005-02-07,947.5766015960874
2005-02-08,948.7821780281175
2005-02-09,940.3462451192413
2005-02-10,939.9445211831443
2005-02-11,945.5680493528924
2005-02-14,945.9697732889895
2005-02-15,947.5766015960874
2005-02-16,949.9865405889294
2005-02-17,943.9612884830843
2005-02-18,942.7562515493734
2005-02-22,928.6975322809382
2005-02-23,931.1076061483602
2005-02-24,935.526299696267
2005-02-25,938.7390796256938
2005-02-28,936.7316063791378
2005-03-01,944.3631472937611
2005-03-02,941.9532083009192
2005-03-03,948.3797122818314
2005-03-04,953.2001297658352
2005-03-07,950.3884668368961
2005-03-08,945.9697732889895
2005-03-09,939.14147793469
2005-03-10,941.1495581168551
2005-03-11,933.9194713891691
2005-03-14,936.7316063791378
2005-03-15,931.1076061483602
2005-03-16,928.6975322809382
2005-03-17,931.9108517086843
2005-03-18,928.9261446937917
2005-03-21,923.6820861544646
2005-03-22,918.438499676167
2005-03-23,924.4893779521843
2005-03-24,924.0856983346797
2005-03-28,924.8923157595
2005-03-29,922.8758059160938
2005-03-30,934.9763485969097
2005-03-31,928.5228022627365
2005-04-01,919.6486618439124
2005-04-04,924.8923157595
2005-04-05,931.7492719620184
2005-04-06,929.3291499383972
2005-04-07,935.78310089631
2005-04-08,931.3459969682532
2005-04-11,933.7658492427146
2005-04-12,937.396538057821
2005-04-13,932.9595015670538
2005-04-14,930.9424522253282
2005-04-15,922.0687838675337
2005-04-18,916.0189171508653
2005-04-19,918.438499676167
2005-04-20,906.7415691755658
2005-04-21,922.0687838675337
2005-04-22,912.3885655222086
2005-04-25,922.0687838675337
2005-04-26,915.2118951023051
2005-04-27,918.438499676167
2005-04-28,916.4220572700507
2005-04-29,918.8419769818021
2005-05-02,925.6991354961903
2005-05-03,929.7330318677721
2005-05-04,935.78310089631
2005-05-05,934.1694614229295
2005-05-06,930.5393121061428
2005-05-09,936.185903829046
2005-05-10,930.9424522253282
2005-05-11,934.1694614229295
2005-05-12,929.7330318677721
2005-05-13,921.6656437483482
2005-05-16,930.5393121061428
2005-05-17,935.3799607771248
2005-05-18,944.2534942603394
2005-05-19,949.9002208578224
2005-05-20,948.6902610019467
2005-05-23,950.3033609770079
2005-05-24,948.6902610019467
2005-05-25,945.4633866789252
2005-05-26,946.2700715410356
2005-05-27,943.4462024626196
2005-05-31,940.2204071362369
2005-06-01,946.6734814093808
2005-06-02,949.093535995712
2005-06-03,941.4296926192134
2005-06-06,941.8333047994282
2005-06-07,945.4633866789252
2005-06-08,943.0436018417536
2005-06-09,943.4462024626196
2005-06-10,942.639787349669
2005-06-13,945.8671337337199
2005-06-14,944.2534942603394
2005-06-15,944.6569041286846
2005-06-16,941.8333047994282
2005-06-17,944.3461530966995
2005-06-20,943.9409898588162
2005-06-21,941.9144318592107
2005-06-22,942.725028084137
2005-06-23,930.9717874464465
2005-06-24,921.6493913614758
2005-06-27,920.8387951365497
2005-06-28,932.5927775844292
2005-06-29,930.1605168486211
2005-06-30,922.0552289722584
2005-07-01,925.2971418109337
2005-07-05,930.5658823983741
2005-07-06,921.6493913614758
2005-07-07,920.0281314743335
2005-07-08,932.1873445973863
2005-07-11,937.455882872957
2005-07-12,938.266613972463
2005-07-13,941.9144318592107
2005-07-14,947.1830375720715
2005-07-15,946.7781440833479
2005-07-18,942.3195950970941
2005-07-19,940.6982003353719
2005-07-20,944.3461530966995
2005-07-21,940.6982003353719
2005-07-22,943.5356243090632
2005-07-25,940.2929696601985
2005-07-26,945.157356257235
2005-07-27,947.5888751828539
2005-07-28,955.6947025575363
2005-07-29,951.6417888701951
2005-08-01,946.7781440833479
2005-08-02,950.0200569220233
2005-08-03,952.0469521080784
2005-08-04,943.9409898588162
2005-08-05,937.8614507345798
2005-08-08,936.2399885355676
2005-08-09,937.8614507345798
2005-08-10,936.2399885355676
2005-08-11,938.671979522216
2005-08-12,935.4291899987716
2005-08-15,939.8879412968952
2005-08-16,930.5658823983741
2005-08-17,930.1605168486211
2005-08-18,940.6982003353719
2005-08-19,939.4828454963019
2005-08-22,942.3195950970941
2005-08-23,939.8879412968952
2005-08-24,931.3765460605903
2005-08-25,932.5927775844292
2005-08-26,930.1605168486211
2005-08-29,936.6455563971905
2005-08-30,931.7818441730533
2005-08-31,935.0240267608884
2005-09-01,933.8082672980789
2005-09-02,935.4291899987716
2005-09-06,945.5619799967989
2005-09-07,946.372643659015
2005-09-08,942.725028084137
2005-09-09,946.7781440833479
2005-09-12,948.8042300219239
2005-09-13,939.8879412968952
2005-09-14,933.8082672980789
2005-09-15,937.455882872957
2005-09-16,940.1032685636332
2005-09-19,934.4012433884097
2005-09-20,928.698611277577
2005-09-21,917.2935493677812
2005-09-22,924.2180777348068
2005-09-23,925.8474975340304
2005-09-26,922.5886579355832
2005-09-27,932.3645023580253
2005-09-28,933.5867358006677
2005-09-29,941.733160423886
2005-09-30,948.2503675597508
2005-10-03,947.0282689916883
2005-10-04,942.9548543682092
2005-10-05,936.4379844187943
2005-10-06,931.1423363526727
2005-10-07,930.3276938903507
2005-10-10,927.0693937902232
2005-10-11,927.0693937902232
2005-10-12,923.8104867544862
2005-10-13,921.3672337404199
2005-10-14,926.6628143692515
2005-10-17,936.8453730872451
2005-10-18,929.9206424083495
2005-10-19,939.696217081632
2005-10-20,932.3645023580253
2005-10-21,931.5498598957034
2005-10-24,939.696217081632
2005-10-25,936.4379844187943
2005-10-26,933.5867358006677
2005-10-27,924.6252640913877
2005-10-28,940.1032685636332
2005-10-31,943.7696991424008
2005-11-01,938.474455700019
2005-11-02,940.9181133378249
2005-11-03,944.5843416047228
2005-11-04,944.1772226854316
2005-11-07,946.2136939666564
2005-11-08,943.3621755993702
2005-11-09,944.9915279613039
2005-11-10,955.9896058263882
2005-11-11,957.2112323334215
2005-11-14,953.5452063783932
2005-11-15,948.6578236654917
2005-11-16,951.1014138660075
2005-11-17,950.6938228856868
2005-11-18,953.138020021812
2005-11-21,954.3597139661352
2005-11-22,960.8773257257395
2005-11-23,964.5430819316081
2005-11-25,965.3577918312197
2005-11-28,960.8773257257395
2005-11-29,960.0625483888379
2005-11-30,952.32364730865
2005-12-01,958.840449820775
2005-12-02,958.4329262777445
2005-12-05,954.7671700718761
2005-12-06,953.9529322332937
2005-12-07,951.5087350971685
2005-12-08,949.8801245454241
2005-12-09,951.5087350971685
2005-12-12,953.5452063783932
2005-12-13,965.3577918312197
2005-12-14,973.504351329018
2005-12-15,975.133366504502
2005-12-16,974.3145429302048
2005-12-19,972.6771655307697
2005-12-20,966.9462771954574
2005-12-21,969.8115527698887
2005-12-22,970.6302414696062
2005-12-23,968.993066382041
2005-12-27,962.4429498486918
2005-12-28,963.671050335558
2005-12-29,961.2149167991155
2005-12-30,953.43683465348
2006-01-03,959.5769999013612
2006-01-04,962.851957012101
2006-01-05,957.9396225019264
2006-01-06,962.0334706242533
2006-01-09,966.5366630964389
2006-01-10,964.080057498967
2006-01-11,964.8990833851342
2006-01-12,962.4429498486918
2006-01-13,961.2149167991155
2006-01-17,957.5299409656178
2006-01-18,961.6243960235541
2006-01-19,962.4429498486918
2006-01-20,948.5241629568558
2006-01-23,949.3429865311531
2006-01-24,952.6179436418928
2006-01-25,953.43683465348
2006-01-26,955.4830169044544
2006-01-27,963.2613687992495
2006-01-30,959.5769999013612
2006-01-31,955.074212052915
2006-02-01,957.5299409656178
2006-02-02,957.1212035513685
2006-02-03,950.9804988051679
2006-02-06,948.9337096185843
2006-02-07,944.430112522659
2006-02-08,948.5241629568558
2006-02-09,951.3897757177367
2006-02-10,950.1614054817109
2006-02-13,948.9337096185843
2006-02-14,960.805505011967
2006-02-15,966.9462771954574
2006-02-16,971.4489976066136
2006-02-17,967.3552169215766
2006-02-21,966.1271838720003
2006-02-22,973.9056032040855
2006-02-23,974.3145429302048
2006-02-24,969.4021409827401
2006-02-27,976.361534428658
2006-02-28,963.2613687992495
2006-03-01,966.9462771954574
2006-03-02,961.6243960235541
2006-03-03,964.080057498967
2006-03-06,960.805505011967
2006-03-07,967.3552169215766
2006-03-08,977.9988443908031
2006-03-09,979.6370310377172
2006-03-10,988.6428764837693
2006-03-13,989.4615651834868
2006-03-14,987.0052967724645
2006-03-15,983.3213324983155
2006-03-16,986.5960198598957
2006-03-17,986.019633342887
2006-03-20,991.781407956986
2006-03-21,985.1971007176437
2006-03-22,994.2506243276744
2006-03-23,986.8428403410297
2006-03-24,986.8428403410297
2006-03-27,983.5508215959383
2006-03-28,975.7318050153169
2006-03-29,982.7278843469554
2006-03-30,974.9090700782037
2006-03-31,971.2050769289466
2006-04-03,974.4972305486177
2006-04-04,973.6740909877651
2006-04-05,975.7318050153169
2006-04-06,972.0277444287699
2006-04-07,963.3860603483251
2006-04-10,964.6204999404443
2006-04-11,955.5671112049937
2006-04-12,958.858995075505
2006-04-13,957.21264851651
2006-04-17,951.8632529303163
2006-04-18,960.9166416657671
2006-04-19,962.1513510070463
2006-04-20,963.7976975660414
2006-04-21,963.7976975660414
2006-04-24,967.9125186855358
2006-04-25,967.9125186855358
2006-04-26,976.9663120447261
2006-04-27,978.2009539487152
2006-04-28,980.6704400685633
2006-05-01,980.2583307898174
2006-05-02,986.019633342887
2006-05-03,979.4353935408346
2006-05-04,981.0814029133802
2006-05-05,990.1352637098605
2006-05-08,995.4849964825037
2006-05-09,998.366052382778
2006-05-10,994.2506243276744
2006-05-11,981.9047447861027
2006-05-12,974.085863080061
2006-05-15,984.7854634999272
2006-05-16,988.4892543373147
2006-05-17,976.1432399211634
2006-05-18,971.2050769289466
2006-05-19,972.0277444287699
2006-05-22,974.9090700782037
2006-05-23,974.4972305486177
2006-05-24,981.9047447861027
2006-05-25,991.3697033019797
2006-05-26,991.3697033019797
2006-05-30,979.0240260722779
2006-05-31,982.7278843469554
2006-06-01,988.0776845568885
2006-06-02,986.019633342887
2006-06-05,972.0277444287699
2006-06-06,974.9090700782037
2006-06-07,974.4972305486177
2006-06-08,977.7895190428687
2006-06-09,978.6127934783013
2006-06-12,972.8508165523324
2006-06-13,969.5587303699511
2006-06-14,973.6740909877651
2006-06-15,981.4927029446468
2006-06-16,982.6102062760322
2006-06-19,978.8868586245659
2006-06-20,985.9200284656644
2006-06-21,989.6437133035804
2006-06-22,987.989139395214
2006-06-23,984.6785753953925
2006-06-26,990.057643389154
2006-06-27,985.5060983800906
2006-06-28,990.057643389154
2006-06-29,1005.7787592915876
2006-06-30,1000.814228319009
2006-07-03,1006.6061474017055
2006-07-05,998.3322663005245
2006-07-06,1009.9169137133966
2006-07-07,1007.8476679092672
2006-07-10,1014.053989138567
2006-07-11,1019.4323153221394
2006-07-12,1011.1579621599288
2006-07-13,1002.8830020621091
2006-07-14,992.9530634321831
2006-07-17,995.4359695727264
2006-07-18,999.9868402088908
2006-07-19,1012.3991454810407
2006-07-20,1013.2261289674195
2006-07-21,1011.1579621599288
2006-07-24,1018.6052643984709
2006-07-25,1023.5695256218896
2006-07-26,1018.6052643984709
2006-07-27,1011.9850805208873
2006-07-28,1021.5008867533696
2006-07-31,1016.5360860316314
2006-08-01,1011.5707458115739
2006-08-02,1020.6734986432515
2006-08-03,1023.1560001600553
2006-08-04,1023.5695256218896
2006-08-07,1021.0870915423756
2006-08-08,1025.6383668022795
2006-08-09,1019.0181829246959
2006-08-10,1029.7756445393197
2006-08-11,1027.70660104706
2006-08-14,1029.7756445393197
2006-08-15,1036.3951540440041
2006-08-16,1037.6366071142759
2006-08-17,1035.9816285821698
2006-08-18,1042.1878149368897
2006-08-21,1044.670114141824
2006-08-22,1043.8423214079662
2006-08-23,1040.5325666556241
2006-08-24,1045.9108254019065
2006-08-25,1044.2565212426998
2006-08-28,1048.3929897322607
2006-08-29,1052.1171466312064
2006-08-30,1055.0130387352647
2006-08-31,1055.8410337809921
2006-09-01,1061.6320761789195
2006-09-05,1057.9091331511927
2006-09-06,1055.0130387352647
2006-09-07,1051.2892864600587
2006-09-08,1056.6682195792405
2006-09-11,1064.5282380321376
2006-09-12,1064.9428424906107
2006-09-13,1057.0817450410746
2006-09-14,1062.460206099227
2006-09-15,1063.6246457844015
2006-09-18,1059.466529924774
2006-09-19,1061.9614399029244
2006-09-20,1068.1981079126917
2006-09-21,1058.6346235162307
2006-09-22,1059.466529924774
2006-09-25,1052.8137738361554
2006-09-26,1054.0608242014912
2006-09-27,1060.7139849138493
2006-09-28,1058.2190074984087
2006-09-29,1055.3082791905665
2006-10-02,1048.2394350230966
2006-10-03,1049.487496947781
2006-10-04,1060.7139849138493
2006-10-05,1056.5556667423516
2006-10-06,1050.7347496249865
2006-10-09,1054.4763053447334
2006-10-10,1050.7347496249865
2006-10-11,1052.3980903810434
2006-10-12,1054.0608242014912
2006-10-13,1051.9822046140619
2006-10-16,1053.6448709972194
2006-10-17,1051.565577036891
2006-10-18,1055.7244347067078
2006-10-19,1058.2190074984087
2006-10-20,1061.9614399029244
2006-10-23,1072.3564260841893
2006-10-24,1069.029744572075
2006-10-25,1076.0982515530957
2006-10-26,1083.1668259714058
2006-10-27,1079.4253376889492
2006-10-30,1074.8514034996297
2006-10-31,1074.0196319656663
2006-11-01,1065.7039397447302
2006-11-02,1064.0404641140933
2006-11-03,1059.0505092832125
2006-11-06,1062.7929416877284
2006-11-07,1064.456282443785
2006-11-08,1068.1981079126917
2006-11-09,1061.9614399029244
2006-11-10,1062.3769884834564
2006-11-13,1059.0505092832125
2006-11-14,1061.9614399029244
2006-11-15,1067.3668758770475
2006-11-16,1074.8514034996297
2006-11-17,1076.514407069237
2006-11-20,1073.1879953062828
2006-11-21,1071.524519675646
2006-11-22,1074.0196319656663
2006-11-24,1069.861044045009
2006-11-27,1056.5556667423516
2006-11-28,1061.1300729927007
2006-11-29,1070.2774693103104
2006-11-30,1064.8715612751573
2006-12-01,1061.545486698653
2006-12-04,1076.929888212479
2006-12-05,1082.7514797027436
2006-12-06,1083.998732379949
2006-12-07,1081.92004535523
2006-12-08,1083.998732379949
2006-12-11,1086.077958902988
2006-12-12,1083.5823745519378
2006-12-13,1083.1668259714058
2006-12-14,1087.3253464547731
2006-12-15,1089.0803344878411
2006-12-18,1088.2446515910624
2006-12-19,1089.0803344878411
2006-12-20,1089.91635457107
2006-12-21,1090.334600643199
2006-12-22,1089.4983782481008
2006-12-26,1093.6773322303159
2006-12-27,1097.4384447641417
2006-12-28,1097.020738190332
2006-12-29,1091.5877203646285
2007-01-03,1098.6925086076299
2007-01-04,1100.3639418384782
2007-01-05,1092.4242125088867
2007-01-08,1094.0951736787056
2007-01-09,1096.6028967419422
2007-01-10,1101.1999619217067
2007-01-11,1109.5584768217466
2007-01-12,1107.8868412790287
2007-01-16,1108.7225916130976
2007-01-17,1112.0655255120842
2007-01-18,1110.3938225320762
2007-01-19,1112.0655255120842
2007-01-22,1110.8118662923357
2007-01-23,1112.9016130326029
2007-01-24,1117.0809042012677
2007-01-25,1109.9758462091067
2007-01-26,1107.0508886330897
2007-01-29,1109.9758462091067
2007-01-30,1109.1410399970966
2007-01-31,1113.7368913056425
2007-02-01,1117.9167894099166
2007-02-02,1120.005794339995
2007-02-05,1116.2444120570094
2007-02-06,1114.5734508871908
2007-02-07,1112.0655255120842
2007-02-08,1109.9758462091067
2007-02-09,1108.3046827274184
2007-02-12,1105.7969596641815
2007-02-13,1109.5584768217466
2007-02-14,1116.2444120570094
2007-02-15,1122.931358851621
2007-02-16,1124.603264143499
2007-02-20,1130.454123417592
2007-02-21,1124.1851529459498
2007-02-22,1120.005794339995
2007-02-23,1120.841612111354
2007-02-26,1120.4241752867038
2007-02-27,1094.931463511094
2007-02-28,1096.6028967419422
2007-03-01,1099.1101477441496
2007-03-02,1081.9760183058695
2007-03-05,1078.214905772044
2007-03-06,1086.5729486110542
2007-03-07,1082.3943318152885
2007-03-08,1092.4242125088867
2007-03-09,1095.7671464078733
2007-03-12,1097.020738190332
2007-03-13,1076.1250915944865
2007-03-14,1078.214905772044
2007-03-15,1092.0053595011484
2007-03-16,1089.0240243507521
2007-03-19,1096.1634753607761
2007-03-20,1106.6631916532976
2007-03-21,1117.1627730712394
2007-03-22,1122.6230355620735
2007-03-23,1125.1424927137577
2007-03-26,1117.1627730712394
2007-03-27,1112.1229146458122
2007-03-28,1110.0235918103754
2007-03-29,1116.3230439370648
2007-03-30,1119.2630400287353
2007-04-02,1122.2035756187258
2007-04-03,1129.762756321257
2007-04-04,1134.8026147466844
2007-04-05,1137.7424759637754
2007-04-09,1134.8026147466844
2007-04-10,1140.2619331154594
2007-04-11,1132.7022129146085
2007-04-12,1133.9626158633498
2007-04-13,1137.7424759637754
2007-04-16,1140.2619331154594
2007-04-17,1150.761919157141
2007-04-18,1147.8224625637895
2007-04-19,1148.6621916979643
2007-04-20,1159.161773115906
2007-04-23,1156.641506716743
2007-04-24,1156.2216421496555
2007-04-25,1162.1013645838373
2007-04-26,1157.4815056000773
2007-04-27,1154.962318197553
2007-04-30,1150.761919157141
2007-05-01,1146.1423299225405
2007-05-02,1146.5620596150482
2007-05-03,1150.761919157141
2007-05-04,1150.761919157141
2007-05-07,1152.8617814908973
2007-05-08,1144.8820618483792
2007-05-09,1146.5620596150482
2007-05-10,1139.4223388558646
2007-05-11,1142.3622000729554
2007-05-14,1138.1622056562828
2007-05-15,1145.721790982554
2007-05-16,1157.4815056000773
2007-05-17,1154.541914132146
2007-05-18,1162.9419029654914
2007-05-21,1154.1217798158991
2007-05-22,1156.2216421496555
2007-05-23,1152.8617814908973
2007-05-24,1147.8224625637895
2007-05-25,1154.962318197553
2007-05-29,1159.161773115906
2007-05-30,1164.6217658575804
2007-05-31,1166.3016287496696
2007-06-01,1171.760677369285
2007-06-04,1175.961211284277
2007-06-05,1168.8210859013539
2007-06-06,1161.261365700503
2007-06-07,1146.5620596150482
2007-06-08,1153.282320430884
2007-06-11,1159.5817725575735
2007-06-12,1148.6621916979643
2007-06-13,1157.4815056000773
2007-06-14,1159.161773115906
2007-06-15,1161.6547948499388
2007-06-18,1155.7391957775155
2007-06-19,1147.2870104817666
2007-06-20,1146.020403302352
2007-06-21,1149.4000905243488
2007-06-22,1143.0619293932411
2007-06-25,1137.990645190708
2007-06-26,1135.0328456544962
2007-06-27,1143.9062442631312
2007-06-28,1141.7942432171876
2007-06-29,1143.0619293932411
2007-07-02,1152.3581598097203
2007-07-03,1151.9358675001954
2007-07-05,1151.0903387590868
2007-07-06,1157.852006070938
2007-07-09,1157.852006070938
2007-07-10,1147.2870104817666
2007-07-11,1152.7811264921443
2007-07-12,1162.5004584656272
2007-07-13,1170.5291375806326
2007-07-16,1165.8804154367838
2007-07-17,1160.386569175566
2007-07-18,1160.8099404817294
2007-07-19,1164.6124595115705
2007-07-20,1157.852006070938
2007-07-23,1157.852006070938
2007-07-24,1149.4000905243488
2007-07-25,1149.4000905243488
2007-07-26,1132.4969338040698
2007-07-27,1117.2846322541382
2007-07-30,1119.8200046062452
2007-07-31,1110.5233021287365
2007-08-01,1127.003964227621
2007-08-02,1128.2717852782544
2007-08-03,1126.1584354865124
2007-08-06,1155.316633718831
2007-08-07,1152.3581598097203
2007-08-08,1172.641947874055
2007-08-09,1151.5130356923512
2007-08-10,1145.174335062924
2007-08-13,1141.7942432171876
2007-08-14,1123.6232654462754
2007-08-15,1117.7074640619824
2007-08-16,1120.6652635981939
2007-08-17,1126.1584354865124
2007-08-20,1134.6102835958118
2007-08-21,1134.6102835958118
2007-08-22,1137.5678133828637
2007-08-23,1137.990645190708
2007-08-24,1146.020403302352
2007-08-27,1140.9487144760792
2007-08-28,1127.8490883449902
2007-08-29,1137.5678133828637
2007-08-30,1133.765024603863
2007-08-31,1136.723363638394
2007-09-04,1148.9775284656644
2007-09-05,1138.4130723748124
2007-09-06,1135.455003089441
2007-09-07,1130.384460697097
2007-09-10,1133.3423276705985
2007-09-11,1140.9487144760792
2007-09-12,1146.8648530468217
2007-09-13,1150.245214641718
2007-09-14,1157.0062075806698
2007-09-17,1150.245214641718
2007-09-18,1172.641947874055
2007-09-19,1173.4872068660038
2007-09-20,1174.7550279166371
2007-09-21,1175.3492853154767
2007-09-24,1174.4994405878126
2007-09-25,1172.8002906308043
2007-09-26,1180.8734783571617
2007-09-27,1185.1227019954813
2007-09-28,1188.9469358326787
2007-10-01,1185.547826671183
2007-10-02,1185.9730862214644
2007-10-03,1182.9978878644517
2007-10-04,1185.547826671183
2007-10-05,1189.7975898078219
2007-10-08,1182.148717509687
2007-10-09,1188.9469358326787
2007-10-10,1194.0465436969816
2007-10-11,1197.021337430255
2007-10-12,1199.5699274911876
2007-10-15,1195.74582852857
2007-10-16,1190.6466252880066
2007-10-17,1194.8963884246455
2007-10-18,1190.6466252880066
2007-10-19,1178.3240790487498
2007-10-22,1185.9730862214644
2007-10-23,1189.7975898078219
2007-10-24,1186.397536524267
2007-10-25,1196.1706834551119
2007-10-26,1204.2446804289484
2007-10-29,1204.6696702300703
2007-10-30,1199.5699274911876
2007-10-31,1207.2187997893225
2007-11-01,1183.423417163893
2007-11-02,1191.072019712868
2007-11-05,1192.7718440427757
2007-11-06,1200.8448968945534
2007-11-07,1187.6727756767923
2007-11-08,1196.1706834551119
2007-11-09,1184.6977121943594
2007-11-12,1185.547826671183
2007-11-13,1203.3951054504441
2007-11-14,1209.3440185440916
2007-11-15,1208.493769192688
2007-11-16,1214.0174227360537
2007-11-19,1205.5191103339946
2007-11-20,1215.2925270139992
2007-11-21,1200.4204465917508
2007-11-23,1212.7431277055873
2007-11-26,1200.4204465917508
2007-11-27,1213.1682523812892
2007-11-28,1232.289556441857
2007-11-29,1238.663863960366
2007-11-30,1240.3636882902736
2007-12-03,1235.6896097254119
2007-12-04,1233.9893807717647
2007-12-05,1239.0887188869078
2007-12-06,1238.663863960366
2007-12-07,1251.8362549272865
2007-12-10,1253.1116289543916
2007-12-11,1239.5137086880297
2007-12-12,1242.9130875986853
2007-12-13,1248.4374155149503
2007-12-14,1233.1395360441009
2007-12-17,1224.6416282657813
2007-12-18,1219.1170306003567
2007-12-19,1229.315571956063
2007-12-20,1223.7915137889577
2007-12-21,1253.133613510908
2007-12-24,1251.4251572078897
2007-12-26,1247.1539490130538
2007-12-27,1235.1954292648247
2007-12-28,1239.8935155049003
2007-12-31,1230.06965573203
2008-01-02,1212.5586192803462
2008-01-03,1206.1515372389329
2008-01-04,1201.0264380790375
2008-01-07,1215.121236297584
2008-01-08,1206.1515372389329
2008-01-09,1222.3818046803174
2008-01-10,1224.5174087777352
2008-01-11,1207.4332503712913
2008-01-14,1202.308016336816
2008-01-15,1189.4947963760483
2008-01-16,1185.2234533066326
2008-01-17,1176.6809020423811
2008-01-18,1159.597013385097
2008-01-22,1147.6382238877081
2008-01-23,1161.7328872316746
2008-01-24,1156.1801007790602
2008-01-25,1140.377385755815
2008-01-28,1149.3465453161466
2008-01-29,1152.7634579221833
2008-01-30,1144.6479195777515
2008-01-31,1161.7328872316746
2008-02-01,1173.2647986838235
2008-02-04,1166.0032861790312
2008-02-05,1150.2003014066263
2008-02-06,1145.5023500411305
2008-02-07,1157.4615441622589
2008-02-08,1144.6479195777515
2008-02-11,1159.170270214437
2008-02-12,1174.5461071924424
2008-02-13,1168.9931858652483
2008-02-14,1163.0139259911336
2008-02-15,1168.1392949001888
2008-02-19,1186.931909609651
2008-02-20,1161.7328872316746
2008-02-21,1166.0032861790312
2008-02-22,1178.8170456381185
2008-02-25,1180.5249624428175
2008-02-26,1195.0466387066035
2008-02-27,1178.8170456381185
2008-02-28,1180.9521102372169
2008-02-29,1158.7428526708777
2008-03-03,1170.2751687467662
2008-03-04,1169.4206034088074
2008-03-05,1172.4102333458648
2008-03-06,1161.7328872316746
2008-03-07,1156.1801007790602
2008-03-10,1150.2003014066263
2008-03-11,1174.5461071924424
2008-03-12,1171.5563423808053
2008-03-13,1171.5563423808053
2008-03-14,1151.4820145389847
2008-03-17,1145.0758766196302
2008-03-18,1166.0032861790312
2008-03-19,1172.4102333458648
2008-03-20,1185.9787509538185
2008-03-24,1199.2904673617288
2008-03-25,1202.296012499209
2008-03-26,1192.4200911385149
2008-03-27,1198.4314511626349
2008-03-28,1197.1429943012838
2008-03-31,1196.284787349669
2008-04-01,1210.883476998552
2008-04-02,1211.3127827862293
2008-04-03,1207.8779318610718
2008-04-04,1218.1835636331828
2008-04-07,1210.4544409600346
2008-04-08,1210.0248654231975
2008-04-09,1198.001875625798
2008-04-10,1201.007285888698
2008-04-11,1193.278972463029
2008-04-14,1192.849531800772
2008-04-15,1200.1488091879237
2008-04-16,1207.0191854111376
2008-04-17,1208.736948060166
2008-04-18,1200.5778452264412
2008-04-21,1204.013910022817
2008-04-22,1196.714228011926
2008-04-23,1204.4428111867549
2008-04-24,1206.1608435849428
2008-04-25,1199.2904673617288
2008-04-28,1206.5898796234603
2008-04-29,1207.8779318610718
2008-04-30,1187.2673426897493
2008-05-01,1208.736948060166
2008-05-02,1207.0191854111376
2008-05-05,1202.7251834123065
2008-05-06,1210.4544409600346
2008-05-07,1198.8610266994717
2008-05-08,1202.296012499209
2008-05-09,1195.4260408997345
2008-05-12,1208.736948060166
2008-05-13,1204.4428111867549
2008-05-14,1209.1658492241036
2008-05-15,1223.7656178696257
2008-05-16,1223.3363120819483
2008-05-19,1230.2062836814227
2008-05-20,1211.7423583230661
2008-05-21,1199.2904673617288
2008-05-22,1212.1719338599032
2008-05-23,1205.7311331735261
2008-05-27,1209.1658492241036
2008-05-28,1210.883476998552
2008-05-29,1215.6066499104807
2008-05-30,1223.3363120819483
2008-06-02,1212.60150939674
2008-06-03,1219.0421752085372
2008-06-04,1218.1835636331828
2008-06-05,1230.6355894691
2008-06-06,1200.1488091879237
2008-06-09,1204.4428111867549
2008-06-10,1206.5898796234603
2008-06-11,1200.1488091879237
2008-06-12,1208.307372523329
2008-06-13,1207.4486260733947
2008-06-16,1194.5667549514808
2008-06-17,1190.7023284894865
2008-06-18,1177.3910167053157
2008-06-19,1181.2557129164697
2008-06-20,1167.8433800719877
2008-06-23,1163.531304879456
2008-06-24,1167.4120511656126
2008-06-25,1193.7193379662544
2008-06-26,1157.4932396885247
2008-06-27,1145.4181883033011
2008-06-30,1153.612493402368
2008-07-01,1152.318506683243
2008-07-02,1151.025329211597
2008-07-03,1150.1622667751074
2008-07-07,1161.8062590031154
2008-07-08,1176.9003429838046
2008-07-09,1165.2560810066368
2008-07-10,1173.881445262919
2008-07-11,1161.3747952221606
2008-07-14,1162.237318160331
2008-07-15,1160.0809433776153
2008-07-16,1174.7438333265093
2008-07-17,1176.9003429838046
2008-07-18,1157.0624502804692
2008-07-21,1154.4750163405383
2008-07-22,1174.7438333265093
2008-07-23,1182.9375989272567
2008-07-24,1175.6063562646796
2008-07-25,1169.1375016656928
2008-07-28,1159.2186901886048
2008-07-29,1186.3878255545173
2008-07-30,1200.187518192342
2008-07-31,1181.6438819572913
2008-08-01,1179.4875071745757
2008-08-04,1190.2691113389935
2008-08-05,1210.96898748218
2008-08-06,1223.9071013038931
2008-08-07,1200.187518192342
2008-08-08,1225.2010880230182
2008-08-11,1235.9822875636964
2008-08-12,1244.607247196239
2008-08-13,1232.1010017792203
2008-08-14,1237.7074683146168
2008-08-15,1249.7825196998403
2008-08-18,1244.607247196239
2008-08-19,1227.7879824646295
2008-08-20,1228.2197159947443
2008-08-21,1214.8509476395552
2008-08-22,1236.8446756272867
2008-08-25,1217.0069177985313
2008-08-26,1212.2632439504648
2008-08-27,1217.8694407367013
2008-08-28,1225.6320123056537
2008-08-29,1213.55709579501
2008-09-02,1226.9261338993585
2008-09-03,1217.8694407367013
2008-09-04,1210.1065994185894
2008-09-05,1221.319802238542
2008-09-08,1247.1953555090693
2008-09-09,1240.726096286343
2008-09-10,1249.3514605426249
2008-09-11,1254.527002795386
2008-09-12,1257.1137623624174
2008-09-15,1242.0198132563082
2008-09-16,1242.0198132563082
2008-09-17,1197.6008934998902
2008-09-18,1205.3627906959432
2008-09-19,1202.7139888221784
2008-09-22,1196.2014348593189
2008-09-23,1180.1369282765756
2008-09-24,1177.9655824154963
2008-09-25,1207.0561410460177
2008-09-26,1202.7139888221784
2008-09-29,1157.5581143614347
2008-09-30,1198.3722412220786
2008-10-01,1207.0561410460177
2008-10-02,1191.8600918829586
2008-10-03,1182.3070602664363
2008-10-06,1148.0060268669715
2008-10-07,1111.534052230167
2008-10-08,1081.1404702836703
2008-10-09,1016.011356478707
2008-10-10,1024.6953911772262
2008-10-13,1072.4566378970212
2008-10-14,1074.6281860699703
2008-10-15,1037.7211734758446
2008-10-16,1047.7074896801498
2008-10-17,1055.5232692708546
2008-10-20,1064.2066295964744
2008-10-21,1054.2210552023582
2008-10-22,1037.7211734758446
2008-10-23,1042.0629210759446
2008-10-24,989.9597918814696
2008-10-27,964.7770893276557
2008-10-28,1031.2082823265353
2008-10-29,1011.2357847925049
2008-10-30,1053.7865567433569
2008-10-31,1047.272991221148
2008-11-03,1063.3391837361394
2008-11-04,1078.9692592971708
2008-11-05,1059.8652866201141
2008-11-06,1048.576486598153
2008-11-07,1053.3523280335148
2008-11-10,1056.3912546295091
2008-11-11,1032.5106312696116
2008-11-12,1010.3669901863716
2008-11-13,1050.747225523623
2008-11-14,1019.4852535947323
2008-11-17,1006.024837962532
2008-11-18,1012.9720926962633
2008-11-19,986.920258349866
2008-11-20,952.6195621368511
2008-11-21,998.2093955582769
2008-11-24,1010.8012188962135
2008-11-25,1016.445517751259
2008-11-26,1029.4713674871678
2008-11-28,1045.1021174210982
2008-12-01,987.3548242461577
2008-12-02,1001.6828206132727
2008-12-03,1013.8404826786572
2008-12-04,1000.8145655054586
2008-12-05,1029.0372736519057
2008-12-08,1035.1158012167932
2008-12-09,1015.1427641844432
2008-12-10,1014.708940098341
2008-12-11,1003.4197354526403
2008-12-12,1004.7225564567459
2008-12-15,1003.8539641624823
2008-12-16,1027.3005611244077
2008-12-17,1022.0902886673342
2008-12-18,1025.5637811596198
2008-12-19,1017.2431660165192
2008-12-22,1019.871466954146
2008-12-23,1011.5507843737554
2008-12-24,1020.3092698403541
2008-12-26,1021.1846733009004
2008-12-29,1018.9950519342507
2008-12-30,1035.1971305884456
2008-12-31,1045.2692944628282
2009-01-02,1060.1577621465287
2009-01-05,1064.5370723171181
2009-01-06,1048.7726616745515
2009-01-07,1038.2622902902212
2009-01-08,1024.6876358888844
2009-01-09,1007.1716765150359
2009-01-12,1007.6095468385339
2009-01-13,1013.7403383031151
2009-01-14,991.407603058919
2009-01-15,995.7863737311889
2009-01-16,1004.9823923348358
2009-01-20,993.1591517902008
2009-01-21,997.9757927859686
2009-01-22,997.1001195762626
2009-01-23,987.4663655236976
2009-01-26,994.0348924371968
2009-01-27,999.2894711937528
2009-01-28,1009.3611630071057
2009-01-29,1000.6033519134063
2009-01-30,969.9502038379793
2009-02-02,961.6298584440382
2009-02-03,982.6495896533498
2009-02-04,955.9378139877241
2009-02-05,969.5121986399013
2009-02-06,986.1526196786235
2009-02-09,976.5191353752182
2009-02-10,944.9901117782152
2009-02-11,950.2448928466408
2009-02-12,959.0024341911804
2009-02-13,944.1141013820596
2009-02-17,930.5395144180125
2009-02-18,935.3561554137802
2009-02-19,947.1794633957053
2009-02-20,932.7287311609225
2009-02-23,908.6443797481547
2009-02-24,926.1601368101334
2009-02-25,917.4023931537239
2009-02-26,897.258807215148
2009-02-27,891.5666278842539
2009-03-02,874.4881342101639
2009-03-03,863.9782348868632
2009-03-04,880.6185210510056
2009-03-05,860.4752048615893
2009-03-06,863.1023593652874
2009-03-09,849.9653055382886
2009-03-10,865.7295138689854
2009-03-11,864.8541778457288
2009-03-12,887.186913089925
2009-03-13,900.323832042344
2009-03-16,914.3368962654985
2009-03-17,931.4151876277186
2009-03-18,926.5976699471819
2009-03-19,914.7742270906768
2009-03-20,906.0966663719912
2009-03-23,945.7413631880056
2009-03-24,941.3362245353741
2009-03-25,950.587137093022
2009-03-26,961.1590112857658
2009-03-27,951.9085033518576
2009-03-30,931.2054576560446
2009-03-31,929.4432538329542
2009-04-01,945.30119999665
2009-04-02,965.1233123741425
2009-04-03,961.1590112857658
2009-04-06,963.801743803437
2009-04-07,946.1819984403904
2009-04-08,954.1108029290134
2009-04-09,954.5514381813986
2009-04-13,951.9085033518576
2009-04-14,938.693357143123
2009-04-15,955.4325063742988
2009-04-16,968.2065452696189
2009-04-17,973.0519145508957
2009-04-20,954.1108029290134
2009-04-21,963.801743803437
2009-04-22,951.0278397826969
2009-04-23,951.0278397826969
2009-04-24,947.0634038197405
2009-04-27,952.7893017955981
2009-04-28,957.1947776346791
2009-04-29,973.0519145508957
2009-04-30,969.087680899809
2009-05-01,973.0519145508957
2009-05-04,988.028994833561
2009-05-05,979.6600271535824
2009-05-06,985.8264255072453
2009-05-07,989.7906591583319
2009-05-08,1002.5654398638412
2009-05-11,997.7195985215349
2009-05-12,1009.6135133460136
2009-05-13,991.1126997900667
2009-05-14,994.6370399989578
2009-05-15,985.3855205057006
2009-05-18,1006.0894428862827
2009-05-19,1011.8157454858799
2009-05-20,1013.1368419955555
2009-05-21,1003.8866038108071
2009-05-22,1010.053811411949
2009-05-26,1022.8284572428785
2009-05-27,996.8387326405044
2009-05-28,1007.4113486434376
2009-05-29,1018.4231162783773
2009-06-01,1038.6859313455448
2009-06-02,1049.2580752874483
2009-06-03,1043.971531255467
2009-06-04,1045.7340048277172
2009-06-05,1040.448202605925
2009-06-08,1044.4119641959821
2009-06-09,1035.1616585739437
2009-06-10,1023.7091208120391
2009-06-11,1028.1140571528006
2009-06-12,1036.0431313905835
2009-06-15,1010.9348121675594
2009-06-16,997.7195985215349
2009-06-17,1007.8513769602132
2009-06-18,1026.3523928280297
2009-06-19,1016.0099402956185
2009-06-22,1012.0146854911652
2009-06-23,1005.8007438481037
2009-06-24,1008.4644493629423
2009-06-25,1025.7747924398022
2009-06-26,1022.2238819386802
2009-06-29,1028.4380258936114
2009-06-30,1020.4483929694741
2009-07-01,1037.7590732327837
2009-07-02,1016.0099402956185
2009-07-06,1036.8712613108908
2009-07-07,1023.9994383451763
2009-07-08,1028.4380258936114
2009-07-09,1020.8923326490655
2009-07-10,1016.0099402956185
2009-07-13,1034.2084999181113
2009-07-14,1037.315403302352
2009-07-15,1054.18241363523
2009-07-16,1061.2843020747646
2009-07-17,1062.1717768102076
2009-07-20,1065.2792871300578
2009-07-21,1063.9474680912838
2009-07-22,1064.391475208165
2009-07-23,1079.0389220176658
2009-07-24,1088.8043810974589
2009-07-27,1084.8089914184256
2009-07-28,1086.14101276907
2009-07-29,1091.91108216983
2009-07-30,1090.5793305683455
2009-07-31,1088.3601716687078
2009-08-03,1089.691855832902
2009-08-04,1091.467412239398
2009-08-05,1084.365321487994
2009-08-06,1073.268313118586
2009-08-07,1077.7075076026308
2009-08-10,1078.5953195245238
2009-08-11,1078.5953195245238
2009-08-12,1078.1515147195123
2009-08-13,1084.365321487994
2009-08-14,1083.0337047610894
2009-08-17,1071.937168452711
2009-08-18,1073.712792296497
2009-08-19,1080.814276112292
2009-08-20,1086.14101276907
2009-08-21,1098.1253609993412
2009-08-24,1098.5697727399622
2009-08-25,1100.3447222108487
2009-08-26,1103.895430400101
2009-08-27,1103.895430400101
2009-08-28,1099.4569777262457
2009-08-31,1101.6757320021438
2009-09-01,1091.467412239398
2009-09-02,1092.3550892867113
2009-09-03,1094.574517935509
2009-09-04,1102.563678798617
2009-09-08,1111.8851307615287
2009-09-09,1111.4411910819372
2009-09-10,1119.4308240060745
2009-09-11,1124.3132837968114
2009-09-14,1121.650454966742
2009-09-15,1115.8800483795324
2009-09-16,1124.7570886018232
2009-09-17,1120.7625756075593
2009-09-18,1135.4697044186453
2009-09-21,1131.8935049338004
2009-09-22,1134.1287813457309
2009-09-23,1134.1287813457309
2009-09-24,1128.3174403235353
2009-09-25,1128.3174403235353
2009-09-28,1130.5526492981758
2009-09-29,1135.9172182746029
2009-09-30,1138.1516854390543
2009-10-01,1127.870465965897
2009-10-02,1131.446665450742
2009-10-05,1134.1287813457309
2009-10-06,1144.410810066367
2009-10-07,1149.3283372478663
2009-10-08,1156.0332223615985
2009-10-09,1158.7150685074278
2009-10-12,1163.6331351872461
2009-10-13,1159.609961344763
2009-10-14,1163.6331351872461
2009-10-15,1172.5738362112284
2009-10-16,1178.8325562148018
2009-10-19,1185.5379808268535
2009-10-20,1184.1965182556196
2009-10-21,1175.2560869807971
2009-10-22,1177.0439844113498
2009-10-23,1165.4213023669586
2009-10-26,1156.480871092136
2009-10-27,1157.3746849328325
2009-10-28,1154.245055181886
2009-10-29,1173.0205408197069
2009-10-30,1154.6927039124237
2009-11-02,1165.8685464737564
2009-11-03,1158.268498773529
2009-11-04,1162.7385120990705
2009-11-05,1168.1034182619474
2009-11-06,1171.232913138314
2009-11-09,1190.4553731337728
2009-11-10,1190.0082639015548
2009-11-11,1193.5848680101394
2009-11-12,1186.43179466755
2009-11-13,1194.4782772270962
2009-11-16,1201.1845110866273
2009-11-17,1206.995582359663
2009-11-18,1206.1012290206472
2009-11-19,1200.2900228730314
2009-11-20,1202.0777854290043
2009-11-23,1212.3600838988002
2009-11-24,1215.0424695429488
2009-11-25,1212.8067885072787
2009-11-27,1201.6313505696855
2009-11-30,1197.1606628712448
2009-12-01,1213.7010069717148
2009-12-02,1212.3600838988002
2009-12-03,1202.97240851718
2009-12-04,1209.230319273274
2009-12-07,1207.8893962003594
2009-12-08,1194.0315726186177
2009-12-09,1196.2665792813884
2009-12-10,1200.2900228730314
2009-12-11,1206.995582359663
2009-12-14,1211.4658654343643
2009-12-15,1206.5479336291255
2009-12-16,1200.7372669798292
2009-12-17,1186.43179466755
2009-12-18,1184.1301599623312
2009-12-21,1190.4475504081413
2009-12-22,1198.5709114782046
2009-12-23,1199.4736270411715
2009-12-24,1203.986260733947
2009-12-28,1206.2427124549147
2009-12-29,1208.4987595521427
2009-12-30,1206.2427124549147
2009-12-31,1194.5097030042023
2010-01-04,1203.5347006405937
2010-01-05,1203.986260733947
2010-01-06,1203.0835451709802
2010-01-07,1203.0835451709802
2010-01-08,1199.0226064461376
2010-01-11,1202.1815039809123
2010-01-12,1208.9504545200757
2010-01-13,1217.5240269376939
2010-01-14,1213.9145134316248
2010-01-15,1208.0480087062685
2010-01-19,1215.2683844642054
2010-01-20,1206.2427124549147
2010-01-21,1189.0950281213593
2010-01-22,1186.3868814324585
2010-01-25,1188.6430634042663
2010-01-26,1187.2893272462657
2010-01-27,1189.9972041860067
2010-01-28,1186.838171776652
2010-01-29,1182.3255380838764
2010-02-01,1191.3505357202678
2010-02-02,1208.4987595521427
2010-02-03,1199.924782510785
2010-02-04,1175.5565875447132
2010-02-05,1172.3980946336778
2010-02-08,1171.0435492281981
2010-02-09,1185.0332801490376
2010-02-10,1183.6792742418772
2010-02-11,1193.1558319716219
2010-02-12,1193.1558319716219
2010-02-16,1205.3402666411075
2010-02-17,1213.9145134316248
2010-02-18,1221.134214816662
2010-02-19,1223.8423615055628
2010-02-22,1223.8423615055628
2010-02-23,1217.0731412172397
2010-02-24,1224.7446724447902
2010-02-25,1225.647522882337
2010-02-26,1219.7806135332412
2010-03-01,1228.3540510762793
2010-03-02,1232.867494016534
2010-03-03,1233.3187843607277
2010-03-04,1237.3799928347298
2010-03-05,1245.0513891877004
2010-03-08,1240.5391601186643
2010-03-09,1238.7338638673104
2010-03-10,1236.9287024905364
2010-03-11,1239.185019336924
2010-03-12,1240.0878697744708
2010-03-15,1249.5644275042155
2010-03-16,1255.4309322295715
2010-03-17,1260.8460117361542
2010-03-18,1262.199747894155
2010-03-19,1258.4836834700009
2010-03-22,1264.828723204681
2010-03-23,1274.798382398374
2010-03-24,1265.7348106321442
2010-03-25,1263.922500902638
2010-03-26,1264.828723204681
2010-03-29,1270.7200448527303
2010-03-30,1272.9859377942878
2010-03-31,1265.7348106321442
2010-04-01,1273.8917554725915
2010-04-05,1273.8917554725915
2010-04-06,1269.8135528015275
2010-04-07,1261.6563382119207
2010-04-08,1263.922500902638
2010-04-09,1270.7200448527303
2010-04-12,1274.798382398374
2010-04-13,1270.7200448527303
2010-04-14,1272.5323545822368
2010-04-15,1270.2664616406794
2010-04-16,1264.828723204681
2010-04-19,1269.8135528015275
2010-04-20,1273.4391163825994
2010-04-21,1273.4391163825994
2010-04-22,1273.4391163825994
2010-04-23,1270.2664616406794
2010-04-26,1267.5473901108105
2010-04-27,1245.3416392835475
2010-04-28,1255.3115682264001
2010-04-29,1259.3903103957834
2010-04-30,1252.1398576065392
2010-05-03,1259.3903103957834
2010-05-04,1246.701175048482
2010-05-05,1251.2330958061766
2010-05-06,1219.963773212684
2010-05-07,1211.8061539993375
2010-05-10,1247.154623385953
2010-05-11,1246.701175048482
2010-05-12,1255.3115682264001
2010-05-13,1247.607532225105
2010-05-14,1235.8252935527457
2010-05-17,1248.9670679900394
2010-05-18,1241.7163454516353
2010-05-19,1238.543960458875
2010-05-20,1201.8362250564846
2010-05-21,1206.36760631586
2010-05-24,1197.7578875108409
2010-05-25,1183.7093512731847
2010-05-26,1176.0053152718895
2010-05-27,1200.0236455778186
2010-05-28,1194.1327285535087
2010-06-01,1191.4132523999003
2010-06-02,1211.8061539993375
2010-06-03,1213.6187334780036
2010-06-04,1181.4433234570474
2010-06-07,1172.380156314557
2010-06-08,1191.4132523999003
2010-06-09,1189.147089709183
2010-06-10,1209.54026105778
2010-06-11,1199.5703321149272
2010-06-14,1206.36760631586
2010-06-15,1218.6038328240097
2010-06-16,1210.4466182344029
2010-06-17,1221.3230392284586
2010-06-18,1216.8496540384208
2010-06-21,1213.6547449908246
2010-06-22,1200.418423473053
2010-06-23,1208.1780278012484
2010-06-24,1193.5720549250532
2010-06-25,1181.2481599399978
2010-06-28,1191.2899770339131
2010-06-29,1172.1191740025386
2010-06-30,1163.9036935944346
2010-07-01,1166.1855017364148
2010-07-02,1161.622020327034
2010-07-06,1168.4681191258742
2010-07-07,1190.8334265811052
2010-07-08,1208.6340387557368
2010-07-09,1208.6340387557368
2010-07-12,1212.7423184581082
2010-07-13,1223.6971015830595
2010-07-14,1224.152977662968
2010-07-15,1227.804302288792
2010-07-16,1210.4601056923884
2010-07-19,1212.7423184581082
2010-07-20,1227.3478867105641
2010-07-21,1214.111700067372
2010-07-22,1227.804302288792
2010-07-23,1239.2152312428113
2010-07-26,1245.6055888363228
2010-07-27,1250.1697446186029
2010-07-28,1243.3231063214432
2010-07-29,1228.2611224907596
2010-07-30,1231.4557617891958
2010-08-02,1245.6055888363228
2010-08-03,1234.6509405859515
2010-08-04,1239.2152312428113
2010-08-05,1233.7378396803358
2010-08-06,1236.4767377734433
2010-08-09,1242.8666907432153
2010-08-10,1245.6055888363228
2010-08-11,1225.0660785685836
2010-08-12,1223.6971015830595
2010-08-13,1223.2398767573522
2010-08-16,1221.870899771828
2010-08-17,1233.7378396803358
2010-08-18,1234.6509405859515
2010-08-19,1220.045237458916
2010-08-20,1220.045237458916
2010-08-23,1222.783730928284
2010-08-24,1216.8496540384208
2010-08-25,1219.588687006108
2010-08-26,1210.4601056923884
2010-08-27,1218.2191705222644
2010-08-30,1207.7213424738607
2010-08-31,1208.6340387557368
2010-09-01,1230.0866499290917
2010-09-02,1237.8457147589677
2010-09-03,1245.6055888363228
2010-09-07,1240.5847477266552
2010-09-08,1246.061869539971
2010-09-09,1250.1697446186029
2010-09-10,1256.1035517593064
2010-09-13,1257.4722589956712
2010-09-14,1259.7546066359707
2010-09-15,1268.4270421206222
2010-09-16,1269.7965586044659
2010-09-17,1266.4403395593638
2010-09-20,1280.2314002240776
2010-09-21,1277.9324630104556
2010-09-22,1280.2314002240776
2010-09-23,1271.9569796245771
2010-09-24,1288.965878015462
2010-09-27,1281.6102230539311
2010-09-28,1289.884643653432
2010-09-29,1286.2072882336956
2010-09-30,1281.6102230539311
2010-10-01,1283.9088905183933
2010-10-04,1280.2314002240776
2010-10-05,1292.1827716195742
2010-10-06,1297.6988721864682
2010-10-07,1293.1023465050232
2010-10-08,1295.8605316630499
2010-10-11,1297.2396242420632
2010-10-12,1300.4574619682346
2010-10-13,1311.4900677257617
2010-10-14,1311.9498551684862
2010-10-15,1315.1674231454979
2010-10-18,1319.7643534506824
2010-10-19,1303.675164819826
2010-10-20,1315.1674231454979
2010-10-21,1319.7643534506824
2010-10-22,1324.3615535050267
2010-10-25,1327.5787168582988
2010-10-26,1320.2242757679867
2010-10-27,1313.3288128729198
2010-10-28,1317.9256083035245
2010-10-29,1322.5224037341293
2010-11-01,1317.0061682926557
2010-11-02,1324.8208014494319
2010-11-03,1328.9582140610519
2010-11-04,1345.0471329427485
2010-11-05,1338.1522095460011
2010-11-08,1335.853542081539
2010-11-09,1328.9582140610519
2010-11-10,1324.8208014494319
2010-11-11,1326.200028903025
2010-11-12,1319.7643534506824
2010-11-15,1320.2242757679867
2010-11-16,1305.513909966984
2010-11-17,1305.9738322842882
2010-11-18,1323.4421134941579
2010-11-19,1324.3615535050267
2010-11-22,1324.3615535050267
2010-11-23,1308.7314779439955
2010-11-24,1318.8450483143934
2010-11-26,1310.1109751467484
2010-11-29,1307.812577431446
2010-11-30,1301.8368242964077
2010-12-01,1322.9820563022738
2010-12-02,1323.9019009368824
2010-12-03,1324.3615535050267
2010-12-06,1321.1435809042757
2010-12-07,1328.4982917437476
2010-12-08,1333.5550094916566
2010-12-09,1337.232769535132
2010-12-10,1339.5304928775356
2010-12-13,1339.5304928775356
2010-12-14,1345.9663032044577
2010-12-15,1347.3456655326308
2010-12-16,1359.2970369281275
2010-12-17,1361.4304830322678
2010-12-20,1360.0395214902273
2010-12-21,1356.7934949768664
2010-12-22,1362.8214445743085
2010-12-23,1363.2852782544285
2010-12-27,1356.7934949768664
2010-12-28,1360.5033551703473
2010-12-29,1360.9669191013077
2010-12-30,1358.6476158261278
2010-12-31,1359.112123879147
2011-01-03,1360.9669191013077
2011-01-04,1357.2570589078266
2011-01-05,1357.721432086266
2011-01-06,1353.0839045325451
2011-01-07,1346.128422449443
2011-01-10,1347.0555503113635
2011-01-11,1346.128422449443
2011-01-12,1357.2570589078266
2011-01-13,1360.0395214902273
2011-01-14,1360.0395214902273
2011-01-18,1360.9669191013077
2011-01-19,1358.1843216443272
2011-01-20,1365.140343225749
2011-01-21,1367.4582977551302
2011-01-24,1369.7773312811503
2011-01-25,1374.4139147128121
2011-01-26,1370.7044591430708
2011-01-27,1356.7934949768664
2011-01-28,1343.8093889234228
2011-01-31,1339.1722659934414
2011-02-01,1348.910480408104
2011-02-02,1343.8093889234228
2011-02-03,1350.7654105048443
2011-02-04,1358.6476158261278
2011-02-07,1360.5033551703473
2011-02-08,1366.99459894959
2011-02-09,1369.3136324756101
2011-02-10,1364.2130804892483
2011-02-11,1371.6317218795714
2011-02-14,1365.603907156709
2011-02-15,1365.140343225749
2011-02-16,1368.8499336700702
2011-02-17,1378.1235051571334
2011-02-18,1381.8332304760343
2011-02-22,1372.0952858105315
2011-02-23,1368.8499336700702
2011-02-24,1363.2852782544285
2011-02-25,1370.2407603375307
2011-02-28,1378.1235051571334
2011-03-01,1367.4582977551302
2011-03-02,1363.7489770599686
2011-03-03,1377.6599412261735
2011-03-04,1371.6317218795714
2011-03-07,1367.9229406827292
2011-03-08,1379.978570128454
2011-03-09,1386.9336475878165
2011-03-10,1377.6599412261735
2011-03-11,1378.587743460993
2011-03-14,1368.8499336700702
2011-03-15,1356.7934949768664
2011-03-16,1337.3178753950203
2011-03-17,1343.8093889234228
2011-03-18,1354.722226054039
2011-03-21,1371.5104696322821
2011-03-22,1369.6451541928927
2011-03-23,1371.9775403023186
2011-03-24,1384.568621830066
2011-03-25,1384.568621830066
2011-03-28,1384.1014162854494
2011-03-29,1390.6302900724716
2011-03-30,1398.0923610775078
2011-03-31,1395.294253043844
2011-04-01,1402.2892533788436
2011-04-04,1405.086956788768
2011-04-05,1406.48574105644
2011-04-06,1413.0151543417815
2011-04-07,1414.8804697811709
2011-04-08,1410.683442605255
2011-04-11,1418.1444346136523
2011-04-12,1422.808262710445
2011-04-13,1423.7407855555596
2011-04-14,1432.1352445311309
2011-04-15,1438.1975871464358
2011-04-18,1430.269524468002
2011-04-19,1433.067497627086
2011-04-20,1440.5290291338026
2011-04-21,1440.9955603055196
2011-04-25,1437.2645248030017
2011-04-26,1447.0579029208247
2011-04-27,1456.3844801177709
2011-04-28,1465.7113270638772
2011-04-29,1469.9084891143725
2011-05-02,1471.773804553762
2011-05-03,1475.5048400562798
2011-05-04,1473.6395246168909
2011-05-05,1462.4476319805551
2011-05-06,1466.1775884864344
2011-05-09,1471.307947754944
2011-05-10,1480.1685332784925
2011-05-11,1477.3700206210892
2011-05-12,1499.2879490949426
2011-05-13,1497.4231731538728
2011-05-16,1497.8890299526906
2011-05-17,1501.1539389072311
2011-05-18,1503.4851111454382
2011-05-19,1511.8795701210092
2011-05-20,1507.2160117733765
2011-05-23,1496.9566419821556
2011-05-24,1495.5570484670043
2011-05-25,1485.7642098475008
2011-05-26,1488.0956518348676
2011-05-27,1494.1589385722316
2011-05-31,1506.7496154762391
2011-06-01,1491.3598864165087
2011-06-02,1474.1055162902883
2011-06-03,1460.1153807457092
2011-06-06,1452.653444615253
2011-06-07,1449.3896146573509
2011-06-08,1450.3225421262055
2011-06-09,1458.25006530632
2011-06-10,1441.461956602657
2011-06-13,1447.9902908913596
2011-06-14,1463.3798850765102
2011-06-15,1441.461956602657
2011-06-16,1453.12011066155
2011-06-17,1462.3711580937775
2011-06-20,1473.1729934451735
2011-06-21,1471.7638238348527
2011-06-22,1462.3711580937775
2011-06-23,1449.2226399274912
2011-06-24,1437.4823472494668
2011-06-27,1444.0566737698998
2011-06-28,1446.8744734922225
2011-06-29,1455.3277377846105
2011-06-30,1466.5981274264211
2011-07-01,1477.8690565665513
2011-07-05,1477.399153530338
2011-07-06,1485.382514786512
2011-07-07,1495.7136378542157
2011-07-08,1490.5486158186832
2011-07-11,1479.747050216447
2011-07-12,1475.0508522204893
2011-07-13,1475.0508522204893
2011-07-14,1468.4767954492158
2011-07-15,1472.7033601581197
2011-07-18,1463.3108292916247
2011-07-19,1483.503981638297
2011-07-20,1481.1564895759277
2011-07-21,1493.3658760426863
2011-07-22,1490.5486158186832
2011-07-25,1476.929655117864
2011-07-26,1473.1729934451735
2011-07-27,1457.2058663090856
2011-07-28,1457.2058663090856
2011-07-29,1447.81360519175
2011-08-01,1442.6479087833186
2011-08-02,1423.8633865486474
2011-08-03,1429.499390617032
2011-08-04,1384.8851724689846
2011-08-05,1404.6092310269228
2011-08-08,1351.5435019560257
2011-08-09,1384.4156740565106
2011-08-10,1331.349540361874
2011-08-11,1370.7975226031704
2011-08-12,1387.2337435279928
2011-08-15,1406.957127713032
2011-08-16,1410.2446955969879
2011-08-17,1419.6369567143236
2011-08-18,1394.2782428337991
2011-08-19,1387.7032419404668
2011-08-22,1391.9295369002111
2011-08-23,1420.5760884138508
2011-08-24,1426.6807816472306
2011-08-25,1405.079403812296
2011-08-26,1416.8195616157404
2011-08-29,1442.178949869164
2011-08-30,1445.935072043535
2011-08-31,1450.6311351649128
2011-09-01,1445.465438756481
2011-09-02,1424.8025182481751
2011-09-06,1419.16705367811
2011-09-07,1444.526037307794
2011-09-08,1440.7695105096834
2011-09-09,1408.8356608612469
2011-09-12,1410.2446955969879
2011-09-13,1415.41012225626
2011-09-14,1432.3162462172957
2011-09-15,1449.2226399274912
2011-09-16,1458.6345927334855
2011-09-19,1446.3371331660817
2011-09-20,1449.1757035737019
2011-09-21,1419.3781323955825
2011-09-22,1392.4195362488229
2011-09-23,1395.2574322835437
2011-09-26,1422.216298179463
2011-09-27,1430.729716534466
2011-09-28,1403.7700413910675
2011-09-29,1417.4859769148022
2011-09-30,1402.8240310879673
2011-10-03,1382.48669781543
2011-10-04,1395.730167685934
2011-10-05,1397.6215139192352
2011-10-06,1414.1757501014304
2011-10-07,1422.216298179463
2011-10-10,1444.4456520582005
2011-10-11,1441.60748627432
2011-10-12,1452.9588006640438
2011-10-13,1448.7028332967316
2011-10-14,1460.0530686898164
2011-10-17,1450.1211743784827
2011-10-18,1460.9990789929166
2011-10-19,1456.7431116256043
2011-10-20,1464.7832550798973
2011-10-21,1488.4320290370251
2011-10-24,1478.0264552012418
2011-10-25,1460.5260738413665
2011-10-26,1475.1888289156805
2011-10-27,1494.1071467335673
2011-10-28,1490.3232403957463
2011-10-31,1468.0938865170087
2011-11-01,1442.5534965774202
2011-11-02,1456.2697018503147
2011-11-03,1474.2426837380006
2011-11-04,1465.7294002575775
2011-11-07,1478.0264552012418
2011-11-08,1492.688266153497
2011-11-09,1457.6888521795452
2011-11-10,1471.8777928548297
2011-11-11,1488.9048993139952
2011-11-14,1476.1344345950413
2011-11-15,1483.229511868293
2011-11-16,1469.9855024994692
2011-11-17,1464.7832550798973
2011-11-18,1469.0394921963693
2011-11-21,1445.3919321104606
2011-11-22,1446.8109475651108
2011-11-23,1431.202586811436
2011-11-25,1436.4049691055882
2011-11-28,1459.1080025087751
2011-11-29,1474.2426837380006
2011-11-30,1508.769362309562
2011-12-01,1506.4042016772316
2011-12-02,1501.202224006819
2011-12-05,1510.1882428896324
2011-12-06,1512.0795891229336
2011-12-07,1515.8637652099142
2011-12-08,1498.3640582229389
2011-12-09,1513.9720143528739
2011-12-12,1500.256483452879
2011-12-13,1496.9449078937082
2011-12-14,1489.3777695909655
2011-12-15,1504.5124508201907
2011-12-16,1502.8421640232714
2011-12-19,1496.6386077228585
2011-12-20,1527.6589518419396
2011-12-21,1543.8849032967687
2011-12-22,1543.4074472840834
2011-12-23,1554.384214965551
2011-12-27,1557.2481417941833
2011-12-28,1549.612217455715
2011-12-29,1557.7253280577092
2011-12-30,1550.566859731926
2012-01-03,1549.1348963176094
2012-01-04,1545.7943227237704
2012-01-05,1544.8394106983997
2012-01-06,1534.8174201677232
2012-01-09,1537.2036212345108
2012-01-10,1542.4533445061918
2012-01-11,1535.772197318514
2012-01-12,1535.2947413058287
2012-01-13,1533.862912766092
2012-01-17,1539.5902269250382
2012-01-18,1542.9310702680368
2012-01-19,1545.7943227237704
2012-01-20,1546.2716438618759
2012-01-23,1544.8394106983997
2012-01-24,1536.2496533311992
2012-01-25,1553.907298451185
2012-01-26,1548.1805237905583
2012-01-27,1537.6813469963558
2012-01-30,1527.6589518419396
2012-01-31,1528.6130546198312
2012-02-01,1539.5902269250382
2012-02-02,1545.3172713348247
2012-02-03,1550.0896734684002
2012-02-06,1549.1348963176094
2012-02-07,1550.566859731926
2012-02-08,1551.0437762462918
2012-02-09,1559.6340731118116
2012-02-10,1556.293229768813
2012-02-13,1562.9747815802305
2012-02-14,1566.7929460613348
2012-02-15,1566.3156249232293
2012-02-16,1576.3381549522253
2012-02-17,1577.769848617382
2012-02-21,1568.7022306137565
2012-02-22,1564.406879869127
2012-02-23,1572.5199904711212
2012-02-24,1577.769848617382
2012-02-27,1577.769848617382
2012-02-28,1583.0190323907436
2012-02-29,1585.882284846477
2012-03-01,1583.496353528849
2012-03-02,1584.9284518177453
2012-03-05,1592.0867852689487
2012-03-06,1578.7244908935927
2012-03-07,1581.1106919603808
2012-03-08,1592.0867852689487
2012-03-09,1597.3366434152097
2012-03-12,1603.0638226995761
2012-03-13,1614.994693158935
2012-03-14,1610.2220212761997
2012-03-15,1613.0859481048326
2012-03-16,1612.0301498937306
2012-03-19,1612.9896476548163
2012-03-20,1612.0301498937306
2012-03-21,1614.4290291710245
2012-03-22,1615.8686804363929
2012-03-23,1619.7065366061559
2012-03-26,1630.7408957332211
2012-03-27,1629.781802595875
2012-03-28,1625.9442161752718
2012-03-29,1625.46325342351
2012-03-30,1635.0591751564261
2012-04-02,1648.0132041785623
2012-04-03,1638.8973010753487
2012-04-04,1633.6200633893775
2012-04-05,1633.6200633893775
2012-04-09,1618.74717371965
2012-04-10,1604.3537631813056
2012-04-11,1612.5096290251138
2012-04-12,1613.4693965353592
2012-04-13,1613.4693965353592
2012-04-16,1620.1862854866986
2012-04-17,1636.4985566726345
2012-04-18,1636.4985566726345
2012-04-19,1631.2210492375036
2012-04-20,1646.0938040326512
2012-04-23,1620.6657646180818
2012-04-24,1621.1460529969438
2012-04-25,1631.7007981180464
2012-04-26,1646.5735529131941
2012-04-27,1644.1745387613203
2012-04-30,1639.8566639618548
2012-05-01,1644.1745387613203
2012-05-02,1645.6133807792091
2012-05-03,1648.0132041785623
2012-05-04,1635.0591751564261
2012-05-07,1637.4581893083002
2012-05-08,1633.6200633893775
2012-05-09,1625.46325342351
2012-05-10,1636.9783055531773
2012-05-11,1632.6597563808125
2012-05-14,1625.9442161752718
2012-05-15,1624.024546280201
2012-05-16,1629.301379342433
2012-05-17,1617.7875410839845
2012-05-18,1608.191889100228
2012-05-21,1614.4290291710245
2012-05-22,1616.3482944423558
2012-05-23,1612.0301498937306
2012-05-24,1627.382788444001
2012-05-25,1625.9442161752718
2012-05-29,1637.4581893083002
2012-05-30,1624.024546280201
2012-05-31,1620.6657646180818
2012-06-01,1590.9202550277864
2012-06-04,1596.1980322120771
2012-06-05,1594.278766940746
2012-06-06,1615.8686804363929
2012-06-07,1621.625801877487
2012-06-08,1635.5394635352886
2012-06-11,1627.8626721991238
2012-06-12,1635.5394635352886
2012-06-13,1633.139909885095
2012-06-14,1655.6894560164076
2012-06-15,1658.395174962871
2012-06-18,1662.742182671585
2012-06-19,1661.2926855618875
2012-06-20,1652.5973213986608
2012-06-21,1633.2750542141093
2012-06-22,1638.1051826678627
2012-06-25,1627.960726018678
2012-06-26,1631.8256919789915
2012-06-27,1641.487162757717
2012-06-28,1648.733299560406
2012-06-29,1679.650194876739
2012-07-02,1689.3112610317244
2012-07-03,1697.0403837048727
2012-07-05,1690.760623266842
2012-07-06,1688.8281402866853
2012-07-09,1686.8959270556882
2012-07-10,1688.8281402866853
2012-07-11,1686.412671436069
2012-07-12,1687.8618987966067
2012-07-13,1706.701854483598
2012-07-16,1698.0063554457913
2012-07-17,1705.2526271230604
2012-07-18,1705.736152491839
2012-07-19,1703.3200092683235
2012-07-20,1692.6928364978392
2012-07-23,1678.200967516201
2012-07-24,1672.8869090699293
2012-07-25,1673.3701646895483
2012-07-26,1700.9053496651863
2012-07-27,1720.2281563480572
2012-07-30,1728.9235205112836
2012-07-31,1721.1943978381355
2012-08-01,1712.498898800329
2012-08-02,1698.489206441671
2012-08-03,1726.9913072802865
2012-08-06,1726.024391417309
2012-08-07,1716.8465808819424
2012-08-08,1728.9235205112836
2012-08-09,1721.677383708595
2012-08-10,1721.1943978381355
2012-08-13,1720.710737594777
2012-08-14,1727.474428025326
2012-08-15,1728.4406695154046
2012-08-16,1732.787946973278
2012-08-17,1734.237039459236
2012-08-20,1734.237039459236
2012-08-21,1723.6095969395922
2012-08-22,1718.2960779916398
2012-08-23,1704.7696412526009
2012-08-24,1719.745035603018
2012-08-27,1722.1602347044745
2012-08-28,1723.126206445393
2012-08-29,1719.2619148579788
2012-08-30,1712.498898800329
2012-08-31,1712.9822892945278
2012-09-04,1723.126206445393
2012-09-05,1720.2281563480572
2012-09-06,1741.483041387345
2012-09-07,1727.474428025326
2012-09-10,1725.5416752960095
2012-09-11,1720.2281563480572
2012-09-12,1711.0495365652114
2012-09-13,1741.483041387345
2012-09-14,1728.4406695154046
2012-09-17,1733.2707979691577
2012-09-18,1742.9317292495637
2012-09-19,1747.7633413236952
2012-09-20,1757.4248121024204
2012-09-21,1749.398156106113
2012-09-24,1755.23606742054
2012-09-25,1743.073347558411
2012-09-26,1743.073347558411
2012-09-27,1748.9115286219976
2012-09-28,1743.073347558411
2012-10-01,1754.2626775777292
2012-10-02,1755.722020531756
2012-10-03,1761.0734392366473
2012-10-04,1769.3435438495926
2012-10-05,1776.1545752576706
2012-10-08,1770.803291427359
2012-10-09,1753.7763198427735
2012-10-10,1746.47879582516
2012-10-11,1742.5865851997155
2012-10-12,1744.0463327774821
2012-10-15,1755.722020531756
2012-10-16,1760.1003191429963
2012-10-17,1767.8840660209858
2012-10-18,1758.1542138302743
2012-10-19,1737.2355711185637
2012-10-22,1738.208556337635
2012-10-23,1714.857045954507
2012-10-24,1714.857045954507
2012-10-25,1725.5602879880296
2012-10-26,1719.7219720498629
2012-10-31,1721.6683471117447
2012-11-01,1722.6409277070763
2012-11-02,1712.4248526559888
2012-11-05,1709.5057621241956
2012-11-06,1722.1547048467003
2012-11-07,1701.7220152462062
2012-11-08,1683.2357007075937
2012-11-09,1683.2357007075937
2012-11-12,1683.2357007075937
2012-11-13,1682.2627154885224
2012-11-14,1663.7762660753303
2012-11-15,1663.2899083403743
2012-11-16,1673.9928806247374
2012-11-19,1701.2356575112503
2012-11-20,1707.5601963097927
2012-11-21,1709.9925244828908
2012-11-23,1735.2891960566822
2012-11-26,1722.6409277070763
2012-11-27,1721.1821242513688
2012-11-28,1737.7220637280996
2012-11-29,1746.9650186855358
2012-11-30,1753.2896923586582
2012-12-03,1746.47879582516
2012-12-04,1743.073347558411
2012-12-05,1745.9924380902041
2012-12-06,1747.9386782775061
2012-12-07,1760.1003191429963
2012-12-10,1758.1542138302743
2012-12-11,1759.1270641747656
2012-12-12,1755.23606742054
2012-12-13,1752.3172466379062
2012-12-14,1749.398156106113
2012-12-17,1753.2896923586582
2012-12-18,1752.8029299999628
2012-12-19,1735.2891960566822
2012-12-20,1745.0187784982336
2012-12-21,1730.1626132764081
2012-12-24,1724.7513102580613
2012-12-26,1709.9930639812103
2012-12-27,1712.9441197884291
2012-12-28,1694.7426603624697
2012-12-31,1716.8802995269061
2013-01-02,1761.1550383574595
2013-01-03,1756.7275105245722
2013-01-04,1761.6469259501891
2013-01-07,1749.8408144771959
2013-01-08,1744.9215339261586
2013-01-09,1748.8567695425766
2013-01-10,1759.1873531119606
2013-01-11,1767.0584987176958
2013-01-14,1772.4700714852022
2013-01-15,1777.8809698798095
2013-01-16,1775.4216667907406
2013-01-17,1787.2279131383139
2013-01-18,1794.607306025899
2013-01-22,1795.0993284932088
2013-01-23,1794.607306025899
2013-01-24,1799.5275306989954
2013-01-25,1808.3813724935512
2013-01-28,1809.8573050209002
2013-01-29,1819.6969451196135
2013-01-30,1816.2526529738664
2013-01-31,1813.7924057627383
2013-02-01,1828.5515961616484
2013-02-04,1811.333507297409
2013-02-05,1832.9787193707962
2013-02-06,1835.4386968327647
2013-02-07,1845.276988185679
2013-02-08,1843.8017300312292
2013-02-11,1843.8017300312292
2013-02-12,1841.8337750365708
2013-02-13,1843.8017300312292
2013-02-14,1847.7376400205467
2013-02-15,1850.196673360456
2013-02-19,1868.8904250028847
2013-02-20,1865.4472118537763
2013-02-21,1871.3501327156932
2013-02-22,1882.172603877807
2013-02-25,1856.591886438842
2013-02-26,1861.019818895469
2013-02-27,1874.7934807393815
2013-02-28,1873.810514801401
2013-03-01,1880.205188381468
2013-03-04,1894.471681940169
2013-03-05,1900.8664903948156
2013-03-06,1896.439367185668
2013-03-07,1896.439367185668
2013-03-08,1899.8831198330956
2013-03-11,1901.8504004548554
2013-03-12,1899.8831198330956
2013-03-13,1904.8028050078724
2013-03-14,1911.1973437133595
2013-03-15,1902.8426727388455
2013-03-18,1896.9094050964613
2013-03-19,1912.730058438827
2013-03-20,1931.0226930807685
2013-03-21,1925.0896951875438
2013-03-22,1942.8873401214187
2013-03-25,1941.4042592413375
2013-03-26,1959.6951405137406
2013-03-27,1958.2127340065585
2013-03-28,1966.122588616712
2013-04-01,1965.1344974446972
2013-04-02,1986.3920799755822
2013-04-03,1964.6395077366308
2013-04-04,1975.0216133955194
2013-04-05,1960.6843106823942
2013-04-08,1982.9305238836134
2013-04-09,1980.954341539584
2013-04-10,1995.785015465817
2013-04-11,2005.178625328951
2013-04-12,2012.594299478517
2013-04-15,1980.459621580677
2013-04-16,2017.538127203088
2013-04-17,2000.2339883569011
2013-04-18,1996.2796005501436
2013-04-19,2027.4247036555905
2013-04-22,2032.3681267564218
2013-04-23,2048.188240600468
2013-04-24,2015.5595171166208
2013-04-25,2021.9872349687519
2013-04-26,2021.4925150098452
2013-04-29,2027.918749241598
2013-04-30,2023.9644963094206
2013-05-01,2021.9872349687519
2013-05-02,2029.402099870839
2013-05-03,2038.300450276747
2013-05-06,2023.469776350514
2013-05-07,2038.7953051102336
2013-05-08,2041.2675561589685
2013-05-09,2026.930792944163
2013-05-10,2034.8405126797365
2013-05-13,2038.300450276747
2013-05-14,2062.5250038152735
2013-05-15,2082.794495174144
2013-05-16,2070.4360722966458
2013-05-17,2073.401559683909
2013-05-20,2052.143842278444
2013-05-21,2054.1213733682725
2013-05-22,2050.660896272943
2013-05-23,2042.2561868293028
2013-05-24,2061.536912643259
2013-05-28,2064.9976594877485
2013-05-29,2025.4469028166025
2013-05-30,2017.538127203088
2013-05-31,1979.9655759946697
2013-06-03,2001.7172041115623
2013-06-04,2002.2124635687885
2013-06-05,1977.987640281102
2013-06-06,1986.3920799755822
2013-06-07,2011.1102744763768
2013-06-10,2011.1102744763768
2013-06-11,2006.1668513755458
2013-06-12,1996.2796005501436
2013-06-13,2017.043542118761
2013-06-14,2012.0994446450306
2013-06-17,2029.896550080586
2013-06-18,2037.3122242301522
2013-06-19,1996.7740507598908
2013-06-20,1936.4596222692876
2013-06-21,1962.0366980945964
2013-06-24,1954.074916771199
2013-06-25,1957.0607702200202
2013-06-26,1977.4623037925683
2013-06-27,1986.4189200169733
2013-06-28,1973.9787631440834
2013-07-01,1988.4102083139467
2013-07-02,1990.897025817306
2013-07-03,1986.9172815895358
2013-07-05,1991.8924002166332
2013-07-08,2011.7965163386775
2013-07-09,2026.724839460725
2013-07-10,2029.2120615878239
2013-07-11,2061.059052006834
2013-07-12,2061.5566043319177
2013-07-15,2064.542592655319
2013-07-16,2057.0789031553245
2013-07-17,2061.059052006834
2013-07-18,2068.026133303804
2013-07-19,2079.96860297703
2013-07-22,2075.4896879292182
2013-07-23,2071.50819033191
2013-07-24,2058.0733334325923
2013-07-25,2069.0213728285507
2013-07-26,2066.5333414539728
2013-07-29,2062.054426406161
2013-07-30,2060.064217105826
2013-07-31,2059.566395031583
2013-08-01,2076.4849274539656
2013-08-02,2077.480841351612
2013-08-05,2078.973363452283
2013-08-06,2076.4849274539656
2013-08-07,2066.5333414539728
2013-08-08,2077.480841351612
2013-08-09,2068.523011255988
2013-08-12,2062.551708982085
2013-08-13,2064.0453100793948
2013-08-14,2049.6146741570105
2013-08-15,2016.7725790878333
2013-08-16,2004.8299745400268
2013-08-19,1995.8733583156218
2013-08-20,1996.3711803898648
2013-08-21,1980.9458444410534
2013-08-22,1989.4051780895345
2013-08-23,2000.8496908139375
2013-08-26,1977.4623037925683
2013-08-27,1967.0123562200129
2013-08-28,1952.0848423454443
2013-08-29,1960.0471631671614
2013-08-30,1966.0181956919046
2013-09-03,1964.5249992183342
2013-09-04,1976.9644817183248
2013-09-05,1973.9787631440834
2013-09-06,1978.955230516979
2013-09-09,1992.88777461596
2013-09-10,1994.8779839162946
2013-09-11,2009.3091593369986
2013-09-12,2009.8057675400232
2013-09-13,2026.227287135641
2013-09-16,2044.6394206553337
2013-09-17,2051.605153206505
2013-09-18,2075.9875100034615
2013-09-19,2066.5333414539728
2013-09-20,2052.061299035573
2013-09-23,2043.04736111473
2013-09-24,2033.5334431263655
2013-09-25,2016.508359785898
2013-09-26,2027.0239912788422
2013-09-27,2014.5052025258974
2013-09-30,1992.9727456012686
2013-10-01,2004.990340415474
2013-10-02,2000.4849899500107
2013-10-03,1990.4692036500073
2013-10-04,1993.4740744145881
2013-10-07,1986.9634086958463
2013-10-08,1986.9634086958463
2013-10-09,1988.466451013746
2013-10-10,2025.5220279575813
2013-10-11,2031.5306904901045
2013-10-14,2040.0432995976282
2013-10-15,2021.5151739392609
2013-10-16,2051.560509720573
2013-10-17,2074.5949299664626
2013-10-18,2077.599261232724
2013-10-21,2073.092562021462
2013-10-22,2099.1311786590336
2013-10-23,2103.1377629281947
2013-10-24,2099.1311786590336
2013-10-25,2104.138532310716
2013-10-28,2131.6803261407667
2013-10-29,2150.2079123008148
2013-10-30,2131.6803261407667
2013-10-31,2120.663770458242
2013-11-01,2128.6755902507657
2013-11-04,2130.6786126361867
2013-11-05,2134.6850620307678
2013-11-06,2157.719212527498
2013-11-07,2126.1711041774456
2013-11-08,2136.687410043289
2013-11-11,2130.177014073707
2013-11-12,2133.6834834007673
2013-11-13,2151.7090663745967
2013-11-14,2167.2329956412823
2013-11-15,2169.737211965443
2013-11-18,2163.226681121281
2013-11-19,2155.215670576237
2013-11-20,2146.2017326553932
2013-11-21,2150.2079123008148
2013-11-22,2161.224602857919
2013-11-25,2157.719212527498
2013-11-26,2155.7155157691777
2013-11-27,2157.218153463338
2013-11-29,2153.7124933837567
2013-12-02,2142.1946088879126
2013-12-03,2152.711724001236
2013-12-04,2147.703561102074
2013-12-05,2128.174261437446
2013-12-06,2157.218153463338
2013-12-09,2164.729588564601
2013-12-10,2146.2017326553932
2013-12-11,2149.7069881112348
2013-12-12,2120.162711394082
2013-12-13,2116.65813031114
2013-12-16,2116.15734099614
2013-12-17,2106.141284946977
2013-12-18,2141.1930302579126
2013-12-19,2137.1880644837097
2013-12-20,2146.8751614326075
2013-12-23,2144.8574377179825
2013-12-24,2147.8844279136592
2013-12-26,2156.462720941572
2013-12-27,2161.5081092247738
2013-12-30,2167.0575238128913
2013-12-31,2168.5700073513813
2014-01-02,2141.830042898566
2014-01-03,2137.793786221837
2014-01-06,2129.7207333700594
2014-01-07,2141.324532973271
2014-01-08,2125.1803155138336
2014-01-09,2136.2798190629687
2014-01-10,2139.307348756965
2014-01-13,2127.1981741030386
2014-01-14,2138.297273028434
2014-01-15,2138.8031875774686
2014-01-16,2139.307348756965
2014-01-17,2122.656542375594
2014-01-21,2130.7304044748507
2014-01-22,2130.7304044748507
2014-01-23,2112.0614697551155
2014-01-24,2092.888508730463
2014-01-27,2084.311024950029
2014-01-28,2100.4569957790045
2014-01-29,2063.624906013988
2014-01-30,2066.651761335085
2014-01-31,2056.560715019523
2014-02-03,2012.1604079551248
2014-02-04,2022.755210826444
2014-02-05,2024.2687733615726
2014-02-06,2045.9652377753043
2014-02-07,2065.137929050797
2014-02-10,2073.2117911500536
2014-02-11,2097.4291963358482
2014-02-12,2088.3478211250776
2014-02-13,2098.943568118456
2014-02-14,2111.0527427723828
2014-02-18,2098.943568118456
2014-02-19,2094.401666641852
2014-02-20,2103.483311601782
2014-02-21,2098.943568118456
2014-02-24,2106.5119202924175
2014-02-25,2114.5838941475563
2014-02-26,2112.566440182091
2014-02-27,2122.1518416977783
2014-02-28,2136.784924364524
2014-03-03,2125.1803155138336
2014-03-04,2153.939352427072
2014-03-05,2146.8751614326075
2014-03-06,2146.3701910056316
2014-03-07,2152.4245760207255
2014-03-10,2154.444187979468
2014-03-11,2153.4349214984163
2014-03-12,2157.975878852961
2014-03-13,2147.3797272358433
2014-03-14,2148.389263466055
2014-03-17,2161.003543421538
2014-03-18,2165.543961277763
2014-03-19,2148.89490826593
2014-03-20,2156.462720941572
2014-03-21,2155.2454778583847
2014-03-24,2153.2165595536317
2014-03-25,2168.9371359577453
2014-03-26,2163.8659866297917
2014-03-27,2162.3443316198723
2014-03-28,2167.9231488663986
2014-03-31,2183.644264768832
2014-04-01,2180.0942309524785
2014-04-02,2182.629873053745
2014-04-03,2185.165245405852
2014-04-04,2178.065042898566
2014-04-07,2180.0942309524785
2014-04-08,2191.2502469505725
2014-04-09,2200.8858218099663
2014-04-10,2179.0792997390727
2014-04-11,2167.9231488663986
2014-04-14,2185.165245405852
2014-04-15,2190.742579032
2014-04-16,2212.0425121809594
2014-04-17,2212.549505726633
2014-04-21,2213.5634928179797
2014-04-22,2212.549505726633
2014-04-23,2208.9996067848597
2014-04-24,2217.620789929166
2014-04-25,2220.662751203207
2014-04-28,2246.0186327175543
2014-04-29,2236.3835973564805
2014-04-30,2243.4828557417077
2014-05-01,2241.454476935274
2014-05-02,2241.454476935274
2014-05-05,2236.3835973564805
2014-05-06,2222.1844062131267
2014-05-07,2243.4828557417077
2014-05-08,2246.525626263228
2014-05-09,2257.175997461447
2014-05-12,2259.2047808916204
2014-05-13,2263.7678576772614
2014-05-14,2251.59785458782
2014-05-15,2231.82025082168
2014-05-16,2245.51231354478
2014-05-19,2240.9477531387606
2014-05-20,2232.833833289287
2014-05-21,2245.51231354478
2014-05-22,2241.9609309826283
2014-05-23,2245.51231354478
2014-05-27,2251.59785458782
2014-05-28,2248.5540050696613
2014-05-29,2266.3037695276876
2014-05-30,2284.0529944873947
2014-06-02,2278.4743121154484
2014-06-03,2270.361066638874
2014-06-04,2278.4743121154484
2014-06-05,2287.602893429168
2014-06-06,2293.689243719687
2014-06-09,2290.138265781275
2014-06-10,2290.138265781275
2014-06-11,2284.0529944873947
2014-06-12,2267.825154788448
2014-06-13,2267.3177566190348
2014-06-16,2275.9400187599804
2014-06-17,2275.9400187599804
2014-06-18,2302.8162065384486
2014-06-19,2316.001815214195
2014-06-20,2308.9033660764467
2014-06-23,2296.138835839007
2014-06-24,2287.969482537213
2014-06-25,2284.395306171066
2014-06-26,2276.225952869272
2014-06-27,2280.310494645589
2014-06-30,2278.267954008271
2014-07-01,2283.3743056015664
2014-07-02,2289.501118266042
2014-07-03,2302.2661880018013
2014-07-07,2305.8403643679485
2014-07-08,2301.244647933983
2014-07-09,2311.457081371414
2014-07-10,2307.881826008628
2014-07-11,2310.945367215446
2014-07-14,2319.1155297647188
2014-07-15,2298.6920116356546
2014-07-16,2299.202646794984
2014-07-17,2284.906480828715
2014-07-18,2307.881826008628
2014-07-21,2297.1592969101866
2014-07-22,2293.0755643813486
2014-07-23,2290.011483676212
2014-07-24,2296.138835839007
2014-07-25,2286.9484819677136
2014-07-28,2275.204412801453
2014-07-29,2264.992518862341
2014-07-30,2240.9948243671297
2014-07-31,2202.700963905649
2014-08-01,2219.5497661702466
2014-08-04,2226.6986584008605
2014-08-05,2216.996455499019
2014-08-06,2235.8888773975737
2014-08-07,2217.508034780408
2014-08-08,2239.9738237976303
2014-08-11,2255.802299865628
2014-08-12,2254.2709338859586
2014-08-13,2260.907977086024
2014-08-14,2270.098600706477
2014-08-15,2273.1632209099334
2014-08-18,2286.4373073100646
2014-08-19,2292.5643897236996
2014-08-20,2291.0330237440303
2014-08-21,2295.118105018667
2014-08-22,2289.501118266042
2014-08-25,2302.2661880018013
2014-08-26,2300.734282523813
2014-08-27,2301.7552830933123
2014-08-28,2302.7765534119712
2014-08-29,2304.3081891408006
2014-09-02,2305.329998957779
2014-09-03,2306.861634686608
2014-09-04,2314.0094479205827
2014-09-05,2327.285152815672
2014-09-08,2309.9251758934256
2014-09-09,2304.3081891408006
2014-09-10,2315.5421626460507
2014-09-11,2316.5618144697514
2014-09-12,2300.2225683678444
2014-09-15,2311.457081371414
2014-09-16,2328.815979297022
2014-09-17,2323.710976449525
2014-09-18,2328.306423134331
2014-09-19,2334.3185924059303
2014-09-22,2330.207884961121
2014-09-23,2309.653808238758
2014-09-24,2339.4559651525924
2014-09-25,2308.6274126860644
2014-09-26,2317.361890477449
2014-09-29,2316.8488275756818
2014-09-30,2317.876841623334
2014-10-01,2303.4886911936037
2014-10-02,2307.599128889253
2014-10-03,2334.8313855585375
2014-10-06,2335.859399606189
2014-10-07,2321.9862003223443
2014-10-08,2355.898255433508
2014-10-09,2332.262834059786
2014-10-10,2343.566672597401
2014-10-13,2311.1959641848157
2014-10-14,2310.168489635483
2014-10-15,2282.4212818203137
2014-10-16,2265.4653891393114
2014-10-17,2293.2112482086823
2014-10-20,2326.0974472654725
2014-10-21,2335.859399606189
2014-10-22,2340.9978513494902
2014-10-23,2339.4559651525924
2014-10-24,2358.982027827304
2014-10-27,2364.634351719851
2014-10-28,2373.8818924130023
2014-10-29,2369.7719942156727
2014-10-30,2384.673747045489
2014-10-31,2400.088293027913
2014-11-03,2409.337182466863
2014-11-04,2422.181828204737
2014-11-05,2439.138530133218
2014-11-06,2444.2772516256787
2014-11-07,2453.0125386645427
2014-11-10,2463.802774802071
2014-11-11,2459.178195208016
2014-11-12,2459.178195208016
2014-11-13,2467.9137519960395
2014-11-14,2454.0397434647152
2014-11-17,2470.482303494791
2014-11-18,2479.73173243206
2014-11-19,2490.007826671183
2014-11-20,2479.217051035335
2014-11-21,2489.4939545219368
2014-11-24,2487.9523380741985
2014-11-25,2490.007826671183
2014-11-26,2501.312474456277
2014-11-28,2533.168771221297
2014-12-01,2516.72755993702
2014-12-02,2525.461767979245
2014-12-03,2507.4770520031116
2014-12-04,2505.422912151926
2014-12-05,2510.047221996821
2014-12-08,2504.90904000268
2014-12-09,2496.6876251130625
2014-12-10,2473.0519339901807
2014-12-11,2493.605201465065
2014-12-12,2461.7464769576077
2014-12-15,2445.3052656733307
2014-12-16,2436.056106485221
2014-12-17,2471.510047793283
2014-12-18,2518.782239286525
2014-12-19,2516.1945355974344
2014-12-22,2540.5186265758944
2014-12-23,2558.1138247654067
2014-12-24,2555.5263908254765
2014-12-26,2559.665961430374
2014-12-29,2551.903929359741
2014-12-30,2540.5186265758944
2014-12-31,2509.466991554287
2015-01-02,2502.2204501278584
2015-01-05,2484.625251938345
2015-01-06,2481.5198996117724
2015-01-07,2523.957107166387
2015-01-08,2562.2536651194646
2015-01-09,2541.5525751050595
2015-01-12,2533.789194288628
2015-01-13,2533.2728943969446
2015-01-14,2525.508704333034
2015-01-15,2529.64989343289
2015-01-16,2549.833604558973
2015-01-20,2560.183610067856
2015-01-21,2572.6039403775076
2015-01-22,2598.4804377700934
2015-01-23,2569.4988578000944
2015-01-26,2569.4988578000944
2015-01-27,2539.999898941773
2015-01-28,2510.5025585784106
2015-01-29,2530.6851907078544
2015-01-30,2485.143170324987
2015-02-02,2514.641319935829
2015-02-03,2536.89535586268
2015-02-04,2537.930383388484
2015-02-05,2550.868092586458
2015-02-06,2539.482520053451
2015-02-09,2520.334645700652
2015-02-10,2549.833604558973
2015-02-11,2561.7368257294615
2015-02-12,2573.6384284049923
2015-02-13,2561.7368257294615
2015-02-17,2562.2536651194646
2015-02-18,2576.2272110907215
2015-02-19,2559.665961430374
2015-02-20,2566.9116936093237
2015-02-23,2574.156346791634
2015-02-24,2582.9544853847096
2015-02-25,2574.156346791634
2015-02-26,2577.7793477556884
2015-02-27,2588.1296230137314
2015-03-02,2592.78765150359
2015-03-03,2582.9544853847096
2015-03-04,2564.8413688085548
2015-03-05,2573.6384284049923
2015-03-06,2523.440267776384
2015-03-09,2537.413004500162
2015-03-10,2501.1865015986928
2015-03-11,2482.037817998414
2015-03-12,2518.2651301473625
2015-03-13,2498.5982584112826
2015-03-16,2529.1319750462485
2015-03-17,2511.0183189717745
2015-03-18,2528.0977567679233
2015-03-19,2516.7121842349165
2015-03-20,2548.2660921919028
2015-03-23,2552.4315587161323
2015-03-24,2537.8518863830086
2015-03-25,2531.603956345824
2015-03-26,2520.6685951603718
2015-03-27,2536.2900387482923
2015-03-30,2561.8045327685486
2015-03-31,2537.8518863830086
2015-04-01,2540.9753119032816
2015-04-02,2558.1591426242385
2015-04-06,2578.465589617989
2015-04-07,2566.490075672698
2015-04-08,2570.6558119460874
2015-04-09,2577.9455132380695
2015-04-10,2582.6318653896974
2015-04-13,2570.6558119460874
2015-04-14,2576.382586606714
2015-04-15,2569.0942340605307
2015-04-16,2578.465589617989
2015-04-17,2554.5140222290875
2015-04-20,2563.365571155786
2015-04-21,2568.051923307414
2015-04-22,2569.6148499387696
2015-04-23,2560.763031262911
2015-04-24,2561.2825681445115
2015-04-27,2547.224320937106
2015-04-28,2549.8292885724177
2015-04-29,2526.917873943355
2015-04-30,2518.5869408948956
2015-05-01,2541.4970067781596
2015-05-04,2545.1418574241507
2015-05-05,2524.8351406812403
2015-05-06,2532.645727600621
2015-05-07,2538.893657637806
2015-05-08,2560.2416061371937
2015-05-11,2549.8292885724177
2015-05-12,2544.1000861693533
2015-05-13,2543.058854412876
2015-05-14,2582.110710013139
2015-05-15,2590.4421825599184
2015-05-18,2582.110710013139
2015-05-19,2575.341894348556
2015-05-20,2569.6148499387696
2015-05-21,2575.341894348556
2015-05-22,2564.4081516580623
2015-05-26,2544.1000861693533
2015-05-27,2560.2416061371937
2015-05-28,2556.5981042370013
2015-05-29,2540.4555052725223
2015-06-01,2540.4555052725223
2015-06-02,2533.6856106113
2015-06-03,2532.1248419732224
2015-06-04,2513.9003189941077
2015-06-05,2477.972428412437
2015-06-08,2476.9309269067994
2015-06-09,2488.907519848729
2015-06-10,2513.379972865029
2015-06-11,2512.3382016102314
2015-06-12,2502.4446116795766
2015-06-15,2484.2211676971006
2015-06-16,2511.2980488503927
2015-06-17,2524.8351406812403
2015-06-18,2552.952174594371
2015-06-19,2549.389327692932
2015-06-22,2559.344150682841
2015-06-23,2548.341891705781
2015-06-24,2536.8157798605657
2015-06-25,2532.0994855522094
2015-06-26,2537.3399024778805
2015-06-29,2498.0455423830385
2015-06-30,2493.8544496886366
2015-07-01,2525.8129813851865
2015-07-02,2523.717569912565
2015-07-06,2521.6216189416245
2015-07-07,2573.490066367152
2015-07-08,2544.6743821303744
2015-07-09,2546.7708725996345
2015-07-10,2576.633453325244
2015-07-13,2600.733922250304
2015-07-14,2604.9255544430257
2015-07-15,2598.1130394145694
2015-07-16,2624.833312178726
2015-07-17,2623.26175357426
2015-07-20,2627.9777781334565
2015-07-21,2621.6901949697935
2015-07-22,2627.453116017822
2015-07-23,2617.4985627770725
2015-07-24,2602.8290639737656
2015-07-27,2601.256696121821
2015-07-28,2630.596772725073
2015-07-29,2639.502541232873
2015-07-30,2630.596772725073
2015-07-31,2635.835571155786
2015-08-03,2639.502541232873
2015-08-04,2639.502541232873
2015-08-05,2662.5563834182617
2015-08-06,2642.6478164350824
2015-08-07,2627.9777781334565
2015-08-10,2637.9307128792475
2015-08-11,2628.5016310016117
2015-08-12,2630.0731896060774
2015-08-13,2619.5942439988535
2015-08-14,2627.9777781334565
2015-08-17,2630.596772725073
2015-08-18,2617.4985627770725
2015-08-19,2593.3989030994912
2015-08-20,2569.822017293426
2015-08-21,2499.6171009875043
2015-08-24,2412.6464651581755
2015-08-25,2394.3099962777815
2015-08-26,2465.039304950178
2015-08-27,2501.1894688394495
2015-08-28,2495.949321662938
2015-08-31,2478.660558518855
2015-09-01,2427.8400865787976
2015-09-02,2460.847942506616
2015-09-03,2477.612313284225
2015-09-04,2437.271056700551
2015-09-08,2488.09044964397
2015-09-09,2447.224261195502
2015-09-10,2451.416432886543
2015-09-11,2467.6577600434753
2015-09-14,2459.7991577736666
2015-09-15,2489.1381553802803
2015-09-16,2517.429986748903
2015-09-17,2517.429986748903
2015-09-18,2488.3235129179584
2015-09-21,2506.7794806761035
2015-09-22,2479.358939093342
2015-09-23,2483.5772764528747
2015-09-24,2487.796153310727
2015-09-25,2503.615053283555
2015-09-28,2466.7041967639034
2015-09-29,2465.6492078002807
2015-09-30,2488.3235129179584
2015-10-01,2488.3235129179584
2015-10-02,2522.5983806489317
2015-10-05,2565.836743207882
2015-10-06,2548.43522491504
2015-10-07,2571.6371593891095
2015-10-08,2602.219430872823
2015-10-09,2608.02011680321
2015-10-12,2614.874982449741
2015-10-13,2599.055812727753
2015-10-14,2568.999552105473
2015-10-15,2592.201486579542
2015-10-16,2616.9846906278267
2015-10-19,2628.585253241121
2015-10-20,2627.002095422788
2015-10-21,2627.530803775818
2015-10-22,2679.7326611627464
2015-10-23,2675.5135145557347
2015-10-26,2670.2415369783776
2015-10-27,2673.9327844798386
2015-10-28,2658.6412441142425
2015-10-29,2659.6962330778656
2015-10-30,2630.166522815337
2015-11-02,2645.985962286484
2015-11-03,2633.330680458726
2015-11-04,2622.258016950982
2015-11-05,2621.7306573437504
2015-11-06,2593.2556662956854
2015-11-09,2575.854957250323
2015-11-10,2582.7098228968534
2015-11-11,2579.0188451445524
2015-11-12,2544.2176968029867
2015-11-13,2522.0710210417
2015-11-16,2565.3093836006506
2015-11-17,2564.2549341353474
2015-11-18,2599.583981582464
2015-11-19,2606.439386727314
2015-11-20,2587.9828794708496
2015-11-23,2610.656645090208
2015-11-24,2617.5120502350583
2015-11-25,2624.366376383269
2015-11-27,2634.385399673189
2015-11-30,2605.911217872603
2015-12-01,2628.0565448880916
2015-12-02,2614.874982449741
2015-12-03,2601.1652511566795
2015-12-04,2659.6962330778656
2015-12-07,2667.0773793349886
2015-12-08,2660.2219741901386
2015-12-09,2634.912219782101
2015-12-10,2638.0763774254906
2015-12-11,2609.0751057668326
2015-12-14,2634.912219782101
2015-12-15,2651.786648216871
2015-12-16,2702.934865385975
2015-12-17,2668.132638047771
2015-12-18,2620.8572095646123
2015-12-21,2650.6035284023865
2015-12-22,2685.130341848528
2015-12-23,2704.7837261266222
2015-12-24,2702.1285851476046
2015-12-28,2698.410092981013
2015-12-29,2721.782778673178
2015-12-30,2712.2215197072846
2015-12-31,2681.9432555265635
2016-01-04,2647.9481176742092
2016-01-05,2664.945012227487
2016-01-06,2655.915159106221
2016-01-07,2624.0442958865765
2016-01-08,2603.859505763855
2016-01-11,2628.293654399476
2016-01-12,2642.635407973736
2016-01-13,2594.297977048802
2016-01-14,2606.5162652378312
2016-01-15,2565.614200151122
2016-01-19,2596.4227911798316
2016-01-20,2564.0213313630393
2016-01-21,2574.1129171769207
2016-01-22,2618.200450090636
2016-01-25,2594.829652642589
2016-01-26,2618.7326651827425
2016-01-27,2616.0767149562453
2016-01-28,2642.635407973736
2016-01-29,2696.285548599143
2016-02-01,2705.315401720409
2016-02-02,2670.787779026789
2016-02-03,2664.945012227487
2016-02-04,2640.5105938427064
2016-02-05,2636.261505078967
2016-02-08,2629.355656841251
2016-02-09,2646.8858454832744
2016-02-10,2643.69821966299
2016-02-11,2622.4506178510146
2016-02-12,2659.633111774493
2016-02-16,2680.881522833948
2016-02-17,2708.503027540693
2016-02-18,2696.285548599143
2016-02-19,2700.5354466103618
2016-02-22,2713.814388495368
2016-02-23,2713.282443152421
2016-02-24,2721.782778673178
2016-02-25,2752.590560454408
2016-02-26,2713.814388495368
2016-02-29,2704.7837261266222
2016-03-01,2730.812092296125
2016-03-02,2738.7799429756155
2016-03-03,2752.590560454408
2016-03-04,2764.2763638021715
2016-03-07,2747.278660001414
2016-03-08,2755.246780430065
2016-03-09,2775.962706648254
2016-03-10,2777.025248588349
2016-03-11,2786.0545622112954
2016-03-14,2784.461153924893
2016-03-15,2791.3672719117685
2016-03-16,2797.740905057378
2016-03-17,2814.7391483564543
2016-03-18,2811.0551840823055
2016-03-21,2812.6564150943395
2016-03-22,2796.1051461529014
2016-03-23,2796.6392494891256
2016-03-24,2793.4351689700993
2016-03-28,2808.3857463978234
2016-03-29,2829.2087630324168
2016-03-30,2847.895366322113
2016-03-31,2832.9453283927087
2016-04-01,2862.844055505719
2016-04-04,2863.9125319273276
2016-04-05,2844.6912858030873
2016-04-06,2867.115533449715
2016-04-07,2836.1488694134155
2016-04-08,2851.632201431565
2016-04-11,2831.343827631515
2016-04-12,2848.962224248763
2016-04-13,2827.0728891858394
2016-04-14,2814.258185604693
2016-04-15,2831.8776612185798
2016-04-18,2847.895366322113
2016-04-19,2846.292786564281
2016-04-20,2814.258185604693
2016-04-21,2764.0705451933136
2016-04-22,2774.2144623441786
2016-04-25,2793.4351689700993
2016-04-26,2782.2233148959454
2016-04-27,2795.571042816677
2016-04-28,2798.2415594977983
2016-04-29,2792.36804129429
2016-05-02,2824.4034515013564
2016-05-03,2819.0637668849126
2016-05-04,2827.6061832745845
2016-05-05,2828.1400168616487
2016-05-06,2842.5559514548295
2016-05-09,2858.0395532221382
2016-05-10,2886.3373190722746
2016-05-11,2863.3784285911033
2016-05-12,2878.8612211109335
2016-05-13,2842.5559514548295
2016-05-16,2860.7081816591417
2016-05-17,2804.6481020408924
2016-05-18,2772.078588497601
2016-05-19,2799.3092266719273
2016-05-20,2784.892482831268
2016-05-23,2787.5629995123895
2016-05-24,2811.0551840823055
2016-05-25,2815.3269317754607
2016-05-26,2826.5382463512956
2016-05-27,2829.7417873720024
2016-05-31,2811.5892874185297
2016-06-01,2840.420347357411
2016-06-02,2841.48801453154
2016-06-03,2859.641053983332
2016-06-06,2862.844055505719
2016-06-07,2859.641053983332
2016-06-08,2876.7261565118347
2016-06-09,2887.9382803351486
2016-06-10,2890.074423930886
2016-06-13,2866.0489452722245
2016-06-14,2877.2597203497394
2016-06-15,2868.7170342109084
2016-06-16,2883.667881387792
2016-06-17,2872.0117504475966
2016-06-20,2881.1430292529135
2016-06-21,2888.662556828968
2016-06-22,2890.273768559911
2016-06-23,2907.9989858444037
2016-06-24,2852.1382508551796
2016-06-27,2846.2302047592284
2016-06-28,2863.9548825454017
2016-06-29,2897.2564953081437
2016-06-30,2962.249318350164
2016-07-01,2948.283055606219
2016-07-05,2964.93413173675
2016-07-06,2967.6200241199745
2016-07-07,2961.711708274864
2016-07-08,2991.253826998738
2016-07-11,2991.7903580773996
2016-07-12,2975.67689202217
2016-07-13,2992.3276984035406
2016-07-14,2991.7903580773996
2016-07-15,2991.7903580773996
2016-07-18,2988.5679346155134
2016-07-19,2986.4188430601102
2016-07-20,2975.67689202217
2016-07-21,2967.0829535429934
2016-07-22,2981.048407039459
2016-07-25,2977.826523075892
2016-07-26,2954.72952102495
2016-07-27,2910.6848782276284
2016-07-28,2923.5759208209724
2016-07-29,2938.0779053961
2016-08-01,2941.3005986071457
2016-08-02,2937.0040339912975
2016-08-03,2920.8905679360673
2016-08-04,2927.33541485984
2016-08-05,2932.1701290493083
2016-08-08,2928.947166089102
2016-08-09,2938.0779053961
2016-08-10,2948.8198564340405
2016-08-11,2948.8198564340405
2016-08-12,2959.026625139118
2016-08-15,2951.5065580647442
2016-08-16,2938.614975973081
2016-08-17,2946.671574126116
2016-08-18,2956.877803332875
2016-08-19,2949.894537086322
2016-08-22,2954.1919109496494
2016-08-23,2948.283055606219
2016-08-24,2943.449959911709
2016-08-25,2932.1701290493083
2016-08-26,2917.129994900561
2016-08-29,2934.3167928622743
2016-08-30,2917.129994900561
2016-08-31,2920.8905679360673
2016-09-01,2921.9647090900294
2016-09-02,2944.524101065671
2016-09-06,2950.969487487763
2016-09-07,2925.186593053596
2016-09-08,2909.0736664966853
2016-09-09,2830.1153899581996
2016-09-12,2883.291851059157
2016-09-13,2847.840337493533
2016-09-14,2839.2472082618356
2016-09-15,2862.343131316139
2016-09-16,2853.0478450217192
2016-09-19,2847.102573541728
2016-09-20,2854.6693072207313
2016-09-21,2870.342542647316
2016-09-22,2895.7429327730156
2016-09-23,2882.7723141775573
2016-09-26,2858.452269436493
2016-09-27,2870.342542647316
2016-09-28,2875.2061199968734
2016-09-29,2847.102573541728
2016-09-30,2875.7464275637703
2016-10-03,2857.370845055219
2016-10-04,2833.0505305649954
2016-10-05,2830.348453232188
2016-10-06,2835.7528776469626
2016-10-07,2828.187222964598
2016-10-10,2828.187222964598
2016-10-11,2813.594872420968
2016-10-12,2829.267028850914
2016-10-13,2829.808145665291
2016-10-14,2830.348453232188
2016-10-17,2816.836987571513
2016-10-18,2825.484066635152
2016-10-19,2809.270793390829
2016-10-20,2807.6487916934975
2016-10-21,2822.781989302345
2016-10-24,2841.1581113092157
2016-10-25,2851.4255735752276
2016-10-26,2847.6426113594657
2016-10-27,2834.6722625131674
2016-10-28,2846.561726476511
2016-10-31,2853.587882839457
2016-11-01,2841.1581113092157
2016-11-02,2834.1319549462696
2016-11-03,2814.6765665514017
2016-11-04,2789.274288181585
2016-11-07,2836.2937247121795
2016-11-08,2848.1839979230026
2016-11-09,2809.270793390829
2016-11-10,2734.147540655929
2016-11-11,2731.445193573963
2016-11-14,2726.5813464752455
2016-11-15,2743.335736533945
2016-11-16,2743.8765835991617
2016-11-17,2739.0119272529655
2016-11-18,2729.284233055532
2016-11-21,2747.659545814924
2016-11-22,2761.710779544177
2016-11-23,2746.5781214336494
2016-11-25,2768.1966283402257
2016-11-28,2774.142709067696
2016-11-29,2777.9240527885
2016-11-30,2733.607772587351
2016-12-01,2715.773037144016
2016-12-02,2733.0671952712937
2016-12-05,2736.3101196693183
2016-12-06,2744.417160915219
2016-12-07,2783.8698637668103
2016-12-08,2772.520167872045
2016-12-09,2812.513987538013
2016-12-12,2823.86260443614
2016-12-13,2836.8345717773964
2016-12-14,2806.027868992805
2016-12-15,2817.918951451107
2016-12-16,2834.035114997934
2016-12-19,2839.4794622883455
2016-12-20,2834.035114997934
2016-12-21,2833.490761193641
2016-12-22,2829.134312264337
2016-12-23,2834.5794688022274
2016-12-27,2834.035114997934
2016-12-28,2816.6112075248366
2016-12-29,2829.6794753161093
2016-12-30,2815.52223016709
2017-01-03,2825.867649940258
2017-01-04,2825.867649940258
2017-01-05,2835.1235528573607
2017-01-06,2837.846131126306
2017-01-09,2814.978146111957
2017-01-10,2800.8209009629372
2017-01-11,2806.2671364974676
2017-01-12,2803.5432094827233
2017-01-13,2805.1768103939226
2017-01-17,2844.9240793279164
2017-01-18,2854.7254150459507
2017-01-19,2844.3799952727827
2017-01-20,2862.892610354467
2017-01-23,2861.803363247561
2017-01-24,2880.860601882698
2017-01-25,2880.316248078405
2017-01-26,2867.792334091425
2017-01-27,2852.002567027846
2017-01-30,2849.8246123123536
2017-01-31,2863.43696415876
2017-02-01,2841.1127934503847
2017-02-02,2867.248519785451
2017-02-03,2885.760865117976
2017-02-06,2869.970558556077
2017-02-07,2893.3837066221986
2017-02-08,2905.361378560767
2017-02-09,2917.340399245134
2017-02-10,2919.5183539606264
2017-02-13,2919.5183539606264
2017-02-14,2920.0635170123987
2017-02-15,2946.74224840596
2017-02-16,2950.5543435309705
2017-02-17,2965.254863487644
2017-02-21,2991.935483125323
2017-02-22,2992.4798369296163
2017-02-23,2999.5580548803864
2017-02-24,3009.9026654060754
2017-02-27,2996.291122807148
2017-02-28,3000.102678433839
2017-03-01,3014.259384084539
2017-03-02,3013.713951283607
2017-03-03,3002.280633149331
2017-03-06,2989.212365358059
2017-03-07,2985.401079480527
2017-03-08,2978.8672153340503
2017-03-09,2983.7682878168066
2017-03-10,2997.3801001648944
2017-03-13,2999.5580548803864
2017-03-14,2990.8465057675767
2017-03-15,3013.169597479314
2017-03-16,3017.525506910298
2017-03-17,3009.315960983708
2017-03-20,3015.3356832317786
2017-03-21,3012.599078006528
2017-03-22,3006.5788162601384
2017-03-23,3000.0104242212187
2017-03-24,2993.9890834781895
2017-03-27,2991.253826998738
2017-03-28,2996.726228201759
2017-03-29,3002.199708401419
2017-03-30,2996.1797164041877
2017-03-31,2987.42096118843
2017-04-03,2982.4956112812993
2017-04-04,2991.253826998738
2017-04-05,2985.7795375515993
2017-04-06,2985.7795375515993
2017-04-07,2993.9890834781895
2017-04-10,3002.747029446469
2017-04-11,3003.8422110348884
2017-04-12,3015.3356832317786
2017-04-13,3001.6518478580497
2017-04-17,3022.9995266082774
2017-04-18,3036.6830922328472
2017-04-19,3025.1888107884774
2017-04-20,3019.1672002962887
2017-04-21,3010.4097938263285
2017-04-24,3037.7774645737873
2017-04-25,3049.819067063207
2017-04-26,3025.1888107884774
2017-04-27,3021.3572937239683
2017-04-28,3020.2631911321873
2017-05-01,3008.768370189498
2017-05-02,2988.51560327853
2017-05-03,2991.253826998738
2017-05-04,3014.2410411416786
2017-05-05,3022.451935814068
2017-05-08,3021.3572937239683
2017-05-09,3010.4097938263285
2017-05-10,3012.599078006528
2017-05-11,3016.9779161160886
2017-05-12,3008.221318893608
2017-05-15,3018.072827955348
2017-05-16,3015.3356832317786
2017-05-17,3010.9576543696976
2017-05-18,3013.146938549898
2017-05-19,3029.566839650558
2017-05-22,3046.535140792907
2017-05-23,3049.819067063207
2017-05-24,3061.8601300543073
2017-05-25,3081.017715376856
2017-05-26,3092.511457322906
2017-05-30,3091.4173547311257
2017-05-31,3100.1755704485645
2017-06-01,3125.353687266663
2017-06-02,3134.6581450325134
2017-06-05,3137.942071302814
2017-06-06,3130.2784976754747
2017-06-07,3129.184395083694
2017-06-08,3105.649320397384
2017-06-09,3101.817263834555
2017-06-12,3101.269942789505
2017-06-13,3106.196371693274
2017-06-14,3125.900199064234
2017-06-15,3118.785295227744
2017-06-16,3086.0218320386216
2017-06-19,3100.914413397008
2017-06-20,3088.7800171966483
2017-06-21,3079.953824690963
2017-06-22,3059.5473007589603
2017-06-23,3060.650305073011
2017-06-26,3072.783892025892
2017-06-27,3046.3090909970706
2017-06-28,3057.3402131342195
2017-06-29,3024.797674506899
2017-06-30,3030.3135053246333
2017-07-03,3027.5553201666066
2017-07-05,3025.3493115385045
2017-07-06,3008.2507215520163
2017-07-07,3006.5960802063596
2017-07-10,2985.636840246113
2017-07-11,2977.362824270352
2017-07-12,2993.910046974395
2017-07-13,2994.4616840060003
2017-07-14,3018.1793788734335
2017-07-17,3021.4886615647456
2017-07-18,3021.4886615647456
2017-07-19,3032.5200534510545
2017-07-20,3033.0698022385423
2017-07-21,3038.0361540179483
2017-07-24,3028.106687449052
2017-07-25,3049.066466907618
2017-07-26,3048.514829876013
2017-07-27,3078.2997228436257
2017-07-28,3052.3765588464103
2017-07-31,3051.2732847831994
2017-08-01,3047.963732342727
2017-08-02,3045.7571842163056
2017-08-03,3042.9992688074385
2017-08-04,3034.725522580837
2017-08-07,3057.3402131342195
2017-08-08,3045.7571842163056
2017-08-09,3050.7213780024344
2017-08-10,3038.0361540179483
2017-08-11,3040.241083649412
2017-08-14,3055.1333952586383
2017-08-15,3070.57761364863
2017-08-16,3081.0581777508123
2017-08-17,3052.927386630536
2017-08-18,3044.653910153095
2017-08-21,3055.6850322902437
2017-08-22,3056.2374785693282
2017-08-23,3047.4129045586005
2017-08-24,3005.492806143149
2017-08-25,3015.420923966247
2017-08-28,3006.5960802063596
2017-08-29,3017.0758350610636
2017-08-30,3016.5241980294577
2017-08-31,3017.627741841828
2017-09-01,3031.9689559177687
2017-09-05,3036.3809731739725
2017-09-06,3049.066466907618
2017-09-07,3053.4787539129825
2017-09-08,3038.5867120529156
2017-09-11,3057.3402131342195
2017-09-12,3063.958778516845
2017-09-13,3065.613689611661
2017-09-14,3059.5473007589603
2017-09-15,3064.874576914058
2017-09-18,3069.3146480828714
2017-09-19,3059.8801712220416
2017-09-20,3030.4626766099523
2017-09-21,3001.6016745143434
2017-09-22,2992.720453180077
2017-09-25,3014.3667442501037
2017-09-26,3021.5819947740056
2017-09-27,2998.2716211377333
2017-09-28,2998.2716211377333
2017-09-29,2996.0510460550067
2017-10-02,2990.50041759567
2017-10-03,2993.8315499689193
2017-10-04,3003.266026829749
2017-10-05,3016.588128580309
2017-10-06,2986.615759946698
2017-10-09,2978.289952132273
2017-10-10,3004.376853869432
2017-10-11,3010.482086601131
2017-10-12,3023.2471563368904
2017-10-13,3028.798594043706
2017-10-16,3029.9086118359096
2017-10-17,3018.8076246663964
2017-10-18,3014.921888020785
2017-10-19,2998.8270346575746
2017-10-20,2991.6112446353527
2017-10-23,2989.3906695526266
2017-10-24,2978.845095902954
2017-10-25,2970.5200973360083
2017-10-26,2972.7390539237763
2017-10-27,2947.2083749539374
2017-10-30,2922.232300256461
2017-10-31,2946.653770681575
2017-11-01,2956.088517291565
2017-11-02,2948.8727272693436
2017-11-03,2949.4284105383445
2017-11-06,2917.7922290876477
2017-11-07,2950.538428330548
2017-11-08,2982.730562799406
2017-11-09,2982.1751492795647
2017-11-10,3012.7021221855375
2017-11-13,3029.9086118359096
2017-11-14,3040.4536459872625
2017-11-15,3008.2617812675644
2017-11-16,3049.889201844731
2017-11-17,3039.343628195059
2017-11-20,3036.013305069289
2017-11-21,3046.0040046974395
2017-11-22,3042.119347048467
2017-11-24,3039.898232467421
2017-11-27,3041.5639335286255
2017-11-28,3066.5397384769426
2017-11-29,3082.6359405859516
2017-11-30,3110.941798910879
2017-12-01,3118.7124629546224
2017-12-04,3148.128339071753
2017-12-05,3143.134203128897
2017-12-06,3163.115062886878
2017-12-07,3132.588359730065
2017-12-08,3140.91416754449
2017-12-11,3140.359293522968
2017-12-12,3140.91416754449
2017-12-13,3158.674991718064
2017-12-14,3144.7993646917816
2017-12-15,3180.4726120666874
2017-12-18,3178.7958512899345
2017-12-19,3182.709372098996
2017-12-20,3177.1180115165434
2017-12-21,3174.8812514842343
2017-12-22,3179.9139615569293
2017-12-26,3187.1831619127734
2017-12-27,3186.6237021555366
2017-12-28,3181.5920710794803
2017-12-29,3181.0326113222436
2018-01-02,3161.4623097853396
2018-01-03,3160.344469267505
2018-01-04,3169.290700149261
2018-01-05,3183.269101605393
2018-01-08,3191.096682721835
2018-01-09,3186.6237021555366
2018-01-10,3170.9677306751732
2018-01-11,3166.494480359715
2018-01-12,3167.6123208775502
2018-01-16,3182.1507215892384
2018-01-17,3218.4961838701392
2018-01-18,3208.9907629803056
2018-01-19,3244.77622600565
2018-01-22,3269.3786981169296
2018-01-23,3258.755166960102
2018-01-24,3265.464637809549
2018-01-25,3267.141938084621
2018-01-26,3282.798449063304
2018-01-29,3269.938157874167
2018-01-30,3248.1310963049546
2018-01-31,3233.0337753343483
2018-02-01,3219.054834379897
2018-02-02,3157.5477099796394
2018-02-05,3042.921041551123
2018-02-06,3076.4708235407975
2018-02-07,3063.0508028452637
2018-02-08,2997.0701583803884
2018-02-09,3003.2212484692377
2018-02-12,3033.973731672728
2018-02-13,3047.952672627179
2018-02-14,3046.2759118504264
2018-02-15,3096.599775587459
2018-02-16,3108.9011465176786
2018-02-20,3038.4477912356647
2018-02-21,3002.102598703923
2018-02-22,3009.931528566164
2018-02-23,3039.007790491221
2018-02-26,3058.017823023409
2018-02-27,3017.758839933447
2018-02-28,2986.44662722356
2018-03-01,2979.736886624953
2018-03-02,3004.8985487443097
2018-03-05,3031.178321130661
2018-03-06,3033.4156206612893
2018-03-07,3006.0171985096235
2018-03-08,3033.4156206612893
2018-03-09,3052.9856524490333
2018-03-12,3047.394022117421
2018-03-13,3045.157262085112
2018-03-14,3014.4045091324624
2018-03-15,2993.156637571327
2018-03-16,2994.2240349962963
2018-03-19,2964.984844578775
2018-03-20,2956.5511371004663
2018-03-21,2920.0017444548253
2018-03-22,2895.8235877717684
2018-03-23,2859.8358128766426
2018-03-26,2900.884351757073
2018-03-27,2899.196801013932
2018-03-28,2939.1199464000565
2018-03-29,2959.362462842955
2018-04-02,2886.825834800508
2018-04-03,2925.06250844013
2018-04-04,2970.6083053112334
2018-04-05,2977.9182377901934
2018-04-06,2947.553384129206
2018-04-09,2945.8671821318635
2018-04-10,2952.61441786367
2018-04-11,2946.9920361278505
2018-04-12,2942.4939688896993
2018-04-13,2957.1135640984603
2018-04-16,2989.1643500076307
2018-04-17,2995.9121252377568
2018-04-18,2973.420440301202
2018-04-19,2887.388531547661
2018-04-20,2839.030869435749
2018-04-23,2835.6573864444254
2018-04-24,2817.664577993501
2018-04-25,2822.7242629821667
2018-04-26,2839.5941056812217
2018-04-27,2854.7755883896566
2018-04-30,2836.781161443774
2018-05-01,2812.041117261043
2018-05-02,2756.935410169845
2018-05-03,2754.1240844273552
2018-05-04,2794.047769311799
2018-05-07,2776.6163088622293
2018-05-08,2765.370466393952
2018-05-09,2769.30556713579
2018-05-10,2785.612713087691
2018-05-11,2785.612713087691
2018-05-14,2784.4886683391833
2018-05-15,2773.8055226180595
2018-05-16,2793.4858818121247
2018-05-17,2803.044173537261
2018-05-18,2785.612713087691
2018-05-21,2797.421252303122
2018-05-22,2792.360218568658
2018-05-23,2802.481476790108
2018-05-24,2800.2328477947717
2018-05-25,2804.731184782083
2018-05-29,2798.54610629911
2018-05-30,2837.906285188921
2018-05-31,2792.360218568658
2018-06-01,2792.360218568658
2018-06-04,2815.414060754047
2018-06-05,2802.481476790108
2018-06-06,2805.85630852723
2018-06-07,2823.28695972932
2018-06-08,2858.1488016318203
2018-06-11,2881.764801066043
2018-06-12,2887.388531547661
2018-06-13,2878.392127322199
2018-06-14,2883.4520820600246
2018-06-15,2920.511300617516
2018-06-18,2878.0125902544883
2018-06-19,2893.3133020915143
2018-06-20,2896.1453985193016
2018-06-21,2901.812828364792
2018-06-22,2925.6109084818186
2018-06-25,2940.344068086817
2018-06-26,2927.8776106708556
2018-06-27,2921.644786586614
2018-06-28,2921.644786586614
2018-06-29,2919.945636629606
2018-07-02,2902.945774835571
2018-07-03,2909.745072155202
2018-07-05,2949.977080329193
2018-07-06,2959.0438890853393
2018-07-09,2947.7106478893156
2018-07-10,2982.8422389515254
2018-07-11,2973.210035956629
2018-07-12,2969.2431048139447
2018-07-13,2988.5093990478567
2018-07-16,2974.343252176567
2018-07-17,2999.8418309964004
2018-07-18,2975.4759288981863
2018-07-19,2977.1766973501526
2018-07-20,2995.3092358658064
2018-07-23,2976.609145118125
2018-07-24,2982.2763052144555
2018-07-25,3004.9417086098633
2018-07-26,3020.8080844347996
2018-07-27,3024.7750155774834
2018-07-30,3021.3750971685085
2018-07-31,3035.541244039798
2018-08-01,3010.041586223326
2018-08-02,3040.6408519041006
2018-08-03,3076.3399951983383
2018-08-06,3079.1734403719242
2018-08-07,3060.4736193734016
2018-08-08,3037.2412032442853
2018-08-09,3028.1746642372987
2018-08-10,3016.8414230412754
2018-08-13,3016.8414230412754
2018-08-14,3037.8076764796747
2018-08-15,3050.2746733939557
2018-08-16,3093.9060604786027
2018-08-17,3117.7060288397474
2018-08-20,3116.004990638621
2018-08-21,3093.9060604786027
2018-08-22,3074.6394964955316
2018-08-23,3067.2737259405117
2018-08-24,3063.3070645469875
2018-08-27,3065.0072935006347
2018-08-28,3054.8075382737097
2018-08-29,3058.2066474352055
2018-08-30,3048.5744444403085
2018-08-31,3047.4412282203702
2018-09-04,3043.4742970776865
2018-09-05,3078.6064276382153
2018-09-06,3087.1062236606526
2018-09-07,3080.8725903289323
2018-09-10,3091.639358289566
2018-09-11,3080.3069263410225
2018-09-12,3116.004990638621
2018-09-13,3111.4718560097076
2018-09-14,3102.97232973643
2018-09-17,3114.305570932453
2018-09-18,3101.2726402811018
2018-09-19,3095.6052104356113
2018-09-20,3134.705620884622
2018-09-21,3139.7270014926094
2018-09-24,3091.7923060631215
2018-09-25,3073.5302879508067
2018-09-26,3076.9542140349963
2018-09-27,3072.959768478022
2018-09-28,3077.52554275526
2018-10-01,3075.242655616641
2018-10-02,3092.9333450086915
2018-10-03,3059.8353928615297
2018-10-04,3052.417290969526
2018-10-05,3049.563884358122
2018-10-08,3091.7923060631215
2018-10-09,3084.943644647264
2018-10-10,3047.8520561906066
2018-10-11,2972.5256823384466
2018-10-12,2989.075063035766
2018-10-15,3007.334923154803
2018-10-16,3041.0042040222293
2018-10-17,3055.270158082611
2018-10-18,3051.276252023956
2018-10-19,3120.8958126533093
2018-10-22,3097.4983100384507
2018-10-23,3111.193744626047
2018-10-24,3124.3191992391785
2018-10-25,3131.738110378661
2018-10-26,3071.8195387799315
2018-10-29,3107.199838567393
2018-10-30,3168.829429086158
2018-10-31,3139.1554030231855
2018-11-01,3161.4121364416337
2018-11-02,3144.8627557443133
2018-11-05,3184.2372313395886
2018-11-06,3203.6394791499943
2018-11-07,3221.9006880148295
2018-11-08,3223.6119766840247
2018-11-09,3242.4437050216447
2018-11-12,3225.3243443498586
2018-11-13,3217.9059727086956
2018-11-14,3196.2211075088308
2018-11-15,3191.085623006287
2018-11-16,3199.074514120235
2018-11-19,3193.9390296176907
2018-11-20,3140.8675009398603
2018-11-21,3115.759249154126
2018-11-23,3126.601816628638
2018-11-26,3130.596262185612
2018-11-27,3158.55846008107
2018-11-28,3184.808020561534
2018-11-29,3189.9440445623973
2018-11-30,3210.4881405658516
2018-12-03,3213.3410076789364
2018-12-04,3159.128979553855
2018-12-06,3162.552366139725
2018-12-07,3122.6073710716637
2018-12-10,3122.6073710716637
2018-12-11,3148.286412079343
2018-12-12,3144.291696773209
2018-12-13,3163.6942143327738
2018-12-14,3110.0527056804767
2018-12-17,3038.1505276616654
2018-12-18,3002.1988991539397
2018-12-19,2973.096741309551
2018-12-20,2920.0249428825605
2018-12-21,2889.7342702404926
2018-12-24,2806.2334178525034
2018-12-26,2884.552658631638
2018-12-27,2912.193855027042
2018-12-28,2912.193855027042
2018-12-31,2924.2867098568063
2019-01-02,2907.0111644215485
2019-01-03,2890.310993943951
2019-01-04,2951.9292549980087
2019-01-07,2947.897853806154
2019-01-08,2974.964214742218
2019-01-09,2947.3216696010154
2019-01-10,2964.598294032912
2019-01-11,2973.23674112344
2019-01-14,2958.8394192222795
2019-01-15,2988.2097077314197
2019-01-16,2972.084642462322
2019-01-17,2984.753681497225
2019-01-18,3020.4582197746568
2019-01-22,2992.8164838809334
2019-01-23,3028.520482660046
2019-01-24,2991.088201014676
2019-01-25,2978.994536937433
2019-01-28,2991.6635759723363
2019-01-29,2998.5745494440866
2019-01-30,3018.730746155879
2019-01-31,3074.590132399305
2019-02-01,3064.8003958951376
2019-02-04,3084.379599154312
2019-02-05,3084.9560531086104
2019-02-06,3085.53169781543
2019-02-07,3083.228309740673
2019-02-08,3097.625631641833
2019-02-11,3105.687355028903
2019-02-12,3129.87441343423
2019-02-13,3135.633018495703
2019-02-14,3100.5049341725694
2019-02-15,3129.87441343423
2019-02-19,3145.9983997066893
2019-02-20,3140.2397946452165
2019-02-21,3149.454156191724
2019-02-22,3134.4819988312233
2019-02-25,3117.2051046501674
2019-02-26,3118.932848018105
2019-02-27,3114.325802119431
2019-02-28,3129.2979594799317
2019-03-01,3123.53881492014
2019-03-04,3118.357473060445
2019-03-05,3116.0527362398893
2019-03-06,3111.446229839535
2019-03-07,3091.290842375222
2019-03-08,3093.0185857431593
2019-03-11,3133.329090922626
2019-03-12,3134.4819988312233
2019-03-13,3152.33345872246
2019-03-14,3149.454156191724
2019-03-15,3167.28781263842
2019-03-18,3171.920484707266
2019-03-19,3169.6044184220027
2019-03-20,3156.2860931596792
2019-03-21,3193.3439629713725
2019-03-22,3189.291251595901
2019-03-25,3195.6594897583163
2019-03-26,3222.87421273222
2019-03-27,3211.8735722501183
2019-03-28,3227.506884801066
2019-03-29,3248.9306328143325
2019-04-01,3237.929452833911
2019-04-02,3211.2941510550627
2019-04-03,3195.6594897583163
2019-04-04,3207.820591125487
2019-04-05,3218.820961858429
2019-04-08,3232.138477873273
2019-04-09,3228.0871152436007
2019-04-10,3237.3508408863345
2019-04-11,3243.720158045389
2019-04-12,3254.1419168307543
2019-04-15,3273.250138057076
2019-04-16,3273.829289502972
2019-04-17,3290.0417534998155
2019-04-18,3292.936701481815
2019-04-22,3294.095274122766
2019-04-23,3283.672706089921
2019-04-24,3290.6209049457116
2019-04-25,3269.7768478766607
2019-04-26,3299.306827888349
2019-04-29,3303.360078762139
2019-04-30,3341.575711967304
2019-05-01,3300.4648610309805
2019-05-02,3299.306827888349
2019-05-03,3324.2046753295094
2019-05-06,3318.9933913130867
2019-05-07,3285.9890421243445
2019-05-08,3285.409620929289
2019-05-09,3278.4619615718184
2019-05-10,3318.4147793655106
2019-05-13,3287.1465357686566
2019-05-14,3302.780387817924
2019-05-15,3328.8362684017166
2019-05-16,3354.8932279821483
2019-05-17,3343.8915085034077
2019-05-20,3335.785276504986
2019-05-21,3328.8362684017166
2019-05-22,3343.8915085034077
2019-05-23,3342.734284608255
2019-05-24,3330.573722739404
2019-05-28,3276.145086039076
2019-05-29,3252.4052717405466
2019-05-30,3266.3016694521266
2019-05-31,3219.9800739976995
2019-06-03,3260.511773488128
2019-06-04,3290.0417534998155
2019-06-05,3327.678235259085
2019-06-06,3362.4211177821535
2019-06-07,3394.84658527416
2019-06-10,3396.004348667632
2019-06-11,3407.0063378955324
2019-06-12,3412.217352162795
2019-06-13,3419.744432715321
2019-06-14,3421.4816173038485
2019-06-17,3411.63766121858
2019-06-18,3393.1102099331115
2019-06-19,3407.0063378955324
2019-06-20,3437.114929854796
2019-06-21,3425.971861816368
2019-06-24,3434.7222548081754
2019-06-25,3432.972931507461
2019-06-26,3383.9643646731706
2019-06-27,3390.3811576843336
2019-06-28,3388.0480972020086
2019-07-01,3408.468648090316
2019-07-02,3438.223868650361
2019-07-03,3480.815102975169
2019-07-05,3465.6452194806016
2019-07-08,3470.31268919105
2019-07-09,3449.8926778010623
2019-07-10,3472.063091488403
2019-07-11,3480.815102975169
2019-07-12,3490.7340493268366
2019-07-15,3498.9020538828318
2019-07-16,3500.0697979952133
2019-07-17,3495.9849864697367
2019-07-18,3519.32206527282
2019-07-19,3497.1519213346387
2019-07-22,3476.7313704463313
2019-07-23,3501.819660794247
2019-07-24,3478.481233245365
2019-07-25,3483.1489727049734
2019-07-26,3522.2399419333947
2019-07-29,3528.6575441920368
2019-07-30,3539.1591487286764
2019-07-31,3467.3956217779546
2019-08-01,3455.144424191441
2019-08-02,3455.7265428780934
2019-08-05,3365.876604518029
2019-08-06,3396.2152925105247
2019-08-07,3435.8899989205565
2019-08-08,3480.231905291878
2019-08-09,3460.9780195193125
2019-08-12,3437.640940716229
2019-08-13,3476.7313704463313
2019-08-14,3421.8873200400512
2019-08-15,3473.2308356007848
2019-08-16,3512.904463014178
2019-08-19,3547.910890466282
2019-08-20,3509.404197917791
2019-08-21,3518.7396768370077
2019-08-22,3537.409016180483
2019-08-23,3478.481233245365
2019-08-26,3521.655935002624
2019-08-27,3511.737258400116
2019-08-28,3545.5775602347976
2019-08-29,3547.3271532846716
2019-08-30,3542.6599533233825
2019-09-03,3563.08050421169
2019-09-04,3595.1701339998585
2019-09-05,3572.9986413158786
2019-09-06,3584.66772021574
2019-09-09,3576.4997156597447
2019-09-10,3554.3290322232438
2019-09-11,3567.1645064896875
2019-09-12,3581.7503830534847
2019-09-13,3561.330101914337
2019-09-16,3526.9071418946837
2019-09-17,3546.1610276672486
2019-09-18,3551.9951624934397
2019-09-19,3551.411964810148
2019-09-20,3540.1431936632957
2019-09-23,3554.228685535832
2019-09-24,3568.9008818307357
2019-09-25,3571.2490482660046
2019-09-26,3591.2026633588553
2019-09-27,3587.094383656484
2019-09-30,3604.7019903073437
2019-10-01,3595.3109430612267
2019-10-02,3523.1233704314423
2019-10-03,3547.7730486456708
2019-10-04,3603.5275024659695
2019-10-07,3574.183379625322
2019-10-08,3540.1431936632957
2019-10-09,3567.1404988144736
2019-10-10,3574.183379625322
2019-10-11,3570.6618043453177
2019-10-14,3553.055006941937
2019-10-15,3537.795836475506
2019-10-16,3541.3168722571904
2019-10-17,3557.7502608158356
2019-10-18,3564.7934113758433
2019-10-21,3576.530736813111
2019-10-22,3577.7041456578463
2019-10-23,3594.137264467332
2019-10-24,3606.462373323606
2019-10-25,3585.3340006402213
2019-10-28,3578.2911198293737
2019-10-29,3578.2911198293737
2019-10-30,3594.7239688896993
2019-10-31,3589.4422803425928
2019-11-01,3588.855036421906
2019-11-04,3554.228685535832
2019-11-05,3565.9662807222594
2019-11-06,3580.638746766323
2019-11-07,3568.3136379100492
2019-11-08,3565.9662807222594
2019-11-11,3560.6843224259924
2019-11-12,3572.4227268598993
2019-11-13,3599.420032011077
2019-11-14,3598.2452744205434
2019-11-15,3599.420032011077
2019-11-18,3618.199698760873
2019-11-19,3613.5047146361344
2019-11-20,3621.7210042917177
2019-11-21,3603.5275024659695
2019-11-22,3597.6591094964956
2019-11-25,3601.767119449707
2019-11-26,3631.1109725411957
2019-11-27,3639.9139666191463
2019-11-29,3638.7416367710503
2019-12-02,3646.957926426633
2019-12-03,3641.08872420968
2019-12-04,3665.151967750701
2019-12-05,3663.9774799093266
2019-12-06,3678.062971781863
2019-12-09,3680.9975728903396
2019-12-10,3669.259438205593
2019-12-11,3674.5413965018593
2019-12-12,3671.6076046408616
2019-12-13,3684.519417919503
2019-12-16,3697.430691699825
2019-12-17,3691.5614894828723
2019-12-18,3685.6928267642384
2019-12-19,3705.646711606249
2019-12-20,3733.634805421039
2019-12-23,3717.65891143726
2019-12-24,3722.392739440997
2019-12-26,3725.942368633611
2019-12-27,3742.510362022951
2019-12-30,3722.9837598499203
2019-12-31,3726.5341982900127
2020-01-02,3696.9491894497446
2020-01-03,3691.031971882363
2020-01-06,3698.724138920631
2020-01-07,3670.323328891486
2020-01-08,3683.9316345004972
2020-01-09,3709.9664746498324
2020-01-10,3707.600235020863
2020-01-13,3731.8593164518325
2020-01-14,3733.043515262956
2020-01-15,3759.669645570374
2020-01-16,3769.7283219867713
2020-01-17,3776.238178458034
2020-01-21,3789.2543846614826
2020-01-22,3792.213263194333
2020-01-23,3788.66336425256
2020-01-24,3762.6285241032247
2020-01-27,3750.793819219302
2020-01-28,3755.527916972199
2020-01-29,3736.593683953889
2020-01-30,3780.9717367126113
2020-01-31,3738.3680939264564
2020-02-03,3738.3680939264564
2020-02-04,3760.8527653848587
2020-02-05,3791.029873630689
2020-02-06,3797.538381356153
2020-02-07,3802.2719396107304
2020-02-10,3818.248642841988
2020-02-11,3804.047968078256
2020-02-12,3802.2719396107304
2020-02-13,3824.7568808182923
2020-02-14,3833.6318979218854
2020-02-18,3820.0227830653957
2020-02-19,3815.881863714699
2020-02-20,3818.8399330000707
2020-02-21,3825.3484407255346
2020-02-24,3737.184704362812
2020-02-25,3669.7301504892857
2020-02-26,3649.0209680000894
2020-02-27,3500.5046336406645
2020-02-28,3431.2756697945706
2020-03-02,3614.703210152723
2020-03-03,3565.5913293902636
2020-03-04,3740.735682301224
2020-03-05,3670.323328891486
2020-03-06,3641.3296102093004
2020-03-09,3482.7532506876796
2020-03-10,3582.7511524360057
2020-03-11,3407.0165883636005
2020-03-12,3086.9049907875096
2020-03-13,3349.621250404791
2020-03-16,3122.4066776968402
2020-03-17,3385.7147669705237
2020-03-18,3298.7344201714454
2020-03-19,3188.678111755882
2020-03-20,2982.1754190287243
2020-03-23,2893.922395694138
2020-03-24,3041.505397960969
2020-03-25,3033.1731161667108
2020-03-26,3199.204263466055
2020-03-27,3184.3267880606127
2020-03-30,3308.699493629423
2020-03-31,3241.4548046021505
2020-04-01,3186.7059756492486
2020-04-02,3268.233612933964
2020-04-03,3293.8222879731406
2020-04-06,3416.4116818471134
2020-04-07,3377.135394945972
2020-04-08,3427.1223419825274
2020-04-09,3459.258098877007
2020-04-13,3433.66996333615
2020-04-14,3579.4661471690674
2020-04-15,3522.9331972738473
2020-04-16,3546.14079648027
2020-04-17,3600.2945587868544
2020-04-20,3529.478390885032
2020-04-21,3454.4975657064583
2020-04-22,3487.8221071477756
2020-04-23,3456.8772927934133
2020-04-24,3493.7733131092805
2020-04-27,3503.889446096696
2020-04-28,3523.527454672687
2020-04-29,3508.649979267244
2020-04-30,3466.993695529988
2020-05-01,3428.9075419214837
2020-05-04,3427.1223419825274
2020-05-05,3430.0984844616
2020-05-06,3392.6076672485733
2020-05-07,3383.0860614091575
2020-05-08,3458.6624927323687
2020-05-11,3453.9027688092997
2020-05-12,3424.742884644733
2020-05-13,3393.7986097886896
2020-05-14,3385.466597743591
2020-05-15,3415.221009056157
2020-05-18,3469.3742318644217
2020-05-19,3405.70021246422
2020-05-20,3446.1652839122003
2020-05-21,3408.079939551175
2020-05-22,3419.981542226705
2020-05-26,3438.4294175100595
2020-05-27,3490.20237373305
2020-05-28,3521.1466485890933
2020-05-29,3524.7175879653237
2020-06-01,3549.116399461023
2020-06-02,3558.637735551279
2020-06-03,3563.398268721827
2020-06-04,3546.14079648027
2020-06-05,3595.533216368827
2020-06-08,3634.2141668744903
2020-06-09,3604.459485812765
2020-06-10,3594.34308307619
2020-06-11,3458.0674260860496
2020-06-12,3458.6624927323687
2020-06-15,3498.5333067815095
2020-06-16,3553.281596236093
2020-06-17,3547.926805666705
2020-06-18,3566.37387170258
2020-06-19,3547.926805666705
2020-06-22,3537.791250739791
2020-06-23,3532.393839803169
2020-06-24,3473.019891757892
2020-06-25,3497.6091461603455
2020-06-26,3426.2413412269175
2020-06-29,3491.0127002088166
2020-06-30,3516.800719877018
2020-07-01,3519.799791034665
2020-07-02,3537.791250739791
2020-07-06,3555.1827883137234
2020-07-07,3587.568063180933
2020-07-08,3578.5724682029504
2020-07-09,3550.3858390066143
2020-07-10,3615.7555016247484
2020-07-13,3610.3578209389666
2020-07-14,3663.133974286916
2020-07-15,3666.1327756954033
2020-07-16,3673.92906590932
2020-07-17,3693.720561757185
2020-07-20,3656.537528335387
2020-07-21,3688.322341573084
2020-07-22,3717.7088150318064
2020-07-23,3730.9030556806633
2020-07-24,3726.105566875235
2020-07-27,3744.696948711554
2020-07-28,3758.490571993285
2020-07-29,3763.887713180747
2020-07-30,3763.887713180747
2020-07-31,3760.290338386865
2020-08-03,3750.0946293973357
2020-08-04,3796.87317992831
2020-08-05,3789.076889714394
2020-08-06,3788.476967583201
2020-08-07,3808.8675763147803
2020-08-10,3828.6588024134862
2020-08-11,3802.2703211157723
2020-08-12,3851.44829042236
2020-08-13,3848.450028512192
2020-08-14,3847.8503761301586
2020-08-17,3869.4402896258052
2020-08-18,3885.033139802797
2020-08-19,3854.4476313291666
2020-08-20,3846.6508016169314
2020-08-21,3856.246588475268
2020-08-24,3889.2309762261916
2020-08-25,3880.835303379402
2020-08-26,3885.6327921848306
2020-08-27,3909.6218547069316
2020-08-28,3944.4054693531157
2020-08-31,3933.011264846998
2020-09-01,3937.208831521233
2020-09-02,4008.5771759529807
2020-09-03,3939.6085200460066
2020-09-04,3930.612385569704
2020-09-08,3847.8503761301586
2020-09-09,3903.623442642477
2020-09-10,3855.645857096595
2020-09-11,3877.236849588881
2020-09-14,3902.424947125889
2020-09-15,3897.0275361892673
2020-09-16,3879.635459117015
2020-09-17,3855.0472837112006
2020-09-18,3819.6629376863434
2020-09-21,3790.5238242070745
2020-09-22,3812.845027674693
2020-09-23,3755.532232958754
2020-09-24,3783.283756760479
2020-09-25,3803.192593492818
2020-09-28,3846.026332312205
2020-09-29,3820.6885239915587
2020-09-30,3867.1414872867635
2020-10-01,3888.8611501282303
2020-10-02,3867.1414872867635
2020-10-05,3893.0843429726374
2020-10-06,3867.746534651991
2020-10-07,3909.3728762325195
2020-10-08,3935.314652921755
2020-10-09,3966.083860573147
2020-10-12,4011.9342042455623
2020-10-13,4008.9167901450546
2020-10-14,3988.404794291606
2020-10-15,3990.8187795218437
2020-10-16,3992.0250977640635
2020-10-19,3940.141274636432
2020-10-20,3935.9183515411846
2020-10-21,3939.538655013642
2020-10-22,3937.7283684028334
2020-10-23,3944.96708710363
2020-10-26,3894.291200713177
2020-10-27,3884.0345284135533
2020-10-28,3770.6149874747352
2020-10-29,3769.407859985037
2020-10-30,3756.1351223307042
2020-11-02,3815.8624417752003
2020-11-03,3878.6047475777664
2020-11-04,3880.414764439415
2020-11-05,3908.7699868605696
2020-11-06,3926.869076480419
2020-11-09,3917.818992172175
2020-11-10,3995.0419723662512
2020-11-11,4029.4306742426215
2020-11-12,4018.5692243269295
2020-11-13,4074.073620676178
2020-11-16,4111.477578659778
2020-11-17,4082.5197366158336
2020-11-18,4026.4127206437947
2020-11-19,4037.2725520645286
2020-11-20,4011.9342042455623
2020-11-23,4013.140252738622
2020-11-24,4040.288617419237
2020-11-25,4037.8754414364785
2020-11-27,4037.2725520645286
2020-11-30,4036.6693929434186
2020-12-01,4072.263873563689
2020-12-02,4038.479679554227
2020-12-03,4048.735542606372
2020-12-04,4080.1068303822344
2020-12-07,4064.4206469959836
2020-12-08,4086.742929460241
2020-12-09,4070.4543962003595
2020-12-10,4052.354227583871
2020-12-11,4061.404581641275
2020-12-14,4045.7186680041837
2020-12-15,4055.3713719352186
2020-12-16,4063.213519506285
2020-12-17,4089.1563751921594
2020-12-18,4098.206459500403
2020-12-21,4054.0390808354146
2020-12-22,4025.446748902876
2020-12-23,4038.831162709328
2020-12-24,4058.905355676569
2020-12-28,4091.148742485772
2020-12-29,4078.982246135407
2020-12-30,4074.7229069035984
2020-12-31,4103.315508585297
2021-01-04,4058.905355676569
2021-01-05,4058.905355676569
2021-01-06,4061.9475866997695
2021-01-07,4049.7802811019255
2021-01-08,4069.856632062444
2021-01-11,4035.1803775818234
2021-01-12,4021.796503273691
2021-01-13,4027.880425821773
2021-01-14,4006.5877759001255
2021-01-15,3992.5958869860083
2021-01-19,3974.9540221918655
2021-01-20,3982.253973951916
2021-01-21,3968.8706391421033
2021-01-22,3958.527916860532
2021-01-25,3998.072064677265
2021-01-26,4033.9635391223756
2021-01-27,3965.8292173663817
2021-01-28,3981.0374052416273
2021-01-29,3898.909845825718
2021-02-01,3902.5606309532227
2021-02-02,3928.719016217705
2021-02-03,3934.802669016627
2021-02-04,3963.395540447485
2021-02-05,4000.5043928503633
2021-02-08,4015.7133899730884
2021-02-09,4012.062604845584
2021-02-10,4007.8048841087334
2021-02-11,3990.162479816271
2021-02-12,3996.2461326151933
2021-02-16,3988.9469901026214
2021-02-17,4003.5460843752444
2021-02-18,4001.1132167038268
2021-02-19,3950.6199504944966
2021-02-22,3954.2701961236817
2021-02-23,3959.7455645674595
2021-02-24,3957.3124271468823
2021-02-25,3914.119112697603
2021-02-26,3850.8505262844446
2021-03-01,3889.7855804985534
2021-03-02,3883.0936433444876
2021-03-03,3864.843224446041
2021-03-04,3850.8505262844446
2021-03-05,3936.019237726916
2021-03-08,3953.0536274133933
2021-03-09,3949.4033817842082
2021-03-10,4001.1132167038268
2021-03-11,3991.3795880248795
2021-03-12,4024.230449941748
2021-03-15,4041.8725844850496
2021-03-16,4046.738859326204
2021-03-17,4040.6554762764417
2021-03-18,4024.230449941748
2021-03-19,4038.2220691067046
2021-03-22,4080.85295655799
2021-03-23,4097.980409704567
2021-03-24,4082.0759992481117
2021-03-25,4121.8337883993345
2021-03-26,4194.619394916194
2021-03-29,4236.821650952702
2021-03-30,4191.560709194252
2021-03-31,4178.104542111317
2021-04-01,4157.920291486915
2021-04-05,4211.132898975273
2021-04-06,4228.869715473634
2021-04-07,4218.473043360121
2021-04-08,4222.7542322738655
2021-04-09,4215.414087889018
2021-04-12,4238.044154144504
2021-04-13,4215.414087889018
2021-04-14,4211.744420320334
2021-04-15,4245.384028780192
2021-04-16,4269.849468318339
2021-04-19,4253.3356945101
2021-04-20,4276.577282110647
2021-04-21,4297.984845174329
2021-04-22,4266.1800704988145
2021-04-23,4255.171067792761
2021-04-26,4207.462961657429
2021-04-27,4204.405354932125
2021-04-28,4207.462961657429
2021-04-29,4252.112112321659
2021-04-30,4255.781510141183
2021-05-03,4290.646049535281
2021-05-04,4268.6266953773775
2021-05-05,4265.567739906274
2021-05-06,4320.616799673933
2021-05-07,4320.616799673933
2021-05-10,4353.643268293772
2021-05-11,4315.72220117101
2021-05-12,4258.2297535147045
2021-05-13,4318.169365547892
2021-05-14,4337.130573482173
2021-05-17,4331.013741536606
2021-05-18,4317.556225707873
2021-05-19,4303.490965022314
2021-05-20,4343.2463264311
2021-05-21,4343.85811752532
2021-05-24,4356.703033012354
2021-05-25,4357.926884949955
2021-05-26,4348.752716028244
2021-05-27,4321.839302865736
2021-05-28,4331.013741536606
2021-06-01,4316.33399226523
2021-06-02,4332.237053975888
2021-06-03,4359.149388141757
2021-06-04,4374.4411982565125
2021-06-07,4367.101323620825
2021-06-08,4330.402220191545
2021-06-09,4309.606448222083
2021-06-10,4336.518242889632
2021-06-11,4338.9662165139935
2021-06-14,4336.518242889632
2021-06-15,4326.1210312778
2021-06-16,4268.6266953773775
2021-06-17,4283.9168869971745
2021-06-18,4208.07475275165
2021-06-21,4256.338002657664
2021-06-22,4262.4944877297075
2021-06-23,4236.022653941643
2021-06-24,4256.954379487599
2021-06-25,4289.582428598547
2021-06-28,4293.274755096647
2021-06-29,4274.1910810438585
2021-06-30,4307.434697737263
2021-07-01,4294.50616001072
2021-07-02,4304.971078661639
2021-07-06,4287.119079272083
2021-07-07,4309.896968067089
2021-07-08,4293.8905924282635
2021-07-09,4318.515723468959
2021-07-12,4311.74286156698
2021-07-13,4310.511996151226
2021-07-14,4348.680962751761
2021-07-15,4366.532692392158
2021-07-16,4373.305554294137
2021-07-19,4360.376746818433
2021-07-20,4361.6081517325065
2021-07-21,4350.527126000812
2021-07-22,4343.139505763855
2021-07-23,4395.467605757527
2021-07-26,4402.855225994484
2021-07-27,4412.087930483851
2021-07-28,4373.305554294137
2021-07-29,4394.851228927591
2021-07-30,4402.238309666229
2021-08-02,4383.770203195897
2021-08-03,4403.468905332823
2021-08-04,4346.217613425297
2021-08-05,4367.149608720413
2021-08-06,4367.149608720413
2021-08-09,4383.1546356134395
2021-08-10,4414.5510100611555
2021-08-11,4429.32490178927
2021-08-12,4426.863170957764
2021-08-13,4463.800462895067
2021-08-16,4489.655380354876
2021-08-17,4492.117650684702
2021-08-18,4436.09695444377
2021-08-19,4471.802841467001
2021-08-20,4479.189652456478
2021-08-23,4465.03132831082
2021-08-24,4431.171874285799
2021-08-25,4423.785602794642
2021-08-26,4403.468905332823
2021-08-27,4418.859713389192
2021-08-30,4438.558415526117
2021-08-31,4448.409924587857
2021-09-01,4471.802841467001
2021-09-02,4489.038733775781
2021-09-03,4483.498625533673
2021-09-07,4431.787441868256
2021-09-08,4469.955329472152
2021-09-09,4444.099872514023
2021-09-10,4425.015928712075
2021-09-13,4436.09695444377
2021-09-14,4415.783224222708
2021-09-15,4431.787441868256
2021-09-16,4417.013280390982
2021-09-17,4393.003447183583
2021-09-20,4349.1468195505795
2021-09-21,4344.19260648336
2021-09-22,4356.581376141326
2021-09-23,4372.685400975965
2021-09-24,4374.5442424355215
2021-09-27,4354.723074180089
2021-09-28,4303.308614590351
2021-09-29,4342.3329557763245
2021-09-30,4264.282115411101
2021-10-01,4275.432736426001
2021-10-04,4261.80527862665
2021-10-05,4283.486367338279
2021-10-06,4324.988624305341
2021-10-07,4344.19260648336
2021-10-08,4339.236505172023
2021-10-11,4337.996468284839
2021-10-12,4339.855579493555
2021-10-13,4347.9084011583545
2021-10-14,4396.845214716162
2021-10-15,4386.3144772702735
2021-10-18,4360.298519562119
2021-10-19,4362.1557425267165
2021-10-20,4387.552895662499
2021-10-21,4381.9782595279485
2021-10-22,4416.0489271450215
2021-10-25,4412.950048798281
2021-10-26,4428.436887555507
2021-10-27,4402.418502104914
2021-10-28,4417.90534086214
2021-10-29,4413.5710113639325
2021-11-01,4420.3846053890275
2021-11-02,4450.116897270497
2021-11-03,4491.619963485038
2021-11-04,4495.957260224002
2021-11-05,4521.97186918636
2021-11-08,4486.045057601328
2021-11-09,4501.531896358554
2021-11-10,4515.160433154543
2021-11-11,4512.062094306123
2021-11-12,4512.062094306123
2021-11-15,4533.74372251607
2021-11-16,4505.247960782708
2021-11-17,4495.337106905832
2021-11-18,4479.232272823712
2021-11-19,4463.126359744953
2021-11-22,4498.433287760974
2021-11-23,4528.16908638152
2021-11-24,4514.540010087211
2021-11-26,4457.549295867965
2021-11-29,4468.700456381185
2021-11-30,4354.1021116144375
2021-12-01,4333.041176220981
2021-12-02,4378.8801904286875
2021-12-03,4433.3927191176845
2021-12-06,4511.44275023543
2021-12-07,4521.354143610626
2021-12-08,4507.107341740583
2021-12-09,4519.495841649389
2021-12-10,4595.688380053377
2021-12-13,4655.773926381967
2021-12-14,4658.872265230387
2021-12-15,4705.94942808116
2021-12-16,4739.3994028817415
2021-12-17,4658.251302664736
2021-12-20,4659.624325887656
2021-12-21,4653.3871858168595
2021-12-22,4682.700827002461
2021-12-23,4693.304126972311
2021-12-27,4743.1990895454055
2021-12-28,4770.018630000335
2021-12-29,4791.8472715023245
2021-12-30,4776.878351131741
2021-12-31,4809.311371600219
2022-01-03,4808.687711542971
2022-01-04,4841.12019251313
2022-01-05,4836.754032614077
2022-01-06,4823.656631913555
2022-01-07,4828.644293876579
2022-01-10,4790.601030384468
2022-01-11,4784.9870108726
2022-01-12,4786.857451546023
2022-01-13,4795.588692347492
2022-01-14,4804.321012145599
2022-01-18,4735.092587797824
2022-01-19,4765.028810044034
2022-01-20,4733.843109690051
2022-01-21,4737.586688528495
2022-01-24,4721.994108100664
2022-01-25,4669.603426301939
2022-01-26,4634.052105547222
2022-01-27,4665.237266402885
2022-01-28,4720.122588430601
2022-01-31,4738.209269589104
2022-02-01,4733.843109690051
2022-02-02,4790.601030384468
2022-02-03,4791.8472715023245
2022-02-04,4733.220528629442
2022-02-07,4741.95176943091
2022-02-08,4760.0379110910935
2022-02-09,4761.2868497005475
2022-02-10,4710.144027514638
2022-02-11,4693.304126972311
2022-02-14,4680.206186773469
2022-02-15,4688.315386012648
2022-02-16,4697.045547817477
2022-02-17,4733.220528629442
2022-02-18,4741.95176943091
2022-02-22,4705.153668060017
2022-02-23,4667.108786072948
2022-02-24,4586.651783203118
2022-02-25,4734.467848743938
2022-02-28,4671.4749459720015
2022-03-01,4644.031205961504
2022-03-02,4693.304126972311
2022-03-03,4731.34900895938
2022-03-04,4731.974287511585
2022-03-07,4645.902725631568
2022-03-08,4520.541119643262
2022-03-09,4551.101541445039
2022-03-10,4508.066839501669
2022-03-11,4455.677506448743
2022-03-14,4479.377128122476
2022-03-15,4579.790443576754
2022-03-16,4584.7808030313745
2022-03-17,4616.589623944285
2022-03-18,4627.191844917497
2022-03-21,4633.143590377321
2022-03-22,4667.602427035215
2022-03-23,4630.011263134777
2022-03-24,4662.58940865118
2022-03-25,4701.434906144265
2022-03-28,4720.857385141649
2022-03-29,4762.834130880639
2022-03-30,4765.966997621503
2022-03-31,4754.6904037490185
2022-04-01,4802.30706491921
2022-04-04,4787.26908876374
2022-04-05,4791.655210100612
2022-04-06,4852.427537789821
2022-04-07,4911.320253334177
2022-04-08,4931.996526425889
2022-04-11,4911.946610883022
2022-04-12,4913.198246984072
2022-04-13,4940.7666111063545
2022-04-14,4939.513896008665
2022-04-18,4898.790404865684
2022-04-19,4973.346914616034
2022-04-20,5047.902345369746
2022-04-21,5043.517303029514
2022-04-22,4964.57575093893
2022-04-25,4986.503660131692
2022-04-26,4909.440641189323
2022-04-27,4927.610405089017
2022-04-28,5000.286763196194
2022-04-29,4864.33048921115
2022-05-02,4800.4269132760355
2022-05-03,4786.643270713214
2022-05-04,4894.404823027131
2022-05-05,4801.678549377087
2022-05-06,4806.691567761123
2022-05-09,4804.811416117949
2022-05-10,4771.605294557745
2022-05-11,4750.930100462671
2022-05-12,4749.677385364982
2022-05-13,4821.101567872789
2022-05-16,4843.029477065552
2022-05-17,4809.823895003667
2022-05-18,4500.3204528823
2022-05-19,4420.126185694026
2022-05-20,4429.523976669136
2022-05-23,4520.995377228213
2022-05-24,4594.925529429719
2022-05-25,4596.179863022367
2022-05-26,4645.047620795289
2022-05-27,4698.930554945526
2022-05-31,4665.723354388681
2022-06-01,4604.950487201152
2022-06-02,4671.987469375449
2022-06-03,4624.998244750742
2022-06-06,4626.879475390554
2022-06-07,4651.313893775335
2022-06-08,4594.299171880874
2022-06-09,4525.381498565085
2022-06-10,4505.959828815181
2022-06-13,4408.848512824903
2022-06-14,4356.847348812798
2022-06-15,4361.23320040051
2022-06-16,4328.026809091146
2022-06-17,4312.363554383471
2022-06-21,4427.4369274204655
2022-06-22,4424.280862251868
2022-06-23,4510.128802078487
2022-06-24,4598.500245294185
2022-06-27,4585.8754451214745
2022-06-28,4524.645622857398
2022-06-29,4553.051288371418
2022-06-30,4556.207353540016
2022-07-01,4621.85458804349
2022-07-05,4592.18811495699
2022-07-06,4605.442509668462
2022-07-07,4609.861000904499
2022-07-08,4601.655231466145
2022-07-11,4595.3436406272685
2022-07-12,4582.087627420838
2022-07-13,4585.242613592796
2022-07-14,4589.030431293433
2022-07-15,4604.181162597662
2022-07-18,4559.363418708614
2022-07-19,4607.336148769621
2022-07-20,4576.406170619042
2022-07-21,4590.2939363575115
2022-07-22,4620.591622477732
2022-07-25,4643.316370688275
2022-07-26,4632.585749115043
2022-07-27,4664.146400801022
2022-07-28,4738.632236271528
2022-07-29,4702.020261820835
2022-08-01,4760.726310946672
2022-08-02,4722.851910428539
2022-08-03,4753.781888579118
2022-08-04,4722.2201578965
2022-08-05,4711.489536323267
2022-08-08,4708.96414469007
2022-08-09,4702.020261820835
2022-08-10,4736.739136668689
2022-08-11,4725.377302061736
2022-08-12,4766.406688751828
2022-08-15,4813.748745277436
2022-08-16,4868.035763668916
2022-08-17,4854.146918933808
2022-08-18,4870.559536807155
2022-08-19,4854.779210964166
2022-08-22,4805.541896842442
2022-08-23,4784.711866729696
2022-08-24,4796.704914370368
2022-08-25,4818.798989045512
2022-08-26,4699.4954096859565
2022-08-29,4691.92247177628
2022-08-30,4643.316370688275
2022-08-31,4614.911784170895
2022-09-01,4640.792058051717
2022-09-02,4580.193448821359
2022-09-06,4554.314793435496
2022-09-07,4636.37302731736
2022-09-08,4624.379440178369
2022-09-09,4669.827857602817
2022-09-12,4688.134114577323
2022-09-13,4531.5900452249525
2022-09-14,4529.694787628835
2022-09-15,4491.82254510398
2022-09-16,4502.552896928053
2022-09-19,4532.4775199603955
2022-09-20,4507.6997108953055
2022-09-21,4490.545282832757
2022-09-22,4484.191341375807
2022-09-23,4407.95132711971
2022-09-26,4411.127893224446
2022-09-27,4334.8884184666695
2022-09-28,4386.9856131796305
2022-09-29,4314.557424299385
2022-09-30,4239.587119338041
2022-10-03,4312.652185984359
2022-10-04,4378.091983384017
2022-10-05,4352.6775663020135
2022-10-06,4289.143816464861
2022-10-07,4224.975346854912
2022-10-10,4240.222648358315
2022-10-11,4275.166763754527
2022-10-12,4298.037985758792
2022-10-13,4369.195656096807
2022-10-14,4290.414335007091
2022-10-17,4336.793656781696
2022-10-18,4393.339284887422
2022-10-19,4373.007751221818
2022-10-20,4312.016387214924
2022-10-21,4378.091983384017
2022-10-24,4456.8719557279355
2022-10-25,4515.322822148688
2022-10-26,4545.183784379338
2022-10-27,4548.99534000603
2022-10-28,4648.742644784986
2022-10-31,4621.423528886275
2022-11-01,4606.811216904826
2022-11-02,4526.75883777456
2022-11-03,4511.511806020316
2022-11-04,4564.879249526348
2022-11-07,4605.541237860915
2022-11-08,4618.8819523034945
2022-11-09,4568.691344651358
2022-11-10,4676.063379178655
2022-11-11,4670.980765511415
2022-11-14,4634.130872301857
2022-11-15,4672.887352572239
2022-11-16,4695.7588443256645
2022-11-17,4694.487246786795
2022-11-18,4744.678393937251
2022-11-21,4789.788545915424
2022-11-22,4824.7307730675175
2022-11-23,4841.25021160811
2022-11-25,4844.425698716207
2022-11-28,4826.002370606387
2022-11-29,4807.576884503289
2022-11-30,4904.14654418087
2022-12-01,4881.911120946039
2022-12-02,4904.14654418087
2022-12-05,4842.52126964866
2022-12-06,4812.6611166654875
2022-12-07,4832.9904923378135
2022-12-08,4859.039629192614
2022-12-09,4821.554206962782
2022-12-12,4872.381422631832
2022-12-13,4865.392221903766
2022-12-14,4862.216195297349
2022-12-15,4779.6233185809415
2022-12-16,4756.115758308922
2022-12-19,4753.108055178164
2022-12-20,4749.267906140543
2022-12-21,4796.619134137581
2022-12-22,4785.741769021466
2022-12-23,4810.697342782805
2022-12-27,4833.734460520292
2022-12-28,4773.5830953967325
2022-12-29,4794.05975411026
2022-12-30,4770.38494935922
2023-01-03,4752.468210171333
2023-01-04,4771.024254867731
2023-01-05,4723.032642365544
2023-01-06,4849.090740684218
2023-01-09,4801.739512687181
2023-01-10,4795.340523120559
2023-01-11,4797.9004426462
2023-01-12,4760.145810754978
2023-01-13,4782.542543987314
2023-01-17,4785.741769021466
2023-01-18,4655.2047556549805
2023-01-19,4611.051673695455
2023-01-20,4646.885152071229
2023-01-23,4661.602666224963
2023-01-24,4680.800174423149
2023-01-25,4692.318463542733
2023-01-26,4675.681953866826
2023-01-27,4662.242511231793
2023-01-30,4668.001116293266
2023-01-31,4718.553187819412
2023-02-01,4756.308359208954
2023-02-02,4715.353423286942
2023-02-03,4696.796839092225
2023-02-06,4702.557062648656
2023-02-07,4682.719169945321
2023-02-08,4646.885152071229
2023-02-09,4626.4090328560205
2023-02-10,4669.281885303565
2023-02-13,4722.393336857033
2023-02-14,4679.520484409489
2023-02-15,4688.477775006793
2023-02-16,4654.5632921531915
2023-02-17,4714.714657276751
2023-02-21,4696.796839092225
2023-02-22,4689.758544017092
2023-02-23,4683.9983204606615
2023-02-24,4652.645375627659
2023-02-27,4647.526076074698
2023-02-28,4609.132138674965
2023-03-01,4575.217116323044
2023-03-02,4637.926782477285
2023-03-03,4641.766931514906
2023-03-06,4653.92506564132
2023-03-07,4607.852988159623
2023-03-08,4615.531128241587
2023-03-09,4572.658275794042
2023-03-10,4550.261542561705
2023-03-13,4573.297581302553
2023-03-14,4614.891283234757
2023-03-15,4644.965617050738
2023-03-16,4648.164842084889
2023-03-17,4614.250359231288
2023-03-20,4678.225148944565
2023-03-21,4674.368275459043
2023-03-22,4631.28933465348
2023-03-23,4613.2868152328065
2023-03-24,4691.729331377928
2023-03-27,4716.805213264497
2023-03-28,4725.1625817306085
2023-03-29,4751.523548614032
2023-03-30,4765.026112552437
2023-03-31,4803.605637374049
2023-04-03,4828.680979762299
2023-04-04,4819.035828807736
2023-04-05,4841.5393827073185
2023-04-06,4845.397335189479
2023-04-10,4845.397335189479
2023-04-11,4859.54352062295
2023-04-12,4837.682509221796
2023-04-13,4864.6865581019665
2023-04-14,4833.825096237954
2023-04-17,4864.6865581019665
2023-04-18,4879.474746535545
2023-04-19,4876.259336551811
2023-04-20,4887.8337334966145
2023-04-21,4923.196229839535
2023-04-24,4943.128534748769
2023-04-25,4936.699872774579
2023-04-26,4898.120887451286
2023-04-27,4952.7736857033315
2023-04-28,4979.134113088436
2023-05-01,4982.992605068916
2023-05-02,4969.490580628832
2023-05-03,4928.984507308575
2023-05-04,4916.767567865345
2023-05-05,4962.4172181629365
2023-05-08,4947.629569227677
2023-05-09,4932.198838295671
2023-05-10,4924.482393833028
2023-05-11,4939.271661263247
2023-05-12,4958.560344677414
2023-05-15,4946.343405234184
2023-05-16,4904.550088923795
2023-05-17,4901.9783004351275
2023-05-18,4878.188582542051
2023-05-19,4881.404532024105
2023-05-22,4807.463050357891
2023-05-23,4772.098935520013
2023-05-24,4741.2369341576805
2023-05-25,4705.230816319694
2023-05-26,4721.305168746766
2023-05-30,4667.295991989786
2023-05-31,4672.439029468802
2023-06-01,4668.582155983279
2023-06-02,4732.87902619325
2023-06-05,4715.517970274364
2023-06-06,4691.729331377928
2023-06-07,4676.298060947603
2023-06-08,4708.4467658017475
2023-06-09,4700.729242342466
2023-06-12,4699.4441573456115
2023-06-13,4718.733380258099
2023-06-14,4747.666675128509
2023-06-15,4795.24665041298
2023-06-16,4801.033309387062
2023-06-20,4764.51251015235
2023-06-21,4781.3480947081225
2023-06-22,4809.191602973308
2023-06-23,4777.46316730999
2023-06-26,4783.937147143011
2023-06-27,4798.184758260533
2023-06-28,4765.806766620635
2023-06-29,4761.274441239201
2023-06-30,4802.716544143648
2023-07-03,4840.272640653324
2023-07-05,4831.8553878737575
2023-07-06,4819.5515892011
2023-07-07,4756.741036861128
2023-07-10,4755.446780392843
2023-07-11,4762.569237205805
2023-07-12,4773.577160915219
2023-07-13,4793.65135388246
2023-07-14,4809.839540454929
2023-07-17,4795.593547832366
2023-07-18,4790.41382446763
2023-07-19,4838.977844686719
2023-07-20,4880.4204870894855
2023-07-21,4897.256071645258
2023-07-24,4916.034389649255
2023-07-25,4914.7395936826515
2023-07-26,4920.56671503069
2023-07-27,4877.183497172975
2023-07-28,4927.689171843652
2023-07-31,4905.025926441522
2023-08-01,4878.476674644621
2023-08-02,4895.960196682015
2023-08-03,4882.362141541073
2023-08-04,4833.798121321983
2023-08-07,4873.2969512798845
2023-08-08,4838.330446703418
2023-08-09,4845.45290351638
2023-08-10,4835.740854770209
2023-08-11,4843.511788563112
2023-08-14,4819.5515892011
2023-08-15,4767.7500395671805
2023-08-16,4756.741036861128
2023-08-17,4710.767148073566
2023-08-18,4728.25013061264
2023-08-21,4696.5222344476415
2023-08-22,4669.972443152421
2023-08-23,4701.0550993273955
2023-08-24,4663.4984633194
2023-08-25,4689.399777634679
2023-08-28,4710.767148073566
2023-08-29,4727.603272127657
2023-08-30,4735.374205920561
2023-08-31,4711.414006558549
2023-09-01,4671.269397112303
2023-09-05,4631.121550676141
2023-09-06,4625.942366809724
2023-09-07,4636.948672024179
2023-09-08,4642.776332870538
2023-09-11,4682.924179306699
2023-09-12,4642.776332870538
2023-09-13,4657.022325493101
2023-09-14,4704.292089243906
2023-09-15,4665.439578272667
2023-09-18,4663.811372344662
2023-09-19,4652.72845836885
2023-09-20,4657.293153649449
2023-09-21,4597.315506984743
2023-09-22,4572.541744157048
2023-09-25,4556.244039425736
2023-09-26,4522.344932274238
2023-09-27,4485.186446025974
2023-09-28,4498.876755379536
2023-09-29,4485.837350748352
2023-10-02,4455.19735294446
2023-10-03,4423.253117953375
2023-10-04,4458.457271539547
2023-10-05,4370.449180441976
2023-10-06,4346.327401333298
2023-10-09,4350.239303647401
2023-10-10,4394.569071306536
2023-10-11,4364.5810572216615
2023-10-12,4316.991101218282
2023-10-13,4354.803189680522
2023-10-16,4399.784401560354
2023-10-17,4418.689501669415
2023-10-18,4434.988555146525
2023-10-19,4402.392875934742
2023-10-20,4385.442108487774
2023-10-23,4376.96739913719
2023-10-24,4414.126964382093
2023-10-25,4429.12097142453
2023-10-26,4400.43665502853
2023-10-27,4340.460087360463
2023-10-30,4408.259920158417
2023-10-31,4423.905371421552
2023-11-01,4419.341215639273
2023-11-02,4476.710118180431
2023-11-03,4481.925178685089
2023-11-06,4489.097269343438
2023-11-07,4500.18018331925
2023-11-08,4482.578241400745
2023-11-09,4464.324585512382
2023-11-10,4495.616027536971
2023-11-13,4509.959129857029
2023-11-14,4556.244039425736
2023-11-15,4592.7513512024625
2023-11-16,4536.034432380321
2023-11-17,4530.167927654965
2023-11-20,4526.908278809039
2023-11-21,4540.599127660921
2023-11-22,4573.194537123544
2023-11-24,4590.144495323033
2023-11-27,4577.105899939328
2023-11-28,4597.9672209546
2023-11-29,4560.807116211377
2023-11-30,4606.4422000543445
2023-12-01,4625.347839661725
2023-12-04,4631.2148838854
2023-12-05,4594.707572108674
2023-12-06,4582.972944163003
2023-12-07,4602.53137673688
2023-12-08,4570.587141745795
2023-12-11,4614.264386187592
2023-12-12,4629.259741975828
2023-12-13,4713.356740006774
2023-12-14,4644.254018767425
2023-12-15,4644.254018767425
2023-12-18,4692.598463170511
2023-12-19,4701.793672526679
2023-12-20,4610.490055944941
2023-12-21,4642.676525681445
2023-12-22,4678.14638218993
2023-12-26,4697.852637303327
2023-12-27,4719.529140279241
2023-12-28,4721.499388141757
2023-12-29,4731.352785447615
2024-01-02,4784.557570210342
2024-01-03,4747.116926341022
2024-01-04,4740.547994803783
2024-01-05,4730.039646538151
2024-01-08,4764.852394093584
2024-01-09,4777.332608716691
2024-01-10,4767.48082990579
2024-01-11,4766.82318145442
2024-01-12,4781.930752893094
2024-01-16,4755.656645239097
2024-01-17,4752.372179470477
2024-01-18,4746.46035688629
2024-01-19,4732.666463855399
2024-01-22,4709.6757429733825
2024-01-23,4760.911358870232
2024-01-24,4702.450781479731
2024-01-25,4747.774574792394
2024-01-26,4770.764216677771
2024-01-29,4798.353081736192
2024-01-30,4825.282679848282
2024-01-31,4789.8139023364365
2024-02-01,4887.685371458774
2024-02-02,4871.920151568729
2024-02-05,4841.70500869138
2024-02-06,4852.871005408383
2024-02-07,4848.273400730299
2024-02-08,4846.960801319154
2024-02-09,4802.293577461223
2024-02-12,4836.450295060244
2024-02-13,4784.557570210342
2024-02-14,4775.361281857536
2024-02-15,4806.233533687937
2024-02-16,4813.460653174866
2024-02-20,4864.038081122026
2024-02-21,4881.7735488745875
2024-02-22,4896.881120313262
2024-02-23,4911.987612755298
2024-02-26,4892.2835156351775
2024-02-27,4892.939545591591
2024-02-28,4898.195338219365
2024-02-29,4890.312728274343
2024-03-01,4890.968218732436
2024-03-04,4894.910872450746
2024-03-05,4906.73451761912
2024-03-06,4948.115657213473
2024-03-07,4976.361091726625
2024-03-08,4936.950199994789
2024-03-11,4963.881956100157
2024-03-12,4989.4989548011035
2024-03-13,5001.97862992589
2024-03-14,4963.223768150467
2024-03-15,4961.252980789632
2024-03-18,4993.147042437011
2024-03-19,5011.673954224159
2024-03-20,5026.893741313273
2024-03-21,5029.539980570021
2024-03-22,5005.058086333131
2024-03-25,4991.162228119871
2024-03-26,4993.809546373256
2024-03-27,5046.082617538348
2024-03-28,5052.699024927696
2024-04-01,5012.3359186620855
2024-04-02,4986.529556051024
2024-04-03,4931.6091666325465
2024-04-04,4910.434397093692
2024-04-05,4918.375272857212
2024-04-08,4911.096901029938
2024-04-09,4934.91790982554
2024-04-10,4917.052422977998
2024-04-11,4905.140839583558
2024-04-12,4855.514007675214
2024-04-15,4835.6642460088515
2024-04-16,4837.649060325992
2024-04-17,4855.514007675214
2024-04-18,4878.012706089921
2024-04-19,4925.654184182806
2024-04-22,4972.635316332721
2024-04-23,4986.529556051024
2024-04-24,5024.246423059887
2024-04-25,5012.3359186620855
2024-04-26,5001.748803641818
2024-04-29,5017.629476172219
2024-04-30,4995.793821192077
2024-05-01,4964.032476131275
2024-05-02,5005.718971774419
2024-05-03,5020.938758863533
2024-05-06,5023.58499812028
2024-05-07,5078.5053875387575
2024-05-08,5063.286139947963
2024-05-09,5106.958528904886
2024-05-10,5136.073095210621
2024-05-13,5121.515272559434
2024-05-14,5111.590121977093
2024-05-15,5114.898325671767
2024-05-16,5187.684741436106
2024-05-17,5175.113351597018
2024-05-20,5139.380759406976
2024-05-21,5169.819794086884
2024-05-22,5149.306988985956
2024-05-23,5088.432156616057
2024-05-24,5101.665510893072
2024-05-28,5061.96275057043
2024-05-29,5025.570351935739
2024-05-30,5038.803706212754
2024-05-31,5117.545643925154
2024-06-03,5115.560290109694
2024-06-04,5159.894104006224
2024-06-05,5148.645024548029
2024-06-06,5164.526776075069
2024-06-07,5138.719873965689
2024-06-10,5134.750245331407
2024-06-11,5132.102927078021
2024-06-12,5075.858069285371
2024-06-13,5082.475016173038
2024-06-14,5091.738741815772
2024-06-17,5140.043263343222
2024-06-18,5146.659131234251
2024-06-20,5135.410591274376
2024-06-21,5139.380759406976
2024-06-24,5194.182998693502
2024-06-25,5160.849555529913
2024-06-26,5150.182055260053
2024-06-27,5128.180774295849
2024-06-28,5105.514291903803
2024-07-01,5069.511950554052
2024-07-02,5104.846392984363
2024-07-03,5096.1804314795445
2024-07-05,5158.84855626319
2024-07-08,5150.8483356845345
2024-07-09,5137.515174218427
2024-07-10,5160.1816566104735
2024-07-11,5140.849273832433
2024-07-12,5163.51467722784
2024-07-15,5133.51479417994
2024-07-16,5182.849757497478
2024-07-17,5249.519341316251
2024-07-18,5223.51714081524
2024-07-19,5206.184138808964
2024-07-22,5209.517159426332
2024-07-23,5190.849978076134
2024-07-24,5186.183317613165
2024-07-25,5180.183017304593
2024-07-26,5232.852080236137
2024-07-29,5234.850921509583
2024-07-30,5199.517018577591
2024-07-31,5190.183697651652
2024-08-01,5238.185021123589
2024-08-02,5284.18696382376
2024-08-05,5180.183017304593
2024-08-06,5216.183200661066
2024-08-07,5221.517760043475
2024-08-08,5268.853342589249
2024-08-09,5276.854102666225
2024-08-12,5250.185621740732
2024-08-13,5274.185743978382
2024-08-14,5298.187484710988
2024-08-15,5352.855388915978
2024-08-16,5367.522729726007
2024-08-19,5385.523091153404
2024-08-20,5412.1904930822575
2024-08-21,5448.859654354809
2024-08-22,5440.859433776153
2024-08-23,5456.1930550106645
2024-08-26,5494.859978560023
2024-08-27,5508.194758521088
2024-08-28,5484.859837711282
2024-08-29,5457.526694856267
2024-08-30,5500.860818366914
2024-09-03,5539.528820912911
2024-09-04,5565.530481915603
2024-09-05,5544.1960208742
2024-09-06,5532.861700681538
2024-09-09,5575.530622764342
2024-09-10,5574.195903922101
2024-09-11,5522.195279408316
2024-09-12,5556.196081993025
2024-09-13,5595.5314439601425
2024-09-16,5617.532185426026
2024-09-17,5564.1963025716805
2024-09-18,5542.862920526917
2024-09-19,5510.194678791172
2024-09-20,5536.862620218345
2024-09-23,5568.966007213659
2024-09-24,5555.562171467708
2024-09-25,5541.486660314081
2024-09-26,5554.220978645633
2024-09-27,5564.274529827996
2024-09-30,5562.93495550088
2024-10-01,5544.1668879649515
2024-10-02,5497.251035111685
2024-10-03,5442.29126231589
2024-10-04,5460.389272939101
2024-10-07,5406.100096554343
2024-10-08,5432.907768046245
2024-10-09,5465.750807237481
2024-10-10,5441.622284399811
2024-10-11,5471.7829379468985
2024-10-14,5493.900750548097
2024-10-15,5528.7523419825275
2024-10-16,5524.731461007902
2024-10-17,5499.931802260875
2024-10-18,5511.9966031780295
2024-10-21,5465.750807237481
2024-10-22,5496.580978198967
2024-10-23,5485.857909602207
2024-10-24,5478.485125569034
2024-10-25,5432.907768046245
2024-10-28,5442.962398225246
2024-10-29,5389.344357749845
2024-10-30,5380.630920392918
2024-10-31,5369.906772799518
2024-11-01,5371.916943537671
2024-11-04,5386.663051102335
2024-11-05,5420.845125122368
2024-11-06,5332.374414215896
2024-11-07,5351.810920169584
2024-11-08,5416.823704649423
2024-11-11,5398.056716110133
2024-11-12,5404.088307321231
2024-11-13,5420.174528711331
2024-11-14,5406.7701534670605
2024-11-15,5359.183704202756
2024-11-18,5396.717141783017
2024-11-19,5404.088307321231
2024-11-20,5376.609499919972
2024-11-21,5434.920096777676
2024-11-22,5485.18731319117
2024-11-25,5515.348506236577
2024-11-26,5538.134757255534
2024-11-27,5549.53004075829
2024-11-29,5577.679444570586
2024-12-02,5570.977256948451
2024-12-03,5542.157256725118
2024-12-04,5526.741092247736
2024-12-05,5548.859983845573
2024-12-06,5521.380097447674
2024-12-09,5512.666120592428
2024-12-10,5538.80589316489
2024-12-11,5496.580978198967
2024-12-12,5512.666120592428
2024-12-13,5498.59168843544
2024-12-16,5469.771688212107
2024-12-17,5460.389272939101
2024-12-18,5377.280096331009
2024-12-19,5339.076601838031
2024-12-20,5357.8425113806825
2024-12-23,5329.61488031207
2024-12-24,5364.731365421337
2024-12-26,5381.613886330898
2024-12-27,5355.277196871848
2024-12-30,5292.472039515069
2024-12-31,5308.680187525358
2025-01-02,5292.472039515069
2025-01-03,5289.770771429741
2025-01-06,5234.395045429675
2025-01-07,5216.16162072829
2025-01-08,5225.615789277778
2025-01-10,5155.382819059247
2025-01-13,5164.161535712823
2025-01-14,5165.512439504647
2025-01-15,5147.955006197493
2025-01-16,5186.4465927930405
2025-01-17,5216.16162072829
2025-01-21,5240.471954499603
2025-01-22,5214.810177438146
2025-01-23,5233.718514537123
2025-01-24,5260.732274387044
2025-01-27,5403.224031013523
2025-01-28,5318.809807970758
2025-01-29,5331.640696501487
2025-01-30,5384.315154416226
2025-01-31,5333.666512690903
2025-02-03,5354.6006659792965
2025-02-04,5309.355639421269
2025-02-05,5342.445768842799
2025-02-06,5366.757721109072
2025-02-07,5358.652837856449
2025-02-10,5391.743506776298
2025-02-11,5443.743052293445
2025-02-12,5439.691959412931
2025-02-13,5498.444405394239
2025-02-14,5443.743052293445
2025-02-18,5463.327920284973
2025-02-19,5507.223661546135
2025-02-20,5485.614056361829
2025-02-21,5549.768499015473
2025-02-24,5566.651559423354
2025-02-25,5645.663785793781
2025-02-26,5537.611983384018
2025-02-27,5536.937610484744
2025-02-28,5610.547840182835
2025-03-03,5640.261249623125
2025-03-04,5544.365423346498
2025-03-05,5567.327011319266
2025-03-06,5577.456631764667
2025-03-07,5595.689516967732
2025-03-10,5583.5346198312345
2025-03-11,5501.821125375479
2025-03-12,5382.288259230171
2025-03-13,5357.303013061264
2025-03-14,5369.458449696081
2025-03-17,5447.795224170597
2025-03-18,5385.66551870973
2025-03-19,5385.66551870973
2025-03-20,5359.32882925068
2025-03-21,5357.303013061264
2025-03-24,5390.431986361792
2025-03-25,5341.551820127524
2025-03-26,5424.377220619601
2025-03-27,5486.157331169484
2025-03-28,5459.0016832615565
2025-03-31,5544.541839296948
2025-04-01,5552.688263920166
2025-04-02,5536.395414673729
2025-04-03,5568.302963779094
2025-04-04,5326.616348652743
2025-04-07,5264.837317099498
2025-04-08,5183.369294379078
2025-04-09,5384.323246891017
2025-04-10,5387.03800243433
2025-04-11,5454.927931451628
2025-04-14,5547.9363627227285
2025-04-15,5501.092802644263
2025-04-16,5442.029066132653
2025-04-17,5558.12047249839
2025-04-21,5505.166014955873
2025-04-22,5583.238974752193
2025-04-23,5551.331425646828
2025-04-24,5502.450180415921
2025-04-25,5488.19285832865
2025-04-28,5469.863402926408
2025-04-29,5515.349585233215
2025-04-30,5555.404637958438
2025-05-01,5507.203700108316
2025-05-02,5537.074103559557
2025-05-05,5532.3216628638
2025-05-06,5522.817320970606
2025-05-07,5531.642973977971
2025-05-08,5524.85392712641
2025-05-09,5492.945838522726
2025-05-12,5501.092802644263
2025-05-13,5427.093055159553
2025-05-14,5397.900801095821
2025-05-15,5508.561077879974
2025-05-16,5571.697487204875
2025-05-19,5587.990875949631
2025-05-20,5607.679327618487
2025-05-21,5542.5052331411425
2025-05-22,5519.422797544825
2025-05-23,5539.78939860119
2025-05-27,5590.0280216037545
2025-05-28,5552.009575034337
2025-05-29,5574.412782246508
2025-05-30,5623.2940274774155
2025-06-02,5626.688550903196
2025-06-03,5621.25796081993
2025-06-04,5581.880517983897
2025-06-05,5528.248450552191
2025-06-06,5545.900296065243
2025-06-09,5538.432020829534
2025-06-10,5550.6516577643615
2025-06-11,5531.642973977971
2025-06-12,5564.229751467485
2025-06-13,5496.339822450187
2025-06-16,5513.99166796324
2025-06-17,5467.148107884775
2025-06-18,5460.358521534894
2025-06-20,5500.414113758436
2025-06-23,5564.121312305281
2025-06-24,5559.33650171036
2025-06-25,5484.829086307075
2025-06-26,5480.043736213834
2025-06-27,5506.0189617988735
2025-06-30,5534.727825368406
2025-07-01,5603.767425304384
2025-07-02,5620.171950702941
2025-07-03,5617.437773220128
2025-07-07,5612.652962625206
2025-07-08,5560.702511455127
2025-07-09,5524.474659807859
2025-07-10,5544.29798605657
2025-07-11,5523.791654935475
2025-07-14,5528.576465530397
2025-07-15,5473.2082925068025
2025-07-16,5492.34807438481
2025-07-17,5544.29798605657
2025-07-18,5529.2594704027815
2025-07-21,5528.576465530397
2025-07-22,5579.159288460751
2025-07-23,5581.208842576221
2025-07-24,5561.386595324149
2025-07-25,5570.956216513993
2025-07-28,5513.538489374928
2025-07-29,5549.766341022196
2025-07-30,5500.550067334929
2025-07-31,5453.3849662580915
2025-08-01,5479.36073134145
2025-08-04,5506.0189617988735
2025-08-05,5500.550067334929
2025-08-06,5579.159288460751
2025-08-07,5621.5390394443475
2025-08-08,5637.945183337862
2025-08-11,5633.16037274294
2025-08-12,5648.197269901771
2025-08-13,5648.197269901771
2025-08-14,5597.614446971417
2025-08-15,5606.500523790558
2025-08-18,5598.982075211143
2025-08-19,5656.400341848528
2025-08-20,5688.527466769896
2025-08-21,5637.261099468839
2025-08-22,5637.261099468839
2025-08-25,5540.879185206416
2025-08-26,5504.652412555787
2025-08-27,5521.056937954343
2025-08-28,5486.1956355501625
2025-08-29,5521.739942826727
2025-09-02,5512.854405505906
2025-09-03,5508.753139281686
2025-09-04,5512.170861135202
2025-09-05,5527.892381661375
2025-09-08,5507.385511041961
2025-09-09,5518.322220973211
2025-09-10,5464.322215687661
2025-09-11,5508.753139281686
2025-09-12,5490.296901774382
2025-09-15,5427.409740673052
2025-09-16,5452.018417015004
2025-09-17,5484.829086307075
2025-09-18,5436.9799013612155
2025-09-19,5426.043191429964
2025-09-22,5365.546007883659
2025-09-23,5392.387667769684
2025-09-24,5404.087767822912
2025-09-25,5352.470187115913
2025-09-26,5365.546007883659
2025-09-29,5375.86984772405
2025-09-30,5393.765006979159
2025-10-01,5385.505827207182
2025-10-02,5364.170287169141
2025-10-03,5370.364267374384
2025-10-06,5331.134107579553
2025-10-07,5380.688107214775
2025-10-08,5353.84644732875
2025-10-09,5371.052667229962
2025-10-10,5375.181987366791
2025-10-13,5357.286828111682
2025-10-14,5443.317927617743
2025-10-15,5452.953907100876
2025-10-16,5415.100007518881
2025-10-17,5487.366346903301
2025-10-20,5482.547547914255
2025-10-21,5457.082687739385
2025-10-22,5488.0536677622395
2025-10-23,5461.212547374534
2025-10-24,5443.317927617743
2025-10-27,5452.265507245298
2025-10-28,5397.894327115988
2025-10-29,5270.568947245
2025-10-30,5265.062827397015
2025-10-31,5249.921807062537
2025-11-03,5208.626987199291
2025-11-04,5229.963066735651
2025-11-05,5226.521067457762
2025-11-06,5203.121406849626
2025-11-07,5279.515447875916
2025-11-10,5260.2451074046085
2025-11-11,5329.069447511139
2025-11-12,5321.498667594739
2025-11-13,5321.498667594739
2025-11-14,5317.36988695623
2025-11-17,5283.644768012745
2025-11-18,5306.357107761942
2025-11-19,5265.751227252594
2025-11-20,5303.604047837949
2025-11-21,5361.417227245149
2025-11-24,5299.47526719944
2025-11-25,5372.428927442798
2025-11-26,5430.9294277089375
2025-11-28,5462.58880758737
2025-12-01,5457.082687739385
2025-12-02,5421.293448225804
2025-12-03,5425.423847359272
2025-12-04,5399.270587328824
2025-12-05,5399.958987184403
2025-12-08,5355.222707541587
2025-12-09,5367.610667952073
2025-12-10,5383.440627640449
2025-12-11,5423.359726789177
2025-12-12,5466.02972786862
2025-12-15,5481.171287701419
2025-12-16,5456.394287883807
2025-12-17,5481.860227055316
2025-12-18,5450.200307678564
2025-12-19,5421.982387579702
2025-12-22,5403.0422200798785
2025-12-23,5377.373969038588
2025-12-24,5419.693296210409
2025-12-26,5427.324499938583
2025-12-29,5430.793474132444
2025-12-30,5421.774680726726
2025-12-31,5389.1674023010755
2026-01-02,5389.861197139848
2026-01-05,5366.272712119915
2026-01-06,5374.59825018518
2026-01-07,5315.628386381148
2026-01-08,5441.8936520544785
2026-01-09,5498.088336503422
2026-01-12,5562.608559017632
2026-01-13,5627.128242033522
2026-01-14,5704.831105982721
2026-01-15,5714.543154728892
2026-01-16,5696.505567917456
2026-01-20,5713.8493598901205
2026-01-21,5719.400258098616
2026-01-22,5707.604666842852
2026-01-23,5752.006457527628
2026-01-26,5742.987124623591
2026-01-27,5769.350788998611
2026-01-28,5711.074720033351
2026-01-29,5697.892618096681
2026-01-30,5793.632529358997
2026-02-02,5862.31498140752
2026-02-03,5957.3610978310635
2026-02-04,6035.0628827836235
2026-02-05,6030.205779413899
2026-02-06,6100.970694975377
2026-02-09,6065.588237194638
2026-02-10,6046.163060705658
2026-02-11,6132.883639063936
2026-02-12,6189.078323512881
2026-02-13,6209.891629177725
2026-02-17,6119.007742288494
2026-02-18,6107.908103864779
2026-02-19,6082.23877382685
2026-02-20,6097.501181283197
2026-02-23,6172.4283263789885
2026-02-24,6225.8478314728445
2026-02-25,6175.204045232396
2026-02-26,6164.796583152495
2026-02-27,6244.579752621372
2026-03-02,6154.390200069233
2026-03-03,6087.094798199935
2026-03-04,6046.85685554443
2026-03-05,5925.4481537425045
2026-03-06,5951.116944282115
2026-03-09,5964.2990462187845
2026-03-10,5946.9541752494815
2026-03-11,5868.558595458149
2026-03-12,5844.971189434856
2026-03-13,5878.965518039731
2026-03-16,5895.616054671942
2026-03-17,5876.1903386846425
2026-03-18,5733.2745363791
2026-03-19,5686.792440174647
2026-03-20,5639.6165491314205
2026-03-23,5663.686266652274
2026-03-24,5658.802727864898
2026-03-25,5686.709357433456
2026-03-26,5660.8954418459225
2026-03-27,5705.54648075427
2026-03-30,5712.52273352267
2026-03-31,5719.49952578939
2026-04-01,5683.220961300096
2026-04-02,5713.220844347998
2026-04-06,5766.941389504089
2026-04-07,5669.267916264977
2026-04-08,5775.313324424824
2026-04-09,5822.057077314196
2026-04-10,5746.709123529258
2026-04-13,5689.500182239807
2026-04-14,5683.9185326271045
2026-04-15,5655.313792233219
2026-04-16,5681.127707820753
2026-04-17,5752.98780497065
2026-04-20,5748.104266183274
2026-04-21,5709.731908716319
2026-04-22,5728.569571535452
2026-04-23,5824.150870291859
2026-04-24,5806.708889625061
2026-04-27,5744.615330551595
2026-04-28,5796.243161726663
2026-04-29,5785.080401999576
2026-04-30,5882.056843409999
2026-05-01,5872.289226336928
2026-05-04,5828.336298253907
2026-05-05,5864.6148627432
2026-05-06,5877.173304622623
2026-05-07,5859.034292127136
2026-05-08,5872.986797663936
2026-05-11,5816.475967199813
2026-05-12,5891.126889156061
2026-05-13,5910.661583803883
2026-05-14,5928.80113579769
2026-05-15,5905.079934191181
2026-05-18,5992.986329855541
2026-05-19,6006.242343061971
2026-05-20,5966.474842940999
2026-05-21,5906.475616343516
2026-05-22,5916.242693918268
2026-05-26,5834.6149796953
2026-05-27,5900.894506229132
2026-05-28,5890.428778330734
2026-05-29,5784.383370170887
2026-06-01,5722.988461421069
2026-06-02,5709.03487688763
2026-06-03,5732.057967668812
2026-06-04,5723.686032748076
2026-06-05,5821.359505987188
2026-06-08,5795.545590399654
2026-06-09,5867.405687549552
2026-06-10,5964.3815894616555
2026-06-11,5949.032862274201
2026-06-12,5987.4052197411565
2026-06-15,5963.684557632967
2026-06-16,5971.358381728375
2026-06-17,5838.1039153269785
2026-06-18,5811.592428412437
2026-06-22,5773.2351768984245
2026-06-23,5881.421853888043
2026-06-24,5932.003058323438
2026-06-25,5896.877401742742
2026-06-26,5950.9702007392325
2026-06-29,5927.085531141939
2026-06-30,5835.758716132466
2026-07-01,5851.916690799048
2026-07-02,5970.640848963549
2026-07-06,5908.117309729506
2026-07-07,5961.508221412433
2026-07-08,5928.490384765705
2026-07-09,5844.891343683582
2026-07-10,5909.522702851591
