Date,Close
1993-01-29,6.004100814615665
1993-02-01,6.0483422985360225
1993-02-02,6.093381219987536
1993-02-03,6.147985499500372
1993-02-04,6.2954574369276095
1993-02-05,6.3197702806550975
1993-02-08,6.3357131928093935
1993-02-09,6.2153444006600855
1993-02-10,6.202589779013209
1993-02-11,6.266760389665504
1993-02-12,6.293066097412279
1993-02-16,6.0403708424588745
1993-02-17,5.973011941299161
1993-02-18,5.925581680332317
1993-02-19,5.931959234425289
1993-02-22,5.9455103205251865
1993-02-23,5.909638768178021
1993-02-24,6.003303377084509
1993-02-25,6.106932306087433
1993-02-26,6.050733638051353
1993-03-01,5.917610224255169
1993-03-02,5.975403280814492
1993-03-03,6.033196337373814
1993-03-04,6.058705094128501
1993-03-05,6.132042587346076
1993-03-08,6.228895973299051
1993-03-09,6.26516600114226
1993-03-10,6.225707196252565
1993-03-11,6.197807099982547
1993-03-12,6.133636975869319
1993-03-15,6.130049723326789
1993-03-16,6.124469606764972
1993-03-17,6.0475453475439345
1993-03-18,6.114106811172493
1993-03-19,6.108526694610676
1993-03-22,6.102149627056772
1993-03-23,6.182262663324295
1993-03-24,6.163928411654668
1993-03-25,6.1922269834207295
1993-03-26,6.18306010085545
1993-03-29,6.274731845742652
1993-03-30,6.266760389665504
1993-03-31,6.2579914960572
1993-04-01,6.298247251938984
1993-04-02,6.193821371943973
1993-04-05,6.235273040852956
1993-04-06,6.30203398549907
1993-04-07,6.44811101542062
1993-04-08,6.4305737147430815
1993-04-12,6.571668584616414
1993-04-13,6.618301408052102
1993-04-14,6.619895796575346
1993-04-15,6.668919959526365
1993-04-16,6.708378764416061
1993-04-19,6.645005591294921
1993-04-20,6.556522623454206
1993-04-21,6.639425961272171
1993-04-22,6.485975431787073
1993-04-23,6.448907966412708
1993-04-26,6.299841640462228
1993-04-27,6.3751719976990895
1993-04-28,6.356040308498307
1993-04-29,6.3269447857401575
1993-04-30,6.348467814456271
1993-05-03,6.4070578220076815
1993-05-04,6.349264765448359
1993-05-05,6.2803114757654015
1993-05-06,6.29904468947014
1993-05-07,6.2635716126190175
1993-05-10,6.257194545065113
1993-05-11,6.259585884580444
1993-05-12,6.3349162418173055
1993-05-13,6.308610534070531
1993-05-14,6.3117988245779495
1993-05-17,6.2484256514568095
1993-05-18,6.217735740175417
1993-05-19,6.3357131928093935
1993-05-20,6.365207677602655
1993-05-21,6.317378941139767
1993-05-24,6.316581990147679
1993-05-25,6.334118804286151
1993-05-26,6.3675990171179855
1993-05-27,6.352453542494844
1993-05-28,6.293863048404367
1993-06-01,6.387926132806899
1993-06-02,6.394303686899871
1993-06-03,6.2870875053544175
1993-06-04,6.274731845742652
1993-06-07,6.285493116831175
1993-06-08,6.1842555273435815
1993-06-09,6.165124324681867
1993-06-10,6.084612326379232
1993-06-11,6.140014043423224
1993-06-14,6.0638867351942745
1993-06-15,6.068669414224936
1993-06-16,6.010079406673525
1993-06-17,5.9447133695330985
1993-06-18,5.939930690502437
1993-06-21,5.95069196159096
1993-06-22,5.920400525805611
1993-06-23,5.9522863501142025
1993-06-24,6.0395738914667865
1993-06-25,6.0168549497234745
1993-06-28,6.110519558629964
1993-06-29,6.100555238533528
1993-06-30,6.177479984293633
1993-07-01,6.193422896447929
1993-07-02,6.186646866858913
1993-07-06,6.090590918437093
1993-07-07,5.9758022428496025
1993-07-08,6.0555168036210825
1993-07-09,6.015260561200232
1993-07-12,5.9614532326794825
1993-07-13,5.996527834034561
1993-07-14,6.15236970303499
1993-07-15,6.143999771461798
1993-07-16,6.177479984293633
1993-07-19,6.168312615189286
1993-07-20,6.253208817026539
1993-07-21,6.270347155668967
1993-07-22,6.2815073887926
1993-07-23,6.347271901429071
1993-07-26,6.356439270533419
1993-07-27,6.301834504481515
1993-07-28,6.332524902301975
1993-07-29,6.35404744447902
1993-07-30,6.432168103266324
1993-08-02,6.4337620052505
1993-08-03,6.425392073677308
1993-08-04,6.42818237522775
1993-08-05,6.348866289952315
1993-08-06,6.3903179588612975
1993-08-09,6.447712053385509
1993-08-10,6.497812927292261
1993-08-11,6.456879422489856
1993-08-12,6.448509490916664
1993-08-13,6.452495218955238
1993-08-16,6.442530898858803
1993-08-17,6.545362390330571
1993-08-18,6.536992458757379
1993-08-19,6.594785515316702
1993-08-20,6.509889800018517
1993-08-23,6.503113770429501
1993-08-24,6.5752553506198765
1993-08-25,6.635041271198486
1993-08-26,6.582031380208893
1993-08-27,6.59677837933599
1993-08-30,6.581233942677738
1993-08-31,6.6382300482449725
1993-09-01,6.579640040693562
1993-09-02,6.504708158952743
1993-09-03,6.472423859148108
1993-09-07,6.429776277211926
1993-09-08,6.349663240944403
1993-09-09,6.3915133853494295
1993-09-10,6.4230007341619775
1993-09-13,6.5157088072623335
1993-09-14,6.426986462200551
1993-09-15,6.474018247671351
1993-09-16,6.478402451205969
1993-09-17,6.461263626024474
1993-09-20,6.442530898858803
1993-09-21,6.369193405641228
1993-09-22,6.434798333463655
1993-09-23,6.479199402198057
1993-09-24,6.522643935126327
1993-09-27,6.562501215512067
1993-09-28,6.591597224809283
1993-09-29,6.526629663164901
1993-09-30,6.489163722294492
1993-10-01,6.531811304230674
1993-10-04,6.53340520621485
1993-10-05,6.520651071107039
1993-10-06,6.507099498468075
1993-10-07,6.519854120114952
1993-10-08,6.521846984134239
1993-10-11,6.56409560403531
1993-10-12,6.525035274641658
1993-10-13,6.557319574446294
1993-10-14,6.520651071107039
1993-10-15,6.54057971129991
1993-10-18,6.599967156382475
1993-10-19,6.635838708729642
1993-10-20,6.649390281368606
1993-10-21,6.6306570676638685
1993-10-22,6.634244320206398
1993-10-25,6.686855735699948
1993-10-26,6.764378437973653
1993-10-27,6.770556024510002
1993-10-28,6.886939575159802
1993-10-29,6.883750798113316
1993-11-01,6.94393519418797
1993-11-02,6.928789719564829
1993-11-03,6.871793613997594
1993-11-04,6.79845612078002
1993-11-05,6.846284857242908
1993-11-08,6.883750798113316
1993-11-09,6.876975255063368
1993-11-10,6.940746903680552
1993-11-11,6.915238146925864
1993-11-12,6.983393999077666
1993-11-15,6.98737972711624
1993-11-16,7.0148813478902134
1993-11-17,6.903280962810142
1993-11-18,6.90766516634476
1993-11-19,6.884548235644472
1993-11-22,6.820776587027288
1993-11-23,6.749033482332956
1993-11-24,6.819580674000089
1993-11-26,6.934728415419179
1993-11-29,7.002924163774492
1993-11-30,7.00372111476658
1993-12-01,7.029229871521267
1993-12-02,7.057409241215862
1993-12-03,7.030824260044509
1993-12-06,7.000532824259161
1993-12-07,7.009699706824441
1993-12-08,7.044774308179519
1993-12-09,7.036802852102371
1993-12-10,7.030027309052422
1993-12-13,7.0625106033355465
1993-12-14,7.041187055636989
1993-12-15,7.032817124063797
1993-12-16,6.977016931523761
1993-12-17,6.991763930650858
1993-12-20,6.970241388473812
1993-12-21,6.979009795543048
1993-12-22,7.036802852102371
1993-12-23,7.020859939948075
1993-12-27,7.056731492295241
1993-12-28,7.077058607984155
1993-12-29,7.059920269341727
1993-12-30,7.038795716121657
1993-12-31,7.024048716994561
1994-01-03,6.981401135058379
1994-01-04,6.993358319174101
1994-01-05,7.089813229631032
1994-01-06,7.183078876502409
1994-01-07,7.1711615885901985
1994-01-10,7.25243064168141
1994-01-11,7.22333511892326
1994-01-12,7.260003622262514
1994-01-13,7.2703664178549925
1994-01-14,7.313013999791175
1994-01-17,7.264387825797132
1994-01-18,7.264387825797132
1994-01-19,7.281526650978627
1994-01-20,7.230110661973209
1994-01-21,7.231705050496452
1994-01-24,7.249640826670035
1994-01-25,7.208587633257096
1994-01-26,7.228516273449966
1994-01-27,7.258409233739271
1994-01-28,7.31221656226002
1994-01-31,7.409468423709038
1994-02-01,7.386351006469682
1994-02-02,7.422621520851959
1994-02-03,7.383959666954351
1994-02-04,7.279135311463296
1994-02-07,7.2934838350943485
1994-02-08,7.290693533543907
1994-02-09,7.312615037756064
1994-02-10,7.23608925403107
1994-02-11,7.186666129044939
1994-02-14,7.188658993064227
1994-02-15,7.182281925510321
1994-02-16,7.179890585994991
1994-02-17,7.168331877375312
1994-02-18,7.155976217763547
1994-02-22,7.190253381587469
1994-02-23,7.1691288283674
1994-02-24,7.027635482998024
1994-02-25,7.023251279463405
1994-02-28,7.024048716994561
1994-03-01,6.969443950942657
1994-03-02,6.902882487314098
1994-03-03,6.89491103123695
1994-03-04,6.924803991526256
1994-03-07,6.940746903680552
1994-03-08,6.981799610554423
1994-03-09,6.948319884261656
1994-03-10,6.874583915548037
1994-03-11,6.859437954385829
1994-03-14,6.879765070074742
1994-03-15,6.913245282906577
1994-03-16,6.984510119697843
1994-03-17,6.965059747408039
1994-03-18,6.906070777821517
1994-03-21,6.833132246639054
1994-03-22,6.833132246639054
1994-03-23,6.875380866540125
1994-03-24,6.799652033807218
1994-03-25,6.835125110658341
1994-03-28,6.819182198504045
1994-03-29,6.6776888531346685
1994-03-30,6.530615391203475
1994-03-31,6.517462294060554
1994-04-04,6.40466648249235
1994-04-05,6.564892555027398
1994-04-06,6.580835467181694
1994-04-07,6.5911982627741725
1994-04-08,6.526231187668857
1994-04-11,6.491156586313779
1994-04-12,6.457676373481944
1994-04-13,6.450502354935951
1994-04-14,6.411840501038343
1994-04-15,6.418218055131315
1994-04-18,6.3185748541669655
1994-04-19,6.204981605067607
1994-04-20,6.161935547635381
1994-04-21,6.3114003490819055
1994-04-22,6.357236221525507
1994-04-25,6.418218055131315
1994-04-26,6.476011111690638
1994-04-28,6.519056682583797
1994-04-29,6.616707019528859
1994-05-02,6.5668854190466845
1994-05-03,6.562102740016023
1994-05-04,6.544565439338483
1994-05-05,6.50789693599923
1994-05-06,6.412637938569498
1994-05-09,6.3345177663212615
1994-05-10,6.3520545804597335
1994-05-11,6.2484256514568095
1994-05-12,6.2711445932001215
1994-05-13,6.2085683710710695
1994-05-16,6.164725362646756
1994-05-17,6.2077714200789815
1994-05-18,6.354844882010175
1994-05-19,6.452495218955238
1994-05-20,6.38115058975695
1994-05-23,6.372382182687715
1994-05-24,6.410246599054167
1994-05-25,6.3907164343573415
1994-05-26,6.410246599054167
1994-05-27,6.46803965561349
1994-05-31,6.488366771302404
1994-06-01,6.486772382779161
1994-06-02,6.456879422489856
1994-06-03,6.450502354935951
1994-06-06,6.440139559343472
1994-06-07,6.432965054258412
1994-06-08,6.428580850723794
1994-06-09,6.397890452903334
1994-06-10,6.410246599054167
1994-06-13,6.449704917404796
1994-06-14,6.553333846407719
1994-06-15,6.520252595610995
1994-06-16,6.622087655073121
1994-06-17,6.586017108247466
1994-06-20,6.5429710508152406
1994-06-21,6.442650587469337
1994-06-22,6.460068199536342
1994-06-23,6.478800926702013
1994-06-24,6.336909105836592
1994-06-27,6.376766386222332
1994-06-28,6.3512576294676455
1994-06-29,6.399524737630088
1994-06-30,6.3600260365368815
1994-07-01,6.418895317512869
1994-07-05,6.395897588884047
1994-07-06,6.357236221525507
1994-07-07,6.3668020661258975
1994-07-08,6.387129181814811
1994-07-11,6.309009009566575
1994-07-12,6.308610534070531
1994-07-13,6.308929217159553
1994-07-14,6.366004628594742
1994-07-15,6.385136317795524
1994-07-18,6.389520521330142
1994-07-19,6.403470569465151
1994-07-20,6.3584321345527055
1994-07-21,6.36839645464914
1994-07-22,6.403470569465151
1994-07-25,6.395897588884047
1994-07-26,6.371305958271049
1994-07-27,6.3026319420126695
1994-07-28,6.315784552616523
1994-07-29,6.3265463102441135
1994-08-01,6.3345177663212615
1994-08-02,6.392310822880584
1994-08-03,6.426189511208463
1994-08-04,6.394303686899871
1994-08-05,6.362018900556168
1994-08-08,6.3357131928093935
1994-08-09,6.369591881137272
1994-08-10,6.3915133853494295
1994-08-11,6.345677512905828
1994-08-12,6.379556201233707
1994-08-15,6.3896402099406755
1994-08-16,6.395897588884047
1994-08-17,6.4233992096580215
1994-08-18,6.3520545804597335
1994-08-19,6.306218708016132
1994-08-22,6.291471708889036
1994-08-23,6.32256058220554
1994-08-24,6.3831434537762375
1994-08-25,6.373179133679803
1994-08-26,6.434559442781655
1994-08-29,6.483982567767786
1994-08-30,6.503113770429501
1994-08-31,6.545362390330571
1994-09-01,6.510686751010605
1994-09-02,6.488765246798448
1994-09-06,6.476808062682726
1994-09-07,6.447313577889465
1994-09-08,6.4309721902391255
1994-09-09,6.34488056191374
1994-09-12,6.2715430686961655
1994-09-13,6.2723400196882535
1994-09-14,6.290674757896948
1994-09-15,6.283101777315844
1994-09-16,6.24284602143406
1994-09-19,6.187842779886112
1994-09-20,6.045153521489536
1994-09-21,5.980983397376309
1994-09-22,6.004499290111709
1994-09-23,5.9762007183456465
1994-09-26,5.97062060178383
1994-09-27,5.971816514811029
1994-09-28,5.990150766480656
1994-09-29,5.912827545224507
1994-09-30,5.9451118450291425
1994-10-03,5.922791865320942
1994-10-04,5.815974159271533
1994-10-05,5.753796899177591
1994-10-06,5.733469783488678
1994-10-07,5.758580064747321
1994-10-10,5.829047464007431
1994-10-11,5.900471885612741
1994-10-12,5.939531728467326
1994-10-13,5.9291689328748465
1994-10-14,5.964642009725969
1994-10-17,5.961852194714594
1994-10-18,5.979389008853065
1994-10-19,6.0722566667674664
1994-10-20,6.0240294548085345
1994-10-21,5.981381872872353
1994-10-24,5.882137633943114
1994-10-25,5.875361604354098
1994-10-26,5.862607469246289
1994-10-27,5.9598593306953065
1994-10-28,6.125267044296128
1994-10-31,6.086206714902476
1994-11-01,6.069466851756092
1994-11-02,6.053523939601796
1994-11-03,6.05272650207064
1994-11-04,5.970222126287786
1994-11-07,5.94710470904843
1994-11-08,5.945909282560298
1994-11-09,5.927574544351604
1994-11-10,5.912429069728463
1994-11-11,5.868187585808105
1994-11-14,5.909638768178021
1994-11-15,5.916414797767037
1994-11-16,5.9136244962165945
1994-11-17,5.880144769923827
1994-11-18,5.853041624645897
1994-11-21,5.816771596802687
1994-11-22,5.742637152593025
1994-11-23,5.668502221844295
1994-11-25,5.696402318114313
1994-11-28,5.699989570656843
1994-11-29,5.748216782615774
1994-11-30,5.752999948185503
1994-12-01,5.703576823199373
1994-12-02,5.725099851915486
1994-12-05,5.752202510654349
1994-12-06,5.70198243467613
1994-12-07,5.642594989593564
1994-12-08,5.490340373135664
1994-12-09,5.504290421270674
1994-12-12,5.504290421270674
1994-12-13,5.468020393427464
1994-12-14,5.556104885772135
1994-12-15,5.62944237898971
1994-12-16,5.644189378116807
1994-12-19,5.619478058893275
1994-12-20,5.581215167030778
1994-12-21,5.584004982042154
1994-12-22,5.619079583397231
1994-12-23,5.717526871334382
1994-12-27,5.74183971506187
1994-12-28,5.719519735353669
1994-12-29,5.757782627216166
1994-12-30,5.799234296125149
1995-01-03,5.871734455608057
1995-01-04,5.915218884739838
1995-01-05,5.94710470904843
1995-01-06,5.9841721744227945
1995-01-09,6.0009120375691785
1995-01-10,5.9845706499188385
1995-01-11,6.0092819691423704
1995-01-12,6.054719366089928
1995-01-13,6.09258378245638
1995-01-16,6.177081508797589
1995-01-17,6.177878459789677
1995-01-18,6.188241255382156
1995-01-19,6.15595695557752
1995-01-20,6.066676550205649
1995-01-23,6.090989393933137
1995-01-24,6.049936687059265
1995-01-25,6.0718581912714225
1995-01-26,6.020442202266005
1995-01-27,6.0722566667674664
1995-01-30,5.991346192968788
1995-01-31,5.9526848256102465
1995-02-01,5.9534817766023345
1995-02-02,5.947902146579585
1995-02-03,6.02323201727738
1995-02-06,6.004499290111709
1995-02-07,5.9773961448337785
1995-02-08,5.982976261395596
1995-02-09,5.991346192968788
1995-02-10,6.146391110977129
1995-02-13,6.205778556059695
1995-02-14,6.2161413516521735
1995-02-15,6.2803114757654015
1995-02-16,6.26516600114226
1995-02-17,6.244838885453347
1995-02-21,6.265962952134348
1995-02-22,6.2874859808504615
1995-02-23,6.364410726610567
1995-02-24,6.357236221525507
1995-02-27,6.289478844869748
1995-02-28,6.35998614033337
1995-03-01,6.322959057701584
1995-03-02,6.293066097412279
1995-03-03,6.269151729180835
1995-03-06,6.234874565356912
1995-03-07,6.150376839015703
1995-03-08,6.139217092431136
1995-03-09,6.107331268122544
1995-03-10,6.2085683710710695
1995-03-13,6.244838885453347
1995-03-14,6.284696165839087
1995-03-15,6.2552016810458255
1995-03-16,6.298646213974096
1995-03-17,6.300639077993383
1995-03-20,6.3664035906298535
1995-03-21,6.322959057701584
1995-03-22,6.299841640462228
1995-03-23,6.274731845742652
1995-03-24,6.301436028985471
1995-03-27,6.489163722294492
1995-03-28,6.503911207960656
1995-03-29,6.479597877694101
1995-03-30,6.59677837933599
1995-03-31,6.5194551580798406
1995-04-03,6.476808062682726
1995-04-04,6.537390934253423
1995-04-05,6.492750974837022
1995-04-06,6.527028138660945
1995-04-07,6.553333846407719
1995-04-10,6.560508351492779
1995-04-11,6.5513409823884325
1995-04-12,6.594785515316702
1995-04-13,6.6469984553142085
1995-04-17,6.571668584616414
1995-04-18,6.5194551580798406
1995-04-19,6.489961159825647
1995-04-20,6.514274003553135
1995-04-21,6.548551167377058
1995-04-24,6.577168908771209
1995-04-25,6.634642795702442
1995-04-26,6.65895563942993
1995-04-27,6.696023104804295
1995-04-28,6.721133386062938
1995-05-01,6.6784858041267565
1995-05-02,6.628265728148538
1995-05-03,6.698015968823582
1995-05-04,6.584821195220267
1995-05-05,6.473220810140196
1995-05-08,6.505904071979943
1995-05-09,6.48796829580636
1995-05-10,6.48438104326383
1995-05-11,6.538985322776667
1995-05-12,6.580835467181694
1995-05-15,6.6143156800135285
1995-05-16,6.6549699113913565
1995-05-17,6.565291030523442
1995-05-18,6.536195507765291
1995-05-19,6.483583605732675
1995-05-22,6.552935370911675
1995-05-23,6.610608738860465
1995-05-24,6.5744583996277886
1995-05-25,6.5194551580798406
1995-05-26,6.462061063555629
1995-05-30,6.487170858275205
1995-05-31,6.628265728148538
1995-06-01,6.609533000982866
1995-06-02,6.499925479922082
1995-06-05,6.540181235803866
1995-06-06,6.547355254349859
1995-06-07,6.591995700305327
1995-06-08,6.546558303357771
1995-06-09,6.554131283938875
1995-06-12,6.629062679140625
1995-06-13,6.779723393614349
1995-06-14,6.7729478505644
1995-06-15,6.789687713710784
1995-06-16,6.800050509303262
1995-06-19,6.900092185763656
1995-06-20,6.886142137628648
1995-06-21,6.902882487314098
1995-06-22,7.015279823386257
1995-06-23,6.985785338592997
1995-06-26,6.901288098790856
1995-06-27,6.91483967142982
1995-06-28,6.960675543873421
1995-06-29,6.904875351333385
1995-06-30,6.969842426438701
1995-07-03,6.973429678981231
1995-07-05,7.02723700750198
1995-07-06,7.126083257474241
1995-07-07,7.331746726956846
1995-07-10,7.537011720943406
1995-07-11,7.432984316444438
1995-07-12,7.4847987809459005
1995-07-13,7.511104488692675
1995-07-14,7.450521617121978
1995-07-17,7.446894468375937
1995-07-18,7.361639687246151
1995-07-19,7.222139205896061
1995-07-20,7.323376795383654
1995-07-21,7.384757104485507
1995-07-24,7.399504103612603
1995-07-25,7.467261480268361
1995-07-26,7.45889154869517
1995-07-27,7.601181845056634
1995-07-28,7.559331700651607
1995-07-31,7.539004584962693
1995-08-01,7.5083146736813005
1995-08-02,7.395916851070074
1995-08-03,7.464471665256986
1995-08-04,7.505524372130858
1995-08-07,7.479218664384083
1995-08-08,7.48121152840337
1995-08-09,7.45889154869517
1995-08-10,7.41189965942788
1995-08-11,7.375191259885115
1995-08-14,7.444144063029005
1995-08-15,7.487190120461231
1995-08-16,7.475232936345509
1995-08-17,7.578463389852389
1995-08-18,7.531033128885545
1995-08-21,7.582847593387007
1995-08-22,7.5884277099488235
1995-08-23,7.561324564670894
1995-08-24,7.5497658560512155
1995-08-25,7.570093458279197
1995-08-28,7.594007826510641
1995-08-29,7.56810059425991
1995-08-30,7.507915711646189
1995-08-31,7.576470525833102
1995-09-01,7.622704873772746
1995-09-05,7.753037986018489
1995-09-06,7.875001653230107
1995-09-07,7.878588419233569
1995-09-08,7.912068632065404
1995-09-11,7.816809634635673
1995-09-12,7.806446839043194
1995-09-13,7.909677292550073
1995-09-14,7.926816117731569
1995-09-15,7.959897368528292
1995-09-18,7.973050465671213
1995-09-19,7.884168535795387
1995-09-20,7.863044469114385
1995-09-21,7.791699839916097
1995-09-22,7.719956735221765
1995-09-25,7.719558259725721
1995-09-26,7.709593939629286
1995-09-27,7.663758067185686
1995-09-28,7.775358452265757
1995-09-29,7.789308500400766
1995-10-02,7.788112587373567
1995-10-03,7.673323425247009
1995-10-04,7.598790505541302
1995-10-05,7.625494688784122
1995-10-06,7.7076010756099995
1995-10-09,7.566107730240623
1995-10-10,7.542193362009179
1995-10-11,7.6757152513014075
1995-10-12,7.665750931204973
1995-10-13,7.745066529941341
1995-10-16,7.734225466445796
1995-10-17,7.7159710071831915
1995-10-18,7.694846453963122
1995-10-19,7.6374518728998435
1995-10-20,7.626690601811321
1995-10-23,7.585238932902338
1995-10-24,7.768582422676741
1995-10-25,7.678505066312782
1995-10-26,7.594007826510641
1995-10-27,7.5896231364369555
1995-10-30,7.686874997885974
1995-10-31,7.7167679581752795
1995-11-01,7.672127998758877
1995-11-02,7.913264545092604
1995-11-03,7.93518604930476
1995-11-06,8.012907746056953
1995-11-07,7.989391853321553
1995-11-08,7.996566358406613
1995-11-09,7.9718545526440145
1995-11-10,7.992979105864083
1995-11-13,7.957107553516917
1995-11-14,7.862645507079273
1995-11-15,7.839528576378985
1995-11-16,7.9244242916771706
1995-11-17,7.993776056856171
1995-11-20,7.993776056856171
1995-11-21,7.96906473763264
1995-11-22,8.096608034867007
1995-11-24,8.106970830459487
1995-11-27,8.126500995156311
1995-11-28,8.211396710454498
1995-11-29,8.279154087110255
1995-11-30,8.251652952875348
1995-12-01,8.299481689338236
1995-12-04,8.315424601492532
1995-12-05,8.338542018731887
1995-12-06,8.316620514519732
1995-12-07,8.277161223090967
1995-12-08,8.255239718878812
1995-12-11,8.293503097280375
1995-12-12,8.253645816894636
1995-12-13,8.308250096407471
1995-12-14,8.20502012943966
1995-12-15,8.105376441936242
1995-12-18,7.962687670078735
1995-12-19,7.961093281555492
1995-12-20,8.004936289979804
1995-12-21,7.814816770616386
1995-12-22,7.791699839916097
1995-12-26,7.783329908342905
1995-12-27,7.810034091585724
1995-12-28,7.78611972335428
1995-12-29,7.895727244415065
1996-01-02,7.973050465671213
1996-01-03,8.082657986731999
1996-01-04,8.038416502811641
1996-01-05,7.956709078020873
1996-01-08,7.915655884607935
1996-01-09,7.758618102580306
1996-01-10,7.566904681232711
1996-01-11,7.618320670238129
1996-01-12,7.594804777502729
1996-01-15,7.566506205736667
1996-01-16,7.5565418856402315
1996-01-17,7.5728832732905715
1996-01-18,7.503929983607615
1996-01-19,7.5645133417173795
1996-01-22,7.64064064994633
1996-01-23,7.6613662411312875
1996-01-24,7.694846453963122
1996-01-25,7.624697737792034
1996-01-26,7.608356350141694
1996-01-29,7.598790505541302
1996-01-30,7.611544640649113
1996-01-31,7.75901657807635
1996-02-01,7.7474583559957395
1996-02-02,7.812823906597099
1996-02-05,7.792895266404229
1996-02-06,7.938773301847291
1996-02-07,7.937577388820092
1996-02-08,8.03482925026911
1996-02-09,8.040249782016883
1996-02-12,8.05834514300451
1996-02-13,8.101789189393713
1996-02-14,8.173532294088044
1996-02-15,8.104579490944156
1996-02-16,8.110159607505972
1996-02-20,8.082259511235954
1996-02-21,8.240891681786826
1996-02-22,8.415465791413858
1996-02-23,8.385971793159666
1996-02-26,8.287125543187402
1996-02-27,8.230129437620167
1996-02-28,8.151610789875887
1996-02-29,8.177120033169642
1996-03-01,8.244478447790287
1996-03-04,8.402711656306048
1996-03-05,8.369231930013282
1996-03-06,8.345317561781837
1996-03-07,8.300278640330324
1996-03-08,8.121717829586583
1996-03-11,8.351096672822143
1996-03-12,8.344361025975704
1996-03-13,8.441373023664589
1996-03-14,8.586055146080453
1996-03-15,8.510725275382658
1996-03-18,8.70801881329207
1996-03-19,8.829184556433464
1996-03-20,8.74668018065061
1996-03-21,8.724359714403342
1996-03-22,8.759434315758421
1996-03-25,8.651421669759946
1996-03-26,8.617940970389045
1996-03-27,8.519493682451893
1996-03-28,8.63388388254334
1996-03-29,8.577685701046327
1996-04-01,8.605864097662788
1996-04-02,8.654609473728298
1996-04-03,8.708815764284157
1996-04-04,8.795305868105586
1996-04-08,8.640659425593288
1996-04-09,8.65381252273621
1996-04-10,8.552575419787685
1996-04-11,8.422242307541941
1996-04-12,8.41466884042177
1996-04-15,8.564133641868295
1996-04-16,8.704830036245584
1996-04-17,8.772986374936453
1996-04-18,8.852700935707933
1996-04-19,8.80606713919411
1996-04-22,8.823604926410715
1996-04-23,8.744687316631323
1996-04-24,8.751462859681272
1996-04-25,8.698054493195635
1996-04-26,8.760231266750509
1996-04-29,8.745883229658522
1996-04-30,8.7921170910591
1996-05-01,8.80606713919411
1996-05-02,8.739904637600661
1996-05-03,8.688488162056176
1996-05-06,8.65540739779852
1996-05-07,8.599208243223373
1996-05-08,8.608773601284696
1996-05-09,8.65540739779852
1996-05-10,8.720373986364768
1996-05-13,8.871433662873603
1996-05-14,8.884984748973501
1996-05-15,8.990208553038734
1996-05-16,8.96549626073707
1996-05-17,9.030065833424475
1996-05-20,9.038037289501622
1996-05-21,9.08586602596451
1996-05-22,9.152028527557958
1996-05-23,9.090648704995171
1996-05-24,9.07111805375928
1996-05-28,9.01770968727364
1996-05-29,8.992201417058022
1996-05-30,8.915276671297917
1996-05-31,8.88020206994284
1996-06-03,8.920059350328579
1996-06-04,8.924444040402264
1996-06-05,8.977055455895814
1996-06-06,8.982635085918563
1996-06-07,8.917667524274181
1996-06-10,8.894949069069936
1996-06-11,8.88578169996559
1996-06-12,8.863860195753432
1996-06-13,8.824401877402803
1996-06-14,8.782152770962664
1996-06-17,8.73233117048049
1996-06-18,8.827988643406266
1996-06-19,8.77816704292409
1996-06-20,8.753854685735671
1996-06-21,8.79371196612141
1996-06-24,8.796102819097674
1996-06-25,8.758637364766333
1996-06-26,8.642652289612576
1996-06-27,8.689644178879865
1996-06-28,8.696061629176347
1996-07-01,8.829981507425552
1996-07-02,8.776573140939915
1996-07-03,8.756245538711934
1996-07-05,8.52866105155624
1996-07-08,8.416661704441058
1996-07-09,8.474056772043404
1996-07-10,8.397928977275386
1996-07-11,8.273972446044482
1996-07-12,8.291111271225978
1996-07-15,8.029249133707292
1996-07-16,7.894132855891821
1996-07-17,8.045192045861588
1996-07-18,8.098600898886295
1996-07-19,8.046387958888788
1996-07-22,7.905293089015456
1996-07-23,7.921236001169752
1996-07-24,7.834745410809256
1996-07-25,7.843514304417559
1996-07-26,7.900908885480837
1996-07-29,7.841521440398272
1996-07-30,7.915615988404423
1996-07-31,8.003341901456562
1996-08-01,8.046387958888788
1996-08-02,8.175924120142442
1996-08-05,8.244478447790287
1996-08-06,8.181902712200303
1996-08-07,8.21697731355538
1996-08-08,8.288720418249714
1996-08-09,8.24966008885606
1996-08-12,8.244478447790287
1996-08-13,8.201034401401087
1996-08-14,8.189874168277452
1996-08-15,8.16516284905392
1996-08-16,8.179510886145906
1996-08-19,8.22215798154302
1996-08-20,8.246471311809575
1996-08-21,8.28194390212163
1996-08-22,8.258029533890186
1996-08-23,8.218172253504447
1996-08-26,8.201831352393173
1996-08-27,8.254442767886724
1996-08-28,8.254442767886724
1996-08-29,8.199838488373887
1996-08-30,8.150016887891711
1996-09-03,8.073889093123695
1996-09-04,8.052765026442692
1996-09-05,7.953121825478344
1996-09-06,8.048779298404119
1996-09-09,8.095332329432786
1996-09-10,8.111355033994103
1996-09-11,8.112550947021303
1996-09-12,8.140849518787364
1996-09-13,8.201034401401087
1996-09-16,8.250018181609526
1996-09-17,8.1978456243546
1996-09-18,8.150016887891711
1996-09-19,8.226143709581594
1996-09-20,8.372818696016743
1996-09-23,8.312634786481157
1996-09-24,8.258029533890186
1996-09-25,8.256834593941122
1996-09-26,8.165959800046007
1996-09-27,8.238499855732428
1996-09-30,8.286328592195316
1996-10-01,8.30689459856623
1996-10-02,8.342128784735351
1996-10-03,8.289915358198778
1996-10-04,8.378399299117628
1996-10-07,8.311438873453959
1996-10-08,8.275168359071682
1996-10-09,8.169148577092495
1996-10-10,8.204621167404548
1996-10-11,8.273972446044482
1996-10-14,8.203027265420372
1996-10-15,8.391153434225437
1996-10-16,8.358470658924759
1996-10-17,8.376007473063229
1996-10-18,8.435394431606728
1996-10-21,8.430611752576066
1996-10-22,8.464092451946968
1996-10-23,8.582866369033965
1996-10-24,8.520689595479093
1996-10-25,8.476447625019667
1996-10-28,8.392349347252637
1996-10-29,8.361658462893109
1996-10-30,8.356477794905471
1996-10-31,8.503949732332709
1996-11-01,8.519493682451893
1996-11-04,8.586055146080453
1996-11-05,8.560546875864832
1996-11-06,8.616745057361845
1996-11-07,8.68649529803689
1996-11-08,8.703634123218384
1996-11-11,8.764177098585572
1996-11-12,8.855490750719307
1996-11-13,8.835960099483414
1996-11-14,8.883390846989325
1996-11-15,8.853895875656997
1996-11-18,8.938394088537272
1996-11-19,8.996187145096595
1996-11-20,9.061951657733067
1996-11-21,9.00336067710352
1996-11-22,9.028869920397275
1996-11-25,9.126520257342339
1996-11-26,9.096228335017923
1996-11-27,9.05840381485498
1996-11-29,9.130505985380912
1996-12-02,9.142861158453611
1996-12-03,9.167573450755278
1996-12-04,9.200654215012934
1996-12-05,9.228953273318062
1996-12-06,9.06434251070933
1996-12-09,9.162391809689504
1996-12-10,9.21141645917959
1996-12-11,9.155217304604443
1996-12-12,8.973467716814216
1996-12-13,8.963503396717782
1996-12-16,8.843134604568474
1996-12-17,8.908102166212856
1996-12-18,8.91447972030583
1996-12-19,8.990606541995712
1996-12-20,9.049595511582233
1996-12-23,8.9802442329423
1996-12-24,8.99897696010797
1996-12-26,9.102206927075782
1996-12-27,9.118149839230078
1996-12-30,9.089851754003085
1996-12-31,8.990606541995712
1997-01-02,8.856686663746506
1997-01-03,8.96346350051427
1997-01-06,8.927631844370616
1997-01-07,9.029666871389363
1997-01-08,8.995389221026374
1997-01-09,9.051987337636632
1997-01-10,9.022492366304304
1997-01-13,8.988613677976424
1997-01-14,9.04441387051646
1997-01-15,9.163587722716702
1997-01-16,9.19826336203667
1997-01-17,9.215800176175142
1997-01-20,9.237323691430321
1997-01-21,9.31624032813158
1997-01-22,9.387186481833822
1997-01-23,9.361678211618203
1997-01-24,9.297507600965908
1997-01-27,9.221460571683048
1997-01-28,9.173552042813139
1997-01-29,9.24250435941796
1997-01-30,9.281564688811612
1997-01-31,9.263230923681053
1997-02-03,9.348007436907771
1997-02-04,9.325806659271038
1997-02-05,9.21141645917959
1997-02-06,9.264425863630118
1997-02-07,9.292724921935246
1997-02-10,9.228953273318062
1997-02-11,9.258447271572257
1997-02-12,9.354104744498033
1997-02-13,9.419072306142414
1997-02-14,9.40472426905043
1997-02-18,9.38798343282591
1997-02-19,9.361678211618203
1997-02-20,9.328197512247302
1997-02-21,9.38116799357245
1997-02-24,9.470846874440365
1997-02-25,9.452553005513318
1997-02-26,9.346931212491107
1997-02-27,9.24250435941796
1997-02-28,9.234931865375923
1997-03-03,9.458531597571177
1997-03-04,9.582487155723948
1997-03-05,9.686913035718959
1997-03-06,9.693689551847044
1997-03-07,9.756663276394004
1997-03-10,9.812383676527018
1997-03-11,9.804890974892004
1997-03-12,9.811268528984975
1997-03-13,9.66140476550334
1997-03-14,9.70684167591183
1997-03-17,9.759454064483513
1997-03-18,9.843154353293567
1997-03-19,9.639084299256073
1997-03-20,9.63430162022541
1997-03-21,9.664991531506804
1997-03-24,9.694486502839132
1997-03-25,9.627925039210572
1997-03-26,9.708037588939028
1997-03-27,9.583284106716036
1997-03-31,9.399542627984657
1997-04-01,9.405919208999494
1997-04-02,9.3776211237725
1997-04-03,9.366460890648865
1997-04-04,9.567899741410896
1997-04-07,9.674955851603238
1997-04-08,9.6685792705884
1997-04-09,9.694486502839132
1997-04-10,9.6809344436611
1997-04-11,9.506479049566465
1997-04-14,9.585675932770434
1997-04-15,9.728763180123986
1997-04-16,9.835580886173396
1997-04-17,9.938811826219343
1997-04-18,9.969501737500735
1997-04-21,9.91210666989839
1997-04-22,10.107248732052605
1997-04-23,10.28557016557528
1997-04-24,10.154041140302338
1997-04-25,10.014938647909226
1997-04-28,10.09146443163422
1997-04-29,10.23973429313168
1997-04-30,10.253285379231578
1997-05-01,10.140489081124306
1997-05-02,10.386010317531717
1997-05-05,10.458550373218138
1997-05-06,10.377639899419458
1997-05-07,10.340572434045093
1997-05-08,10.431447227940208
1997-05-09,10.367675579323024
1997-05-12,10.501596430650363
1997-05-13,10.46971060634177
1997-05-14,10.429056374963944
1997-05-15,10.460942199272536
1997-05-16,10.460942199272536
1997-05-19,10.502792343677562
1997-05-20,10.656242873162661
1997-05-21,10.612000902703235
1997-05-22,10.604826397618176
1997-05-23,10.735159509863918
1997-05-27,10.671786823281845
1997-05-28,10.585296719460416
1997-05-29,10.669793959262558
1997-05-30,10.698093017567688
1997-06-02,10.6490683680776
1997-06-03,10.643487764976717
1997-06-04,10.598050854568227
1997-06-05,10.6961001535484
1997-06-06,10.83400575983618
1997-06-09,10.757479976111187
1997-06-10,10.646278553066226
1997-06-11,10.667801095243272
1997-06-12,10.725195189767483
1997-06-13,10.927670368742668
1997-06-16,10.849948671990475
1997-06-17,10.871472187245656
1997-06-18,10.91411928264277
1997-06-19,10.892197778430614
1997-06-20,10.987058300364302
1997-06-23,10.912923369615571
1997-06-24,10.957563329031974
1997-06-25,10.913322331650683
1997-06-26,10.797736218532037
1997-06-27,10.890602903368304
1997-06-30,10.81567199470562
1997-07-01,10.940424503850478
1997-07-02,11.11181080950916
1997-07-03,11.150473149945835
1997-07-07,11.208664195462134
1997-07-08,11.246130622871611
1997-07-09,11.207468282434935
1997-07-10,11.208664195462134
1997-07-11,11.236963253767263
1997-07-14,11.163227285053644
1997-07-15,11.29714716330285
1997-07-16,11.520706999294593
1997-07-17,11.391609696279561
1997-07-18,11.303923679430934
1997-07-21,11.268849078075855
1997-07-22,11.534297981598002
1997-07-23,11.58970018518106
1997-07-24,11.554226621790871
1997-07-25,11.582924642131111
1997-07-28,11.582924642131111
1997-07-29,11.718837384399604
1997-07-30,11.84996842071557
1997-07-31,11.925697253448474
1997-08-01,11.763079354859029
1997-08-04,11.863519506815466
1997-08-05,11.9217115254099
1997-08-06,11.99425158109632
1997-08-07,11.933269747490511
1997-08-08,11.706083249291794
1997-08-11,11.694923016168161
1997-08-12,11.613614553412505
1997-08-13,11.624375824501028
1997-08-14,11.540675535690974
1997-08-15,11.419110830514468
1997-08-18,11.454583420826522
1997-08-19,11.480490653077252
1997-08-20,11.687350522126124
1997-08-21,11.688147473118212
1997-08-22,11.706083249291794
1997-08-25,11.72162719941098
1997-08-26,11.60922986333882
1997-08-27,11.565785816949617
1997-08-28,11.466540604942244
1997-08-29,11.439836421699425
1997-09-02,11.664632066921879
1997-09-03,11.795363168124599
1997-09-04,11.759890577812543
1997-09-05,11.795762130159709
1997-09-08,12.061212006759991
1997-09-09,12.00142608618138
1997-09-10,12.038891540512722
1997-09-11,12.065595723755541
1997-09-12,12.112627509226341
1997-09-15,12.257309631642203
1997-09-16,12.443841898463093
1997-09-17,12.492068623882957
1997-09-18,12.603271020006051
1997-09-19,12.78940432479183
1997-09-22,12.698529530896717
1997-09-23,12.579356651774608
1997-09-24,12.62399661119101
1997-09-25,12.513592139138138
1997-09-26,12.607256748044627
1997-09-29,12.717661220097499
1997-09-30,12.673419249638073
1997-10-01,12.768678733606873
1997-10-02,12.865133157524737
1997-10-03,12.785418596753257
1997-10-06,12.953616125365452
1997-10-07,13.077970645553334
1997-10-08,13.026953132043959
1997-10-09,13.04516818164212
1997-10-10,13.010213268897575
1997-10-13,13.107863605842638
1997-10-14,13.223449718961284
1997-10-15,13.389256394597215
1997-10-16,13.185984264629942
1997-10-17,12.971152939503924
1997-10-20,13.083949237611193
1997-10-21,13.42512794694438
1997-10-22,13.420345267913719
1997-10-23,13.123408529039958
1997-10-24,12.910172078976249
1997-10-27,11.97551885393065
1997-10-28,12.354959968587266
1997-10-29,12.496054351921531
1997-10-30,12.322277193286586
1997-10-31,12.481307352794435
1997-11-03,12.767482820579673
1997-11-04,12.761504228521813
1997-11-05,12.784222683726057
1997-11-06,12.800564557915465
1997-11-07,12.691355025811657
1997-11-10,12.527143225238035
1997-11-11,12.550658631434368
1997-11-12,12.302746542050693
1997-11-13,12.229807524329162
1997-11-14,12.382461102822173
1997-11-17,12.553449419523877
1997-11-18,12.398802977011579
1997-11-19,12.327059872317248
1997-11-20,12.639540561310195
1997-11-21,12.692151976803745
1997-11-24,12.538741343522156
1997-11-25,12.586929145816645
1997-11-26,12.687768259808195
1997-11-28,12.754329723436753
1997-12-01,13.080322575404221
1997-12-02,13.106269703858462
1997-12-03,13.11543707296281
1997-12-04,13.17522299354142
1997-12-05,13.216275213876223
1997-12-08,13.361754287284175
1997-12-09,13.314324512856398
1997-12-10,13.29200404660913
1997-12-11,12.928505844106809
1997-12-12,12.901004709871902
1997-12-15,13.042896044198255
1997-12-16,12.975138667542497
1997-12-17,12.89462715577893
1997-12-18,12.649903843441741
1997-12-19,12.527940176230123
1997-12-22,12.552651495453656
1997-12-23,12.453008294489306
1997-12-24,12.363329413621392
1997-12-26,12.362532462629304
1997-12-29,12.419528568196538
1997-12-30,12.818898323046025
1997-12-31,12.979523357616182
1998-01-02,12.91615067103411
1998-01-05,12.990284628704705
1998-01-06,13.065216510445524
1998-01-07,13.278452960509231
1998-01-08,13.11543707296281
1998-01-09,12.697333617869518
1998-01-12,12.885858748709694
1998-01-13,12.977530493596896
1998-01-14,12.871509738539574
1998-01-15,12.869516874520286
1998-01-16,13.111451344924236
1998-01-20,13.417953441859321
1998-01-21,13.302766290775788
1998-01-22,13.193158769715001
1998-01-23,12.931295659118184
1998-01-26,12.91041048311918
1998-01-27,12.852777011373902
1998-01-28,13.203083193607926
1998-01-29,13.31320839223622
1998-01-30,13.189053353065894
1998-02-02,13.398941441269072
1998-02-03,13.496511985807112
1998-02-04,13.531267417534101
1998-02-05,13.50021844042111
1998-02-06,13.616243411778377
1998-02-09,13.803253459963265
1998-02-10,13.892654040484736
1998-02-11,13.928126630796791
1998-02-12,14.249257011326575
1998-02-13,14.122510665084295
1998-02-17,14.198239497817202
1998-02-18,14.087715337153796
1998-02-19,13.964197664161512
1998-02-20,13.760406883548594
1998-02-23,13.940123711116025
1998-02-24,13.626566797706412
1998-02-25,13.692331310342883
1998-02-26,13.556018632961145
1998-02-27,13.411655680173372
1998-03-02,13.448364079716136
1998-03-03,13.732108798321601
1998-03-04,13.699983596791942
1998-03-05,13.540155513213872
1998-03-06,13.8139359117229
1998-03-09,13.906484400009212
1998-03-10,14.057902169271513
1998-03-11,14.05100693761103
1998-03-12,14.118684521859766
1998-03-13,14.143156463862232
1998-03-16,14.442564821197413
1998-03-17,14.495335821505007
1998-03-18,14.363806796232065
1998-03-19,14.402029305351984
1998-03-20,14.296487304736797
1998-03-23,13.9777088540579
1998-03-24,14.073126949762608
1998-03-25,14.019878168091015
1998-03-26,13.999909631694633
1998-03-27,13.999152576906058
1998-03-30,13.947378008608107
1998-03-31,14.257308259810745
1998-04-01,14.263207059461584
1998-04-02,14.431842473234267
1998-04-03,14.505100660583887
1998-04-06,14.352726355515454
1998-04-07,14.09014608633357
1998-04-08,13.976234640684257
1998-04-09,14.098277127224762
1998-04-13,14.18333291387606
1998-04-14,14.309082828108696
1998-04-15,14.595337115222822
1998-04-16,14.691473342590731
1998-04-17,14.688523942765313
1998-04-20,14.588681260783407
1998-04-21,14.687048756313535
1998-04-22,14.673737047434704
1998-04-23,14.47253757389374
1998-04-24,14.181300153653261
1998-04-27,13.745460403403943
1998-04-28,13.745460403403943
1998-04-29,13.921510672560887
1998-04-30,13.986596949737669
1998-05-01,13.891935908821536
1998-05-04,13.9547909178361
1998-05-05,13.746935589855719
1998-05-06,13.474750066409001
1998-05-07,13.491052044394896
1998-05-08,13.65079936248781
1998-05-11,13.587187298684672
1998-05-12,13.531706275772724
1998-05-13,13.722542467182143
1998-05-14,13.789861958677411
1998-05-15,13.650042307699234
1998-05-18,13.420783153074208
1998-05-19,13.39116946620948
1998-05-20,13.546493171103332
1998-05-21,13.479214548889708
1998-05-22,13.513969980616697
1998-05-26,13.414844457219857
1998-05-27,13.282438688547806
1998-05-28,13.300214879907344
1998-05-29,13.338677739326464
1998-06-01,13.041342038417591
1998-06-02,12.990683590739817
1998-06-03,13.115357280555788
1998-06-04,13.162946639797608
1998-06-05,13.258085462077739
1998-06-08,13.381603135070021
1998-06-09,13.797434452719449
1998-06-10,13.712259950535753
1998-06-11,13.55187429318666
1998-06-12,13.46753566512043
1998-06-15,13.298860355144235
1998-06-16,13.392683575786634
1998-06-17,13.444378351677562
1998-06-18,13.312929118811644
1998-06-19,13.559287202414653
1998-06-22,13.505559666300927
1998-06-23,13.432382244436463
1998-06-24,13.496034204443113
1998-06-25,13.599821745181947
1998-06-26,13.622979058624814
1998-06-29,13.789981647287945
1998-06-30,13.851560950868286
1998-07-01,14.008240153603381
1998-07-02,13.97599526346319
1998-07-06,14.172770150726958
1998-07-07,14.22071857580038
1998-07-08,14.221556396074112
1998-07-09,14.252166514948483
1998-07-10,14.181060776432195
1998-07-13,14.194253769778626
1998-07-14,14.423273547182587
1998-07-15,14.1421999280561
1998-07-16,14.050010505601387
1998-07-17,13.892494455670692
1998-07-20,13.90903483779952
1998-07-21,13.692411102749904
1998-07-22,13.7329456455172
1998-07-23,13.481565505662461
1998-07-24,13.296787698717926
1998-07-27,13.345174008951835
1998-07-28,13.2079057688421
1998-07-29,12.933408211748004
1998-07-30,13.119462697204895
1998-07-31,12.875137373824682
1998-08-03,12.74655774837716
1998-08-04,12.30505857569807
1998-08-05,12.33814031303386
1998-08-06,12.34021296946017
1998-08-07,12.358826008015306
1998-08-10,12.288517220491107
1998-08-11,12.099195138658843
1998-08-12,12.310040735746286
1998-08-13,11.97599663529465
1998-08-14,11.966909058597324
1998-08-17,12.133113723190233
1998-08-18,12.41749580797374
1998-08-19,12.215777683787131
1998-08-20,12.145509765544576
1998-08-21,11.913261314890619
1998-08-24,11.986040747798105
1998-08-25,12.057943437306482
1998-08-26,11.73932457144163
1998-08-27,11.282719333803842
1998-08-28,11.271001526909187
1998-08-31,10.970756322378405
1998-09-01,10.975778378630134
1998-09-02,10.77162950526375
1998-09-03,10.46042354862689
1998-09-04,10.429653844938475
1998-09-08,10.957962291067084
1998-09-09,10.726391102794683
1998-09-10,10.488483229710953
1998-09-11,10.67844267772126
1998-09-14,11.18052472197105
1998-09-15,11.413929189448695
1998-09-16,11.495357340814884
1998-09-17,11.215798804343683
1998-09-18,11.218508826948035
1998-09-21,11.170560401874615
1998-09-22,11.420266847338155
1998-09-23,11.574953186053964
1998-09-24,11.284552613009085
1998-09-25,11.143418333471308
1998-09-28,11.172394654157992
1998-09-29,10.945326871491673
1998-09-30,10.540935060390458
1998-10-01,10.211634715844106
1998-10-02,10.37178099597213
1998-10-05,10.082298035608007
1998-10-06,10.097682400913147
1998-10-07,9.756464768454583
1998-10-08,9.346532250455995
1998-10-09,9.683406062122518
1998-10-12,9.840085264857615
1998-10-13,9.647853679403442
1998-10-14,9.931397943913217
1998-10-15,10.619095615381273
1998-10-16,11.083791997706742
1998-10-19,11.343780959816673
1998-10-20,11.27407061534514
1998-10-21,11.02898823717635
1998-10-22,11.139512397839756
1998-10-23,11.068406659323468
1998-10-26,10.978050516074
1998-10-27,11.023248049261422
1998-10-28,10.961708641884591
1998-10-29,11.162111164433467
1998-10-30,11.526406317927876
1998-11-02,11.777228884011594
1998-11-03,11.63163012199311
1998-11-04,11.61433171199757
1998-11-05,11.799827650605305
1998-11-06,11.831553890099853
1998-11-09,11.59703330200203
1998-11-10,11.41827398331887
1998-11-11,11.31444557329839
1998-11-12,11.328874375875532
1998-11-13,11.44422111177311
1998-11-16,11.636930478591282
1998-11-17,11.669494538359563
1998-11-18,11.901703092810008
1998-11-19,11.785319055621141
1998-11-20,11.857221745129516
1998-11-23,12.012386838287458
1998-11-24,12.270940510149124
1998-11-25,12.190788064217156
1998-11-27,12.26731384794215
1998-11-30,12.08165832452037
1998-12-01,12.147861695395463
1998-12-02,12.363528894638947
1998-12-03,12.113224979200874
1998-12-04,12.165438405737445
1998-12-07,12.418851305814984
1998-12-08,12.377478942773955
1998-12-09,12.211473759198602
1998-12-10,12.007205197221685
1998-12-11,11.676230185206
1998-12-14,11.39384096444178
1998-12-15,11.49212964064302
1998-12-16,11.438322312122272
1998-12-17,11.840162712355044
1998-12-18,11.993215252883166
1998-12-21,12.058899973112615
1998-12-22,12.101307691288662
1998-12-23,12.174765359655838
1998-12-24,12.132875319047299
1998-12-28,12.119921702921934
1998-12-29,12.221796172048503
1998-12-30,12.47469139455853
1998-12-31,12.55229340270019
1999-01-04,12.42610463022893
1999-01-05,12.723958008705313
1999-01-06,13.222493183155152
1999-01-07,13.231301486427899
1999-01-08,13.393162330228767
1999-01-11,13.098378040188337
1999-01-12,12.780834425662016
1999-01-13,12.632445848632157
1999-01-14,12.277158479428051
1999-01-15,12.549184418060726
1999-01-19,12.666046236613592
1999-01-20,12.401273622394866
1999-01-21,12.335071224597908
1999-01-22,12.211473759198602
1999-01-25,12.407451695470282
1999-01-26,12.51295379988196
1999-01-27,12.312312873190152
1999-01-28,12.269386504368459
1999-01-29,12.763776365965677
1999-02-01,12.948394588096168
1999-02-02,12.772584669238425
1999-02-03,12.855328422242346
1999-02-04,12.942216515020752
1999-02-05,12.94428917144706
1999-02-08,12.791197707793561
1999-02-09,12.575529535471944
1999-02-10,12.432282703304347
1999-02-11,12.60191552216481
1999-02-12,12.34336087722501
1999-02-16,12.438500672583276
1999-02-17,12.563652143763244
1999-02-18,12.45089671493762
1999-02-19,12.493304433113668
1999-02-22,12.88015943007641
1999-02-23,12.840859723461692
1999-02-24,12.952022223381276
1999-02-25,12.834641754182764
1999-02-26,12.783943410301479
1999-03-01,12.857401078668655
1999-03-02,13.069441615705164
1999-03-03,12.948394588096168
1999-03-04,12.974261924143388
1999-03-05,13.203880144600014
1999-03-08,13.106667692815439
1999-03-09,13.156290785358193
1999-03-10,13.112845765890855
1999-03-11,12.984106555629289
1999-03-12,13.023406262244007
1999-03-15,13.570008577299665
1999-03-16,13.505878835929016
1999-03-17,13.29953761752579
1999-03-18,13.683283629849068
1999-03-19,13.306273264372228
1999-03-22,13.055969348934154
1999-03-23,12.734839941482505
1999-03-24,12.780834425662016
1999-03-25,13.111849333881212
1999-03-26,12.993912263989815
1999-03-29,13.130463345514483
1999-03-30,13.423135082925095
1999-03-31,13.149076384069621
1999-04-01,13.18941144581936
1999-04-05,13.365740015322748
1999-04-06,13.253024482700635
1999-04-07,13.307828243231027
1999-04-08,13.270082542396972
1999-04-09,13.433497391978506
1999-04-12,13.295949878444192
1999-04-13,13.136640445511766
1999-04-14,13.724137342244452
1999-04-15,13.764991054639836
1999-04-16,14.064438335100395
1999-04-19,14.215935896769716
1999-04-20,13.925814597149415
1999-04-21,14.175082184374334
1999-04-22,14.388159049623997
1999-04-23,14.307487953046385
1999-04-26,14.390750356695952
1999-04-27,14.338497033955868
1999-04-28,14.475048115480538
1999-04-29,14.519010812515385
1999-04-30,14.537106173503012
1999-05-03,14.733602760420336
1999-05-04,14.87425828551598
1999-05-05,14.887730552286989
1999-05-06,14.889803208713298
1999-05-07,14.917902786000871
1999-05-10,14.874338077923001
1999-05-11,15.029821367630898
1999-05-12,15.080002033944673
1999-05-13,14.956484360952391
1999-05-14,14.613034487253474
1999-05-17,14.552371823275752
1999-05-18,14.54854470697309
1999-05-19,14.265717601048381
1999-05-20,14.382579419601248
1999-05-21,14.154356593189377
1999-05-24,13.845622255013936
1999-05-25,13.764034518833704
1999-05-26,13.76622589079241
1999-05-27,13.466858402738875
1999-05-28,13.614051066741535
1999-06-01,13.816925207751831
1999-06-02,13.661481814247445
1999-06-03,13.635016035147558
1999-06-04,13.801499973165045
1999-06-07,13.878145445500571
1999-06-08,13.650441269734344
1999-06-09,13.474032907823934
1999-06-10,13.425525935901359
1999-06-11,13.33014773640016
1999-06-14,13.354938848030715
1999-06-15,13.358247313687734
1999-06-16,13.59643446019604
1999-06-17,13.444817209916184
1999-06-18,13.536887916838497
1999-06-21,13.663952459630732
1999-06-22,13.51811432039118
1999-06-23,13.467415976509896
1999-06-24,13.256810729721652
1999-06-25,13.217113034149957
1999-06-28,13.540195409417382
1999-06-29,13.589818501960135
1999-06-30,13.568853533554112
1999-07-01,13.816925207751831
1999-07-02,14.01377988742262
1999-07-06,13.862162637142765
1999-07-07,13.850005972009487
1999-07-08,13.756301466899487
1999-07-09,13.660365693627268
1999-07-12,13.678579770147294
1999-07-13,13.573795797398818
1999-07-14,13.6372083801844
1999-07-15,13.539637835646362
1999-07-16,13.558929109661188
1999-07-19,13.805924559442241
1999-07-20,13.690736435280572
1999-07-21,13.705284926468249
1999-07-22,13.569411107325132
1999-07-23,13.47769946623442
1999-07-26,13.484993659930014
1999-07-27,13.620269036020462
1999-07-28,13.624772441626545
1999-07-29,13.348003720166721
1999-07-30,13.285388088373224
1999-08-02,13.432979714410996
1999-08-03,13.255734505304988
1999-08-04,13.073467239947249
1999-08-05,13.085782516816437
1999-08-06,12.834163972818766
1999-08-09,12.835837667209963
1999-08-10,12.505381305839922
1999-08-11,12.477441313366393
1999-08-12,12.584776696983313
1999-08-13,12.670908708051277
1999-08-16,12.802835722281195
1999-08-17,12.77629112385242
1999-08-18,12.699964821144983
1999-08-19,12.620010883152435
1999-08-20,12.557952825129961
1999-08-23,12.748031961750803
1999-08-24,12.893431242751731
1999-08-25,13.189770511650961
1999-08-26,12.809572342205767
1999-08-27,12.640139004362862
1999-08-30,12.436068950325366
1999-08-31,12.26049840868869
1999-09-01,12.37345331853187
1999-09-02,12.267194159331616
1999-09-03,12.58254445574296
1999-09-07,12.393581439742295
1999-09-08,12.280625556820981
1999-09-09,12.408647608497482
1999-09-10,12.319208104850633
1999-09-13,12.321997919862008
1999-09-14,12.318649558001479
1999-09-15,12.30633428113229
1999-09-16,11.90489089677836
1999-09-17,11.956347268526356
1999-09-20,11.8746797399391
1999-09-21,11.708633687082102
1999-09-22,11.663356361487658
1999-09-23,11.542588607303239
1999-09-24,11.473794902434326
1999-09-27,11.408947029400476
1999-09-28,11.387145213798853
1999-09-29,11.530272357355917
1999-09-30,11.595120230389766
1999-10-01,11.432423512471432
1999-10-04,11.794168228175533
1999-10-05,11.87639333053381
1999-10-06,11.997161084718229
1999-10-07,12.144194163906844
1999-10-08,12.282857798061334
1999-10-11,12.0608928371319
1999-10-12,11.803693690033345
1999-10-13,11.644344360897408
1999-10-14,11.616364472220368
1999-10-15,11.381565583776103
1999-10-18,11.335689815128992
1999-10-19,11.400019037517197
1999-10-20,11.19367781911397
1999-10-21,11.208226310301646
1999-10-22,11.411736844411852
1999-10-25,11.441391400558224
1999-10-26,11.276421572117892
1999-10-27,11.633144231570263
1999-10-28,12.00943743846204
1999-10-29,12.192262277590798
1999-11-01,11.863519506815466
1999-11-02,11.829959988115677
1999-11-03,11.863519506815466
1999-11-04,11.83442349751825
1999-11-05,11.97308713167274
1999-11-08,12.081578532113348
1999-11-09,11.914974905485328
1999-11-10,11.982055019759532
1999-11-11,12.004972955981332
1999-11-12,12.314186048598906
1999-11-15,12.214662536245088
1999-11-16,12.354441317941621
1999-11-17,11.973644705443762
1999-11-18,12.029564586594331
1999-11-19,11.863519506815466
1999-11-22,11.777427391951015
1999-11-23,11.878625571774164
1999-11-24,11.65159865838949
1999-11-26,11.595120230389766
1999-11-29,11.559368366653134
1999-11-30,11.59735247163012
1999-12-01,11.494480597415773
1999-12-02,11.5358529604568
1999-12-03,11.673400473991114
1999-12-06,11.580612608483737
1999-12-07,11.503448485502565
1999-12-08,11.485552605532494
1999-12-09,11.258804965572399
1999-12-10,11.458728733679141
1999-12-13,11.542588607303239
1999-12-14,11.594004109769589
1999-12-15,11.636492593430795
1999-12-16,11.644344360897408
1999-12-17,11.632028110950086
1999-12-20,11.496712838656126
1999-12-21,11.305517581415108
1999-12-22,11.31444557329839
1999-12-23,11.50958666237447
1999-12-27,11.668935991510407
1999-12-28,11.73601610578461
1999-12-29,11.725971993281153
1999-12-30,11.81150556129645
1999-12-31,11.866309321826842
2000-01-03,11.73266774392408
2000-01-04,11.4078309087803
2000-01-05,11.428517576839882
2000-01-06,11.706402418919883
2000-01-07,11.81656751375169
2000-01-10,11.879462418969762
2000-01-11,11.756144226995035
2000-01-12,11.703054057059353
2000-01-13,11.530272357355917
2000-01-14,11.525250301104188
2000-01-18,11.37371381630949
2000-01-19,11.311655758287014
2000-01-20,11.097502668620685
2000-01-21,10.96669080193281
2000-01-24,10.773223407247926
2000-01-25,10.58087213318322
2000-01-26,10.621128375604071
2000-01-27,10.423755045287637
2000-01-28,10.290153363588386
2000-01-31,10.249897121167535
2000-02-01,10.269745968953384
2000-02-02,10.401394682836857
2000-02-03,10.448945118953302
2000-02-04,10.398604867825483
2000-02-07,10.252129362407889
2000-02-08,10.294338572644516
2000-02-09,10.164882203797884
2000-02-10,9.865753119887279
2000-02-11,9.709751179533738
2000-02-14,9.833907191782199
2000-02-15,9.760649004432578
2000-02-16,9.784125487503534
2000-02-17,9.846183545526008
2000-02-18,9.68850791078127
2000-02-22,9.801462820624451
2000-02-23,9.64657797396922
2000-02-24,9.487228644833284
2000-02-25,9.371482946900594
2000-02-28,9.413412883712644
2000-02-29,9.521346710382229
2000-03-01,9.556859196897795
2000-03-02,9.382124529378583
2000-03-03,9.703055428890812
2000-03-06,9.470448885483389
2000-03-07,9.022054481143815
2000-03-08,9.376544899355833
2000-03-09,9.33234282509992
2000-03-10,9.427402828051163
2000-03-13,9.533622091047906
2000-03-14,9.493087548280611
2000-03-15,10.050850096459902
2000-03-16,10.677286660897574
2000-03-17,10.457873110836582
2000-03-20,10.361259102104674
2000-03-21,10.633165352126815
2000-03-22,10.568755364253454
2000-03-23,10.844209457153681
2000-03-24,10.714234437661405
2000-03-27,10.633165352126815
2000-03-28,10.68561718280632
2000-03-29,10.722564959570153
2000-03-30,10.67963859074846
2000-03-31,11.013523106386053
2000-04-03,10.785779034416315
2000-04-04,10.860909424096555
2000-04-05,11.25681210155311
2000-04-06,11.348643431254358
2000-04-07,11.270522772467054
2000-04-10,11.33194249123335
2000-04-11,11.645540273924608
2000-04-12,11.768379711457202
2000-04-13,11.572800737220632
2000-04-14,10.869239946005303
2000-04-17,10.676091720948508
2000-04-18,11.038593491441185
2000-04-19,11.181680738794737
2000-04-20,11.292563965289743
2000-04-24,11.180484825767538
2000-04-25,11.614531193015127
2000-04-26,11.492926591635108
2000-04-27,11.306873079256352
2000-04-28,11.35936480613937
2000-05-01,11.393920756848802
2000-05-02,11.329551638257087
2000-05-03,11.145888978854593
2000-05-04,11.139950283000244
2000-05-05,11.463392697177405
2000-05-08,11.70157984368571
2000-05-09,11.575191590196896
2000-05-10,11.411816636818875
2000-05-11,11.564151045683795
2000-05-12,11.455062175268656
2000-05-15,11.311655758287014
2000-05-16,11.420187054931134
2000-05-17,11.321181220144828
2000-05-18,11.147084891881793
2000-05-19,10.928866281769867
2000-05-22,10.841817631099284
2000-05-23,10.977771242649421
2000-05-24,11.275903894550382
2000-05-25,10.83229216924147
2000-05-26,10.711843584685141
2000-05-30,10.927670368742668
2000-05-31,10.801283088331989
2000-06-01,11.067210746296269
2000-06-02,11.277059911374069
2000-06-05,11.161394005848402
2000-06-06,11.026676203528975
2000-06-07,11.14947671793619
2000-06-08,10.963462128682812
2000-06-09,11.120858490002973
2000-06-12,11.08630253929354
2000-06-13,10.980163068703819
2000-06-14,10.953936666825
2000-06-15,10.779521168933876
2000-06-16,10.654608101896839
2000-06-19,10.684421269779122
2000-06-20,10.612877646102346
2000-06-21,10.559827372370174
2000-06-22,10.413750828987691
2000-06-23,10.485294452664467
2000-06-26,10.42088543786924
2000-06-27,10.68561718280632
2000-06-28,10.840622691150218
2000-06-29,10.796500409301327
2000-06-30,10.543725848479967
2000-07-03,10.780717081961075
2000-07-05,11.04098434441745
2000-07-06,11.186463417825399
2000-07-07,11.098817297180283
2000-07-10,11.195989852761347
2000-07-11,11.228194846698027
2000-07-12,11.486947999577248
2000-07-13,11.513174401456068
2000-07-14,11.634499729411507
2000-07-17,11.559687536281222
2000-07-18,11.55610077027776
2000-07-19,11.182876651821937
2000-07-20,11.13636351699678
2000-07-21,11.19359802670695
2000-07-24,11.240112134610238
2000-07-25,11.197185765788547
2000-07-26,11.161394005848402
2000-07-27,11.159042075997515
2000-07-28,11.038593491441185
2000-07-31,11.39156980007605
2000-08-01,11.460721597698427
2000-08-02,11.457134831694965
2000-08-03,11.507235705601717
2000-08-04,11.50603979257452
2000-08-07,11.535533790828712
2000-08-08,11.527482542344542
2000-08-09,11.35099438802711
2000-08-10,11.38559120801819
2000-08-11,11.668218832925342
2000-08-14,11.64314844787021
2000-08-15,11.49647346143506
2000-08-16,11.462196784150205
2000-08-17,11.35099438802711
2000-08-18,11.308068019205416
2000-08-21,11.234133542552378
2000-08-22,11.25202942252245
2000-08-23,10.902361579544603
2000-08-24,10.947958074767138
2000-08-25,11.120858490002973
2000-08-28,11.106948338071476
2000-08-29,11.002362873262419
2000-08-30,10.865771895534238
2000-08-31,10.855647990623758
2000-09-01,10.812960999023133
2000-09-05,10.870674263175433
2000-09-06,10.96501710754161
2000-09-07,10.936518568218926
2000-09-08,10.89211798602359
2000-09-11,10.726470895201704
2000-09-12,10.703273685555326
2000-09-13,10.854970728242204
2000-09-14,10.783307415954894
2000-09-15,10.647712870236356
2000-09-18,10.443244827241884
2000-09-19,10.38525326274314
2000-09-20,10.328814730946927
2000-09-21,10.312871818792631
2000-09-22,10.35149328994766
2000-09-25,10.186045680143328
2000-09-26,10.036342474553873
2000-09-27,10.022232841604819
2000-09-28,10.252568220646511
2000-09-29,10.050570823035326
2000-10-02,9.822507581437497
2000-10-03,9.95706579894288
2000-10-04,10.203463778749402
2000-10-05,10.236545516085194
2000-10-06,10.138296736087463
2000-10-09,9.92697335763602
2000-10-10,9.953279551921863
2000-10-11,9.747058022129169
2000-10-12,9.482684369945554
2000-10-13,9.68603629231985
2000-10-16,9.717762531814397
2000-10-17,9.53075248362951
2000-10-18,9.440794329337017
2000-10-19,9.804133920103427
2000-10-20,9.841041800663747
2000-10-23,9.71266165623378
2000-10-24,9.849093049147918
2000-10-25,9.720433631293373
2000-10-26,9.93203531009126
2000-10-27,10.079786520943076
2000-10-30,10.708097233867633
2000-10-31,10.939309356308435
2000-11-01,10.97179265059156
2000-11-02,11.11966355005391
2000-11-03,11.007584410531704
2000-11-06,11.13301515513625
2000-11-07,11.042738804293803
2000-11-08,11.068646036544534
2000-11-09,10.966093331958277
2000-11-10,10.778285359703165
2000-11-13,11.05326069816126
2000-11-14,11.25202942252245
2000-11-15,11.323493253792202
2000-11-16,11.21149390667702
2000-11-17,11.228991797690115
2000-11-20,11.143538022081842
2000-11-21,11.366977196384918
2000-11-22,11.158245125005427
2000-11-24,11.358886051697235
2000-11-27,11.258725173165375
2000-11-28,11.145729394040549
2000-11-29,11.157726474359782
2000-11-30,10.96549488890561
2000-12-01,11.013164040554454
2000-12-04,11.03157857117017
2000-12-05,11.33409494006668
2000-12-06,11.222654139800655
2000-12-07,11.144255180666907
2000-12-08,11.478697270075521
2000-12-11,11.711544163782145
2000-12-12,11.579616176474092
2000-12-13,11.349001524007823
2000-12-14,10.913520839590104
2000-12-15,10.756204270676964
2000-12-18,10.918582792045344
2000-12-19,11.071395955352399
2000-12-20,10.880120905704358
2000-12-21,11.119464069036352
2000-12-22,11.35904563651128
2000-12-26,11.317833831362432
2000-12-27,11.557057306083893
2000-12-28,11.524533142519122
2000-12-29,11.744346627693359
2001-01-02,11.455421241100256
2001-01-03,12.017249309725143
2001-01-04,12.537705015309003
2001-01-05,12.411517215915879
2001-01-08,12.523277185809995
2001-01-09,12.230605448399384
2001-01-10,12.236702755989645
2001-01-11,12.161652158716429
2001-01-12,11.965075779392082
2001-01-16,12.21522011001611
2001-01-17,12.206252221929319
2001-01-18,12.14052760549636
2001-01-19,11.771010914732667
2001-01-22,11.837014804590204
2001-01-23,11.965155571799103
2001-01-24,11.72672904806973
2001-01-25,11.87814681733203
2001-01-26,11.782569136813278
2001-01-29,11.962485445398261
2001-01-30,12.19146532659871
2001-01-31,12.386686208081814
2001-02-01,12.46664014607436
2001-02-02,12.326900287503204
2001-02-05,12.235029061598446
2001-02-06,12.203183133493365
2001-02-07,12.095368995434313
2001-02-08,12.057783852492438
2001-02-09,12.010672274614615
2001-02-12,12.113544148828963
2001-02-13,12.142360884701601
2001-02-14,11.955151355499158
2001-02-15,12.126457868750817
2001-02-16,11.936378732129976
2001-02-20,11.867345650039997
2001-02-21,11.735856520970566
2001-02-22,11.63338360879133
2001-02-23,11.678462426446355
2001-02-26,11.87045463467946
2001-02-27,11.841637898806821
2001-02-28,11.65841409764295
2001-03-01,11.432503304878455
2001-03-02,11.619154287231744
2001-03-05,11.715648607353119
2001-03-06,11.879183145545184
2001-03-07,11.919040425930925
2001-03-08,12.026097509201401
2001-03-09,11.72668915186622
2001-03-12,11.403924973148749
2001-03-13,11.039430338636784
2001-03-14,10.685337909381744
2001-03-15,10.773462784468993
2001-03-16,10.487925655939932
2001-03-19,10.688367101614185
2001-03-20,10.665250657452964
2001-03-21,10.677088152958152
2001-03-22,10.492508853953039
2001-03-23,10.543606159869434
2001-03-26,10.872548411662322
2001-03-27,11.169962931900082
2001-03-28,11.020857196285158
2001-03-29,10.97442288078889
2001-03-30,11.045887685136778
2001-04-02,10.940903258292611
2001-04-03,10.684023280822146
2001-04-04,10.768759897845353
2001-04-05,10.966053435754766
2001-04-06,10.709770928258832
2001-04-09,10.828784222566895
2001-04-10,11.126757289653812
2001-04-11,10.98785525135639
2001-04-12,11.02687568454653
2001-04-16,10.909097226391042
2001-04-17,10.99291720381163
2001-04-18,11.395276254690046
2001-04-19,11.513971352448156
2001-04-20,11.404363831387371
2001-04-23,11.136641817343225
2001-04-24,11.019102736408803
2001-04-25,11.008421257727303
2001-04-26,11.240829293195304
2001-04-27,11.408628832850523
2001-04-30,11.267812749862701
2001-05-01,11.218349242133991
2001-05-02,11.4323038238609
2001-05-03,11.301571749580045
2001-05-04,11.435810797457341
2001-05-07,11.361875347726166
2001-05-08,11.4212632793478
2001-05-09,11.422020334136375
2001-05-10,11.557654776058424
2001-05-11,11.477143264294858
2001-05-14,11.45733431271252
2001-05-15,11.47985328689921
2001-05-16,11.660247376848194
2001-05-17,11.78810984371065
2001-05-18,11.873284345894346
2001-05-21,11.974522421921007
2001-05-22,11.921192874764257
2001-05-23,11.834263912704206
2001-05-24,11.761923338035341
2001-05-25,11.67499437597529
2001-05-29,11.643387825091276
2001-05-30,11.56502876216104
2001-05-31,11.74155583960385
2001-06-01,11.506996328380652
2001-06-04,11.471881830822062
2001-06-05,11.628042382911513
2001-06-06,11.552193861568075
2001-06-07,11.62357887350894
2001-06-08,11.487227273001825
2001-06-11,11.275385243904738
2001-06-12,11.132577269975762
2001-06-13,11.060235722228764
2001-06-14,10.803555225775854
2001-06-15,10.736037226341162
2001-06-18,10.751182214425237
2001-06-19,10.604348616254176
2001-06-20,10.62316113582687
2001-06-21,10.80550819359163
2001-06-22,10.66776119903976
2001-06-25,10.547472199297475
2001-06-26,10.536232173766818
2001-06-27,10.759353151519939
2001-06-28,11.019860764275514
2001-06-29,11.279450764350333
2001-07-02,11.185945740257889
2001-07-03,11.197385246806101
2001-07-05,11.211175710127065
2001-07-06,10.956447208411797
2001-07-09,11.059239290219121
2001-07-10,11.063145225850672
2001-07-11,11.23891622158304
2001-07-12,11.56793826578295
2001-07-13,11.719435827452271
2001-07-16,11.808875331099118
2001-07-17,11.985403381620062
2001-07-18,11.862802348230401
2001-07-19,11.889187361845131
2001-07-20,11.820313864569197
2001-07-23,11.804969395467568
2001-07-24,11.412932757439052
2001-07-25,11.419110830514468
2001-07-26,11.674794894957735
2001-07-27,11.597989837808164
2001-07-30,11.607316791726555
2001-07-31,11.583242838681066
2001-08-01,11.693249321776962
2001-08-02,11.720392363258403
2001-08-03,11.614491296811615
2001-08-06,11.591573360589814
2001-08-07,11.644144879879853
2001-08-08,11.48702779198427
2001-08-09,11.298063802905471
2001-08-10,11.40225127875755
2001-08-13,11.301172787544935
2001-08-14,11.395833828461067
2001-08-15,11.294197763477431
2001-08-16,11.416001845875003
2001-08-17,11.258286314926753
2001-08-20,11.321141323941315
2001-08-21,11.082356707458477
2001-08-22,11.167690794456217
2001-08-23,11.148121220094948
2001-08-24,11.376821827870819
2001-08-27,11.287222739409925
2001-08-28,11.284113754770463
2001-08-29,11.27112121551972
2001-08-30,11.187301238099133
2001-08-31,11.213486770696306
2001-09-04,11.302129323351068
2001-09-05,11.300216251738803
2001-09-06,11.179329782021984
2001-09-07,10.813837742422242
2001-09-10,10.66776119903976
2001-09-17,9.054298398205873
2001-09-18,8.836638334943103
2001-09-19,8.63252935778023
2001-09-20,8.106412770149397
2001-09-21,8.190033753091496
2001-09-24,8.489560825959078
2001-09-25,8.341331833743263
2001-09-26,8.277520288922569
2001-09-27,8.24667079282713
2001-09-28,8.747397339235675
2001-10-01,8.53806682480352
2001-10-02,8.650783330503769
2001-10-03,8.859715855978948
2001-10-04,8.812364900880059
2001-10-05,8.80614693160113
2001-10-08,8.701800844013142
2001-10-09,8.484299392486282
2001-10-10,8.882633792200748
2001-10-11,9.226163458306688
2001-10-12,8.90702594179619
2001-10-15,9.020738879506084
2001-10-16,9.15808691202284
2001-10-17,8.882194933962126
2001-10-18,8.787334412028438
2001-10-19,8.666088876480021
2001-10-22,8.782870902625865
2001-10-23,9.015676927050844
2001-10-24,8.852341869876332
2001-10-25,8.927990910202215
2001-10-26,8.95824293632312
2001-10-29,8.844170932781628
2001-10-30,8.749709372883052
2001-10-31,8.752021406530428
2001-11-01,8.900050917728686
2001-11-02,8.9545754048345
2001-11-05,9.106272447521379
2001-11-06,9.131900406347532
2001-11-07,9.19706744900947
2001-11-08,9.250794985123198
2001-11-09,9.249638968299509
2001-11-12,9.057965929694493
2001-11-13,9.33306095676312
2001-11-14,9.537727507697014
2001-11-15,9.780976606660559
2001-11-16,9.953838098771017
2001-11-19,10.093936050095639
2001-11-20,9.92223057480887
2001-11-21,9.906926001910751
2001-11-23,10.10342161574994
2001-11-26,10.067351555463354
2001-11-27,10.001387561809327
2001-11-28,9.7967200377973
2001-11-29,9.906926001910751
2001-11-30,10.01127208949874
2001-12-03,9.896802097000272
2001-12-04,10.10322310781052
2001-12-05,10.412674604571025
2001-12-06,10.440215635009443
2001-12-07,10.475529613585588
2001-12-10,10.359306134288898
2001-12-11,10.309444637603212
2001-12-12,10.284294460141059
2001-12-13,10.179868580146048
2001-12-14,10.271620117440271
2001-12-17,10.438861110246334
2001-12-18,10.591155622907744
2001-12-19,10.540895164186947
2001-12-20,10.374252614433551
2001-12-21,10.383738180087853
2001-12-24,10.385093677929095
2001-12-26,10.48334148484869
2001-12-27,10.511361269729242
2001-12-28,10.534478686968598
2001-12-31,10.52228212563181
2002-01-02,10.442527668656819
2002-01-03,10.871073225210544
2002-01-04,11.280407300156465
2002-01-07,11.245292802597877
2002-01-08,11.253065750735603
2002-01-09,11.060992777017342
2002-01-10,11.019661283257959
2002-01-11,10.788449160817157
2002-01-14,10.611721629278657
2002-01-15,10.705984681237814
2002-01-16,10.507734607522268
2002-01-17,10.661383644946788
2002-01-18,10.630933110886462
2002-01-22,10.600840669579602
2002-01-23,10.983191287858126
2002-01-24,10.949631769158337
2002-01-25,11.08000477760759
2002-01-28,11.179329782021984
2002-01-29,10.91551370360939
2002-01-30,11.00901970077997
2002-01-31,11.151389789548455
2002-02-01,10.997939260063358
2002-02-04,10.806265248380207
2002-02-05,10.771150750821617
2002-02-06,10.450499124733966
2002-02-07,10.381227638501056
2002-02-08,10.601797205385735
2002-02-11,10.855767679234292
2002-02-12,10.88406673753942
2002-02-13,10.807660642424961
2002-02-14,10.707937649053589
2002-02-15,10.698610695135198
2002-02-19,10.651459221053864
2002-02-20,10.750026197601548
2002-02-21,10.818102743885396
2002-02-22,10.863699239107929
2002-02-25,11.069920768900621
2002-02-26,11.19312024534295
2002-02-27,11.403407295581239
2002-02-28,11.203602243006895
2002-03-01,11.547171805316346
2002-03-04,12.156310932836611
2002-03-05,11.879861381004874
2002-03-06,12.015096860891811
2002-03-07,12.0379749009101
2002-03-08,11.997997931913828
2002-03-11,12.02518086959878
2002-03-12,11.93649842074051
2002-03-13,11.757260347615214
2002-03-14,11.76152437600023
2002-03-15,11.764035890665161
2002-03-18,11.749487399477486
2002-03-19,11.680733590812086
2002-03-20,11.535135801871736
2002-03-21,11.371202301644557
2002-03-22,11.468015791394022
2002-03-25,11.228712524265537
2002-03-26,11.460443297351985
2002-03-27,11.585195806496843
2002-03-28,11.630194831744845
2002-04-01,11.429394320238991
2002-04-02,11.120938282409995
2002-04-03,10.950030731193447
2002-04-04,11.094752749812821
2002-04-05,11.073986289346218
2002-04-08,10.97390520322138
2002-04-09,11.032335625958746
2002-04-10,11.333178300464061
2002-04-11,11.129308700522255
2002-04-12,11.45908779951074
2002-04-15,11.170600298078126
2002-04-16,11.484476381115828
2002-04-17,11.35258926308942
2002-04-18,11.156889627164183
2002-04-19,11.147563646323926
2002-04-22,10.854014192436072
2002-04-23,10.753693729090168
2002-04-24,10.660786174972255
2002-04-25,10.866808223747393
2002-04-26,10.851662262585185
2002-04-29,10.740899697778847
2002-04-30,10.780278223722453
2002-05-01,10.935482240005772
2002-05-02,10.958799138262684
2002-05-03,10.935084251048796
2002-05-06,10.77505668645317
2002-05-07,10.697056689354532
2002-05-08,10.972749186397692
2002-05-09,10.771190647025128
2002-05-10,10.534678167986154
2002-05-13,10.77545564848828
2002-05-14,11.033451746578923
2002-05-15,11.151987259522988
2002-05-16,11.036361250200832
2002-05-17,11.153502342178276
2002-05-20,11.00607030095455
2002-05-21,10.772546144866372
2002-05-22,10.826034303759032
2002-05-23,11.010573706560635
2002-05-24,10.935522136209283
2002-05-28,10.873583766797342
2002-05-29,10.860789735486021
2002-05-30,10.833049224030047
2002-05-31,10.95780270625304
2002-06-03,10.720931161382465
2002-06-04,10.61598663074181
2002-06-05,10.684261684965078
2002-06-06,10.604706709007642
2002-06-07,10.708295741807055
2002-06-10,10.845644747401947
2002-06-11,10.787652209825069
2002-06-12,10.7882496797996
2002-06-13,10.780677185757565
2002-06-14,10.654408620879284
2002-06-17,10.880758271882401
2002-06-18,10.895704752027054
2002-06-19,10.98107970830644
2002-06-20,10.950230212211004
2002-06-21,10.983231184061637
2002-06-24,10.91918123509801
2002-06-25,10.474174115744344
2002-06-26,10.513154652730973
2002-06-27,10.73177222487801
2002-06-28,10.887573711135861
2002-07-01,10.760868234175227
2002-07-02,10.442128706621707
2002-07-03,10.349979180370507
2002-07-05,10.572701196088516
2002-07-08,10.425827701713946
2002-07-09,10.26950756481045
2002-07-10,10.15499767610847
2002-07-11,9.985285064840987
2002-07-12,9.885163109434504
2002-07-15,9.700504991100503
2002-07-16,9.70166100792419
2002-07-17,9.61261949323432
2002-07-18,9.49639601393763
2002-07-19,9.295434944539599
2002-07-22,8.934009398463587
2002-07-23,8.610567957364562
2002-07-24,8.704510866617495
2002-07-25,8.914399927898806
2002-07-26,8.986979879788738
2002-07-29,9.489818978827103
2002-07-30,9.523937044376048
2002-07-31,9.4463749324379
2002-08-01,9.200096641241913
2002-08-02,8.776692829550448
2002-08-05,8.498648402656402
2002-08-06,8.910095030232144
2002-08-07,9.053102485178673
2002-08-08,9.298703513993107
2002-08-09,9.37303695268126
2002-08-12,9.2017304394296
2002-08-13,9.024604918934124
2002-08-14,9.191567611393744
2002-08-15,9.246769360881112
2002-08-16,9.324211784208726
2002-08-19,9.422340875595923
2002-08-20,9.357373313951541
2002-08-21,9.69412743700753
2002-08-22,9.820674302232256
2002-08-23,9.543108629780342
2002-08-26,9.663437525726138
2002-08-27,9.499425206170072
2002-08-28,9.220503062798782
2002-08-29,8.95314108766437
2002-08-30,9.030184548956873
2002-09-03,8.97745344485279
2002-09-04,9.227837152697886
2002-09-05,8.785580925230217
2002-09-06,8.996067456486063
2002-09-09,9.021376245684127
2002-09-10,9.117751850273102
2002-09-11,9.156493010038666
2002-09-12,8.980921495323853
2002-09-13,8.955413225108234
2002-09-16,8.89598539728309
2002-09-17,8.783308787786353
2002-09-18,8.620013626815354
2002-09-19,8.604669157713724
2002-09-20,8.704909828652605
2002-09-23,8.507656186946704
2002-09-24,8.358748959271201
2002-09-25,8.637391829217915
2002-09-26,9.04529061391557
2002-09-27,8.709493026665712
2002-09-30,8.57358028439722
2002-10-01,8.868962044412182
2002-10-02,8.510366209551057
2002-10-03,8.703953292846473
2002-10-04,8.52021084103696
2002-10-07,8.204900440829126
2002-10-08,8.431210195628733
2002-10-09,8.023350334056454
2002-10-10,8.357155057287025
2002-10-11,8.587928321489205
2002-10-14,8.524475842500111
2002-10-15,9.113207575385372
2002-10-16,8.773783325928541
2002-10-17,9.085586752539932
2002-10-18,9.083833265741712
2002-10-21,9.320744706815798
2002-10-22,9.216716815777763
2002-10-23,9.332781683338542
2002-10-24,9.185589019335882
2002-10-25,9.220224762452338
2002-10-28,9.085387271522377
2002-10-29,8.96083327031694
2002-10-30,9.076499175842608
2002-10-31,9.008024640601784
2002-11-01,9.229670431903129
2002-11-04,9.302051875853637
2002-11-05,9.344379801622663
2002-11-06,9.620391468293912
2002-11-07,9.368932509110286
2002-11-08,9.35402495209101
2002-11-11,9.053102485178673
2002-11-12,9.090209846756549
2002-11-13,9.130824181930867
2002-11-14,9.323096636666685
2002-11-15,9.299500464985195
2002-11-18,9.129867646124735
2002-11-19,9.04688548897788
2002-11-20,9.092920842439037
2002-11-21,9.281883858439702
2002-11-22,9.22289488885318
2002-11-25,9.274549768540597
2002-11-26,9.041026585530552
2002-11-27,9.453429748912427
2002-11-29,9.408789789496025
2002-12-02,9.491732050439367
2002-12-03,9.314806010961448
2002-12-04,9.34844532206826
2002-12-05,9.343981812665687
2002-12-06,9.521147229364674
2002-12-09,9.257530631969635
2002-12-10,9.37993218434174
2002-12-11,9.358728811792783
2002-12-12,9.312493977314071
2002-12-13,9.240790768823251
2002-12-16,9.40233244299603
2002-12-17,9.340074903956001
2002-12-18,9.189932840127922
2002-12-19,9.191128753155121
2002-12-20,9.263708705045051
2002-12-23,9.253784281152129
2002-12-24,9.199020416825247
2002-12-26,9.23269962413557
2002-12-27,9.13393316657033
2002-12-30,9.178454410454334
2002-12-31,9.20687218429186
2003-01-02,9.457136203526423
2003-01-03,9.426007434006408
2003-01-06,9.652277292602504
2003-01-07,9.553351250223221
2003-01-08,9.448765785414164
2003-01-09,9.612739181844853
2003-01-10,9.540517322708387
2003-01-13,9.515686314874323
2003-01-14,9.49687379530163
2003-01-15,9.408350931257402
2003-01-16,9.45526302811767
2003-01-17,9.344659075047241
2003-01-21,9.092362295589881
2003-01-22,8.822926690951027
2003-01-23,8.89124261445594
2003-01-24,8.622445349073262
2003-01-27,8.545440810906136
2003-01-28,8.630854690310898
2003-01-29,8.622643857012683
2003-01-30,8.484179703875748
2003-01-31,8.662382421866024
2003-02-03,8.599168347019862
2003-02-04,8.550900752318352
2003-02-05,8.59490334555671
2003-02-06,8.691637042899151
2003-02-07,8.529338313937794
2003-02-10,8.548350314528044
2003-02-11,8.482745386705616
2003-02-12,8.37269900740621
2003-02-13,8.264327295576136
2003-02-14,8.380392163136914
2003-02-18,8.532048336542148
2003-02-19,8.391511526978903
2003-02-20,8.30988389459516
2003-02-21,8.35571976703876
2003-02-24,8.041963372611592
2003-02-25,8.138178905847456
2003-02-26,8.12964938946022
2003-02-27,8.132519483417683
2003-02-28,8.166956232055652
2003-03-03,8.234833297321943
2003-03-04,8.108405634168685
2003-03-05,8.118808325964675
2003-03-06,8.039492240689238
2003-03-07,8.140769726380343
2003-03-10,7.901945213693993
2003-03-11,7.741040905699256
2003-03-12,7.774760495752157
2003-03-13,8.028611280990182
2003-03-14,8.079429313482
2003-03-17,8.346353889994992
2003-03-18,8.485694786531036
2003-03-19,8.565927024870026
2003-03-20,8.651222188742391
2003-03-21,9.021655519108704
2003-03-24,8.702239702251765
2003-03-25,8.776852414364493
2003-03-26,8.78406584257493
2003-03-27,8.701043789224565
2003-03-28,8.621926698427618
2003-03-31,8.49442329739676
2003-04-01,8.56939507534109
2003-04-02,8.820336356957206
2003-04-03,8.645880962862574
2003-04-04,8.723443074800722
2003-04-07,8.893952637060293
2003-04-08,8.77254751669783
2003-04-09,8.714196886367485
2003-04-10,8.74038241896466
2003-04-11,8.746919557871678
2003-04-14,8.894988965273447
2003-04-15,9.23341775579877
2003-04-16,9.165938679489456
2003-04-17,9.271560472511666
2003-04-21,9.158605562668486
2003-04-22,9.37427276191197
2003-04-23,9.46211836357464
2003-04-24,9.431627933310804
2003-04-25,9.376864068983922
2003-04-28,9.559011645731127
2003-04-29,9.569254266174005
2003-04-30,9.60110116735722
2003-05-01,9.584839085574835
2003-05-02,9.80807975193849
2003-05-05,9.858897784430308
2003-05-06,9.909915297939682
2003-05-07,9.788469308295575
2003-05-08,9.701819619660101
2003-05-09,9.813579589554218
2003-05-12,9.922549744436958
2003-05-13,9.87224938951265
2003-05-14,9.795405409237702
2003-05-15,9.712382382809203
2003-05-16,9.64271193454118
2003-05-19,9.410064521852112
2003-05-20,9.427362931847652
2003-05-21,9.391929264660973
2003-05-22,9.433341523905513
2003-05-23,9.499425206170072
2003-05-27,9.63290719925879
2003-05-28,9.609829678222946
2003-05-29,9.657936715032276
2003-05-30,9.909915297939682
2003-06-02,10.013464434535583
2003-06-03,10.012268521508384
2003-06-04,10.189114768579282
2003-06-05,10.009558498904031
2003-06-06,9.89074371253539
2003-06-09,9.754989582002807
2003-06-10,9.798633109409565
2003-06-11,9.89723998216076
2003-06-12,9.98540475345152
2003-06-13,9.787194575939488
2003-06-16,9.946224735447336
2003-06-17,9.894849129184497
2003-06-18,9.876195221347713
2003-06-19,9.763200415301021
2003-06-20,9.736694739997624
2003-06-23,9.544622739357495
2003-06-24,9.522343142391874
2003-06-25,9.39089293644782
2003-06-26,9.606241939141348
2003-06-27,9.633624357843855
2003-06-30,9.617004183308005
2003-07-01,9.630714854221948
2003-07-02,9.698352542267171
2003-07-03,9.626769022386885
2003-07-07,9.797437196382365
2003-07-08,10.223871173384405
2003-07-09,10.213069033014238
2003-07-10,10.117571144902506
2003-07-11,10.145989891818168
2003-07-14,10.254839385012241
2003-07-15,10.259144282678905
2003-07-16,10.352968476399438
2003-07-17,10.137061899934888
2003-07-18,10.268391444190273
2003-07-21,10.253484860249133
2003-07-22,10.268710613818362
2003-07-23,10.251929881390334
2003-07-24,10.334793323004789
2003-07-25,10.425827701713946
2003-07-28,10.453767694187475
2003-07-29,10.43611119143847
2003-07-30,10.387684011922916
2003-07-31,10.453089458727787
2003-08-01,10.346590922306465
2003-08-04,10.263409284142057
2003-08-05,10.139134556361197
2003-08-06,10.099077794957902
2003-08-07,10.166675586799615
2003-08-08,10.27931230009284
2003-08-11,10.30637554916726
2003-08-12,10.392666171971133
2003-08-13,10.358428417811654
2003-08-14,10.450179955105877
2003-08-15,10.457194875376894
2003-08-18,10.537587671608062
2003-08-19,10.617780013743541
2003-08-20,10.609609076648837
2003-08-21,10.688327205410674
2003-08-22,10.528539991114249
2003-08-25,10.494461821768814
2003-08-26,10.5091689246924
2003-08-27,10.492946739113526
2003-08-28,10.635715789917123
2003-08-29,10.694664863300135
2003-09-02,10.94417182774612
2003-09-03,11.006468289911526
2003-09-04,10.989249672323009
2003-09-05,10.949950938786426
2003-09-08,11.007305137107126
2003-09-09,10.889766056172704
2003-09-10,10.782470568759296
2003-09-11,10.901245458924427
2003-09-12,10.903358011554248
2003-09-15,10.892914937015679
2003-09-16,11.053937960542815
2003-09-17,11.005392065494862
2003-09-18,11.259960982396086
2003-09-19,11.138953850990601
2003-09-22,11.07705537778217
2003-09-23,11.161552617584313
2003-09-24,10.944529920499585
2003-09-25,10.74998727447617
2003-09-26,10.617302232379542
2003-09-29,10.802479001359188
2003-09-30,10.657279201375815
2003-10-01,10.906307411379666
2003-10-02,10.935522136209283
2003-10-03,11.099655117454017
2003-10-06,11.146765722253704
2003-10-07,11.161552617584313
2003-10-08,11.126638574121413
2003-10-09,11.362234413557767
2003-10-10,11.253902597931203
2003-10-13,11.45785199028003
2003-10-14,11.485512709328981
2003-10-15,11.413689812227627
2003-10-16,11.44932296043186
2003-10-17,11.348483846440313
2003-10-20,11.386388159010277
2003-10-21,11.418553256743447
2003-10-22,11.231821508905002
2003-10-23,11.27371154951354
2003-10-24,11.2686495970583
2003-10-27,11.325007363369357
2003-10-28,11.491930159625465
2003-10-29,11.564789384939974
2003-10-30,11.659370633449084
2003-10-31,11.61086463460464
2003-11-03,11.720949937029424
2003-11-04,11.724258402686445
2003-11-05,11.689104008924344
2003-11-06,11.899351162959121
2003-11-07,11.87463984373559
2003-11-10,11.77085132991862
2003-11-11,11.667182504712187
2003-11-12,11.770651848901066
2003-11-13,11.75171964071784
2003-11-14,11.668776406696363
2003-11-17,11.53122889316205
2003-11-18,11.42688280557406
2003-11-19,11.426564609024105
2003-11-20,11.381166621740993
2003-11-21,11.340671975177209
2003-11-24,11.554545791418962
2003-11-25,11.65155876218598
2003-11-26,11.635416369014129
2003-11-28,11.643228240277232
2003-12-01,11.804052755864946
2003-12-02,11.703532811501486
2003-12-03,11.716087465591741
2003-12-04,11.71014876973739
2003-12-05,11.600780625897674
2003-12-08,11.676070600391956
2003-12-09,11.641992431046521
2003-12-10,11.609110174728286
2003-12-11,11.82127040037533
2003-12-12,11.891060537253885
2003-12-15,11.760966802229209
2003-12-16,11.826771211069191
2003-12-17,11.822865275437639
2003-12-18,11.906007017398537
2003-12-19,11.907083241815203
2003-12-22,11.978188980331492
2003-12-23,11.98353020621131
2003-12-24,11.917924305310748
2003-12-26,11.95052826128254
2003-12-29,12.109239251162299
2003-12-30,12.044670651553028
2003-12-31,11.98528369300953
2004-01-02,11.98970730620859
2004-01-05,12.071295042388824
2004-01-06,12.105692381362347
2004-01-07,12.092938246254537
2004-01-08,12.075560043851976
2004-01-09,11.913101730076574
2004-01-12,12.034029069075038
2004-01-13,12.02518086959878
2004-01-14,12.083173407175659
2004-01-15,12.030840292028552
2004-01-16,12.101786445730795
2004-01-20,12.036898676493434
2004-01-21,12.210676808206514
2004-01-22,12.277318064242095
2004-01-23,12.24790288531679
2004-01-26,12.223071877482724
2004-01-27,12.121475708702599
2004-01-28,11.828365113053367
2004-01-29,11.845543834438374
2004-01-30,11.502611638306966
2004-02-02,11.431147807037211
2004-02-03,11.364864643755096
2004-02-04,11.248163383094408
2004-02-05,11.293919463130987
2004-02-06,11.536132233881379
2004-02-09,11.57319872617761
2004-02-10,11.645739754942163
2004-02-11,11.765589896445826
2004-02-12,11.759213315430989
2004-02-13,11.624615201722094
2004-02-17,11.641275272461456
2004-02-18,11.56291620953122
2004-02-19,11.529914264602452
2004-02-20,11.527442646141031
2004-02-23,11.378695976357706
2004-02-24,11.396432271513733
2004-02-25,11.43489415785472
2004-02-26,11.525848744156855
2004-02-27,11.567339822730283
2004-03-01,11.62481468273965
2004-03-02,11.546255165713724
2004-03-03,11.510622990587624
2004-03-04,11.497311281708793
2004-03-05,11.530990489019118
2004-03-08,11.433658348624009
2004-03-09,11.296749174345873
2004-03-10,11.114122843156535
2004-03-11,11.144095595852862
2004-03-12,11.41149844026892
2004-03-15,11.12193471441964
2004-03-16,11.113605165589025
2004-03-17,11.349958059813956
2004-03-18,11.283276907574862
2004-03-19,11.107546781124142
2004-03-22,10.963940883124945
2004-03-23,11.013045325022054
2004-03-24,11.005950612344016
2004-03-25,11.27458829291265
2004-03-26,11.30312575536071
2004-03-29,11.502452053492922
2004-03-30,11.493404372999107
2004-03-31,11.540396262266396
2004-04-01,11.632944750552708
2004-04-02,11.82429959260777
2004-04-05,11.780496480386967
2004-04-06,11.856903548579563
2004-04-07,11.775713801356305
2004-04-08,11.665747214463922
2004-04-12,11.693408906591007
2004-04-13,11.521583742693704
2004-04-14,11.595878258256478
2004-04-15,11.614172127183526
2004-04-16,11.715927880777697
2004-04-19,11.65335214518771
2004-04-20,11.603530544705537
2004-04-21,11.77551432033875
2004-04-22,11.984924627177929
2004-04-23,11.963999554975416
2004-04-26,11.838449121760336
2004-04-27,11.850685579300634
2004-04-28,11.746419284119668
2004-04-29,11.57479360123992
2004-04-30,11.504564606122742
2004-05-03,11.65068201878687
2004-05-04,11.620907774029964
2004-05-05,11.65032295295527
2004-05-06,11.608472808550243
2004-05-07,11.344099156366628
2004-05-10,11.19993568459641
2004-05-11,11.304201979777377
2004-05-12,11.348723223661379
2004-05-13,11.398345343125998
2004-05-14,11.354900323658661
2004-05-17,11.20918284610778
2004-05-18,11.328874375875532
2004-05-19,11.306354428610708
2004-05-20,11.280089103606512
2004-05-21,11.406157214389102
2004-05-24,11.420546120762733
2004-05-25,11.68595512808137
2004-05-26,11.717721263779428
2004-05-27,11.765430311631782
2004-05-28,11.749966153919619
2004-06-01,11.811705042314005
2004-06-02,11.96455810182457
2004-06-03,11.809552593480674
2004-06-04,11.926414412033541
2004-06-07,12.117052095503537
2004-06-08,12.245750436483458
2004-06-09,12.069701140404648
2004-06-10,12.055671299862617
2004-06-14,11.933150058879978
2004-06-15,12.11597587108687
2004-06-16,12.193298605803953
2004-06-17,12.196287901832884
2004-06-18,12.230883748745828
2004-06-21,12.217212974035396
2004-06-22,12.267393640349171
2004-06-23,12.512276537500405
2004-06-24,12.464407904834006
2004-06-25,12.611560672633155
2004-06-28,12.666524017977592
2004-06-29,12.693387786034455
2004-06-30,12.771508444821759
2004-07-01,12.642769234560191
2004-07-02,12.539777671735312
2004-07-06,12.421481536012314
2004-07-07,12.555362491136142
2004-07-08,12.241326823284396
2004-07-09,12.307808494505933
2004-07-12,12.322356985693608
2004-07-13,12.275006030594719
2004-07-14,12.296847742399855
2004-07-15,12.456954126324367
2004-07-16,12.309243784754198
2004-07-19,12.376203237339734
2004-07-20,12.57397552969128
2004-07-21,12.304460132645403
2004-07-22,12.162966787276027
2004-07-23,12.130323908178857
2004-07-26,12.150890887627906
2004-07-27,12.210676808206514
2004-07-28,12.301272328677051
2004-07-29,12.473016727089197
2004-07-30,12.402349846811532
2004-08-02,12.491869142865403
2004-08-03,12.437623929184165
2004-08-04,12.433358927721013
2004-08-05,12.17572189546197
2004-08-06,11.821988532038528
2004-08-09,11.837931444192824
2004-08-10,12.136024199890274
2004-08-11,12.156031659412033
2004-08-12,11.939008962327305
2004-08-13,11.825335920820924
2004-08-16,12.16101381946025
2004-08-17,12.13494797547361
2004-08-18,12.333715726756663
2004-08-19,12.166155564322512
2004-08-20,12.319367689664679
2004-08-23,12.228572688176586
2004-08-24,12.364405638038056
2004-08-25,12.41155711211939
2004-08-26,12.390991105748476
2004-08-27,12.390831520934432
2004-08-30,12.297366393045499
2004-08-31,12.377518838977467
2004-09-01,12.381783840440619
2004-09-02,12.604825025786717
2004-09-03,12.522560027224928
2004-09-07,12.678600890703846
2004-09-08,12.70964986781684
2004-09-09,12.729658300416732
2004-09-10,12.851501305939681
2004-09-13,12.846878211723064
2004-09-14,12.853972924401102
2004-09-15,12.817104940044294
2004-09-16,12.88749254689738
2004-09-17,12.983070227416134
2004-09-20,12.923045902694593
2004-09-21,13.038193157574616
2004-09-22,12.733045585402639
2004-09-23,12.650581105823296
2004-09-24,12.762740037752522
2004-09-27,12.664053372594305
2004-09-28,12.78852758139272
2004-09-29,12.912125046792024
2004-09-30,12.927748789318231
2004-10-01,13.14811984826349
2004-10-04,13.227117250449902
2004-10-05,13.294794834698639
2004-10-06,13.50651620210706
2004-10-07,13.319785427346748
2004-10-08,13.296388736682815
2004-10-11,13.297065999064369
2004-10-12,13.308266128391514
2004-10-13,13.08287301319453
2004-10-14,13.164460749374761
2004-10-15,13.362870407904351
2004-10-18,13.482561937672104
2004-10-19,13.333615786871224
2004-10-20,13.498624538436934
2004-10-21,13.677782819155206
2004-10-22,13.439635568850411
2004-10-25,13.472438032761625
2004-10-26,13.69340753475955
2004-10-27,13.851201885036687
2004-10-28,13.888069869393496
2004-10-29,13.939764645284423
2004-11-01,13.966270320587823
2004-11-02,13.749247623503095
2004-11-03,13.928684204567812
2004-11-04,14.200511635261066
2004-11-05,14.239013417805563
2004-11-08,14.276758145561482
2004-11-09,14.299636185579772
2004-11-10,14.246427300111689
2004-11-11,14.441488596780747
2004-11-12,14.461018274938507
2004-11-15,14.394496707513458
2004-11-16,14.237777608574852
2004-11-17,14.350454218071588
2004-11-18,14.397326418728344
2004-11-19,14.219682247587224
2004-11-22,14.385449027019645
2004-11-23,14.432640397304489
2004-11-24,14.53830208653021
2004-11-26,14.539895988514386
2004-11-29,14.548425018362556
2004-11-30,14.582622876318524
2004-12-01,14.893828832955384
2004-12-02,14.866526206659898
2004-12-03,14.853772071552088
2004-12-06,14.776090271003406
2004-12-07,14.626266403725282
2004-12-08,14.842571942224943
2004-12-09,14.783902142266511
2004-12-10,14.691513238794244
2004-12-13,14.84667735887405
2004-12-14,14.974499929532996
2004-12-15,14.98478341925752
2004-12-16,14.879639407599308
2004-12-17,14.950745146115596
2004-12-20,14.870272557477405
2004-12-21,15.114239788104152
2004-12-22,15.108380884656825
2004-12-23,15.097061066719146
2004-12-27,14.963339696409362
2004-12-28,15.192081173466878
2004-12-29,15.186779843790571
2004-12-30,15.180044196944134
2004-12-31,15.137994571521551
2005-01-03,14.98781261148996
2005-01-04,14.66082332751285
2005-01-05,14.561020541734456
2005-01-06,14.616143471892936
2005-01-07,14.495216132894473
2005-01-10,14.600638444899129
2005-01-11,14.525029300776756
2005-01-12,14.29752363294995
2005-01-13,14.083849297725754
2005-01-14,14.225700735848596
2005-01-18,14.305654673841143
2005-01-19,14.15921906462706
2005-01-20,14.003536293901607
2005-01-21,13.835139284271857
2005-01-24,13.769813629874008
2005-01-25,14.07061640817581
2005-01-26,14.099113974420362
2005-01-27,14.165756203534077
2005-01-28,14.133152247562284
2005-01-31,14.342562554401463
2005-02-01,14.371459082681124
2005-02-02,14.365241113402197
2005-02-03,14.266833721668558
2005-02-04,14.339892428000622
2005-02-07,14.357110072511004
2005-02-08,14.387960541684576
2005-02-09,14.233672191925745
2005-02-10,14.21729139461096
2005-02-11,14.400555091978342
2005-02-14,14.306013739672743
2005-02-15,14.409044225623
2005-02-16,14.439016978319327
2005-02-17,14.36532090580922
2005-02-18,14.428215811027293
2005-02-22,14.11007472652644
2005-02-23,14.39541334711608
2005-02-24,14.66847561396191
2005-02-25,14.80765692568391
2005-02-28,14.853413005720489
2005-03-01,14.98354761002681
2005-03-02,14.95608539891728
2005-03-03,14.988689354889072
2005-03-04,15.269204427166404
2005-03-07,15.449199555080277
2005-03-08,15.433416227740025
2005-03-09,15.305554733955702
2005-03-10,15.221854445145649
2005-03-11,15.27366890964711
2005-03-14,15.363387686718537
2005-03-15,15.211251785793037
2005-03-16,14.976452897348771
2005-03-17,15.05644673154483
2005-03-18,14.94879217829982
2005-03-21,14.944367592022624
2005-03-22,14.963339696409362
2005-03-23,14.87585316057829
2005-03-24,14.925235902821843
2005-03-28,14.909612160295636
2005-03-29,14.641851223126112
2005-03-30,14.89195565754663
2005-03-31,14.810845702730395
2005-04-01,14.693825272441618
2005-04-04,14.778242719836738
2005-04-05,14.831611190118865
2005-04-06,14.801638437422538
2005-04-07,14.822922575456651
2005-04-08,14.335467841723425
2005-04-11,14.390231706050306
2005-04-12,14.53192453243724
2005-04-13,14.142718578701743
2005-04-14,13.716086093760282
2005-04-15,13.483279096257169
2005-04-18,13.57263978057513
2005-04-19,13.745699780625008
2005-04-20,13.532583019171835
2005-04-21,14.001942391917432
2005-04-22,13.711103933712064
2005-04-25,13.833665070898215
2005-04-26,13.569610588342687
2005-04-27,13.621385156640638
2005-04-28,13.505958628336037
2005-04-29,13.656857746952694
2005-05-02,13.88559922401021
2005-05-03,13.801180803536957
2005-05-04,14.028526886549718
2005-05-05,14.065036778153061
2005-05-06,14.08420739047922
2005-05-09,14.18544546650588
2005-05-10,13.944308920172153
2005-05-11,14.085722473134508
2005-05-12,13.712897316713796
2005-05-13,13.560243738220786
2005-05-16,13.866268053791872
2005-05-17,14.017366653426084
2005-05-18,14.369506114865349
2005-05-19,14.432440916286934
2005-05-20,14.43228133147289
2005-05-23,14.454282628092068
2005-05-24,14.478794466298044
2005-05-25,14.346588178643549
2005-05-26,14.49298389165412
2005-05-27,14.44081036132106
2005-05-31,14.346947244475148
2005-06-01,14.483578118406841
2005-06-02,14.547747755981002
2005-06-03,14.464606014020104
2005-06-06,14.488360797437503
2005-06-07,14.39896021691603
2005-06-08,14.100429576058094
2005-06-09,14.066471095323193
2005-06-10,14.035701391634777
2005-06-13,14.043433470490859
2005-06-14,13.99385124722975
2005-06-15,14.058539535449556
2005-06-16,14.215856104362695
2005-06-17,14.3165356335402
2005-06-20,14.23722003480383
2005-06-21,14.222671543616155
2005-06-22,14.222671543616155
2005-06-23,13.78049510855551
2005-06-24,13.596274875381996
2005-06-27,13.534895052819211
2005-06-28,13.873960236444443
2005-06-29,14.00536957310685
2005-06-30,13.901262862739928
2005-07-01,13.98460408571838
2005-07-05,14.08879156157046
2005-07-06,14.0345852710146
2005-07-07,14.02685319215852
2005-07-08,14.308604073666562
2005-07-11,14.441169427152658
2005-07-12,14.336623858547114
2005-07-13,14.386964109674933
2005-07-14,14.595337115222822
2005-07-15,14.532084117251284
2005-07-18,14.479910586918221
2005-07-19,14.49593329147954
2005-07-20,15.024042256590592
2005-07-21,15.064418187621976
2005-07-22,15.066171674420197
2005-07-25,14.875056209586202
2005-07-26,14.91192419394301
2005-07-27,14.993073071884622
2005-07-28,15.213763300457968
2005-07-29,15.145567065563588
2005-08-01,15.178209944660757
2005-08-02,15.214161289414944
2005-08-03,15.15752424967931
2005-08-04,15.011328017686294
2005-08-05,14.873381542116869
2005-08-08,14.85975066360995
2005-08-09,14.905666328460573
2005-08-10,14.920413327587669
2005-08-11,14.997657242975862
2005-08-12,14.93775163378672
2005-08-15,14.992675082927645
2005-08-16,14.767361760137682
2005-08-17,14.84703642470565
2005-08-18,14.791316024572637
2005-08-19,14.821926143447007
2005-08-22,14.848112649122315
2005-08-23,14.593105847060603
2005-08-24,14.611559300801696
2005-08-25,14.731051349551894
2005-08-26,14.617100007699069
2005-08-29,14.688244669340735
2005-08-30,14.541131797745097
2005-08-31,14.670907336219818
2005-09-01,14.630930367223545
2005-09-02,14.558071141909036
2005-09-06,14.703390630502943
2005-09-07,14.696575191249483
2005-09-08,14.55308898186082
2005-09-09,14.43786096149564
2005-09-12,14.539457130275764
2005-09-13,14.31358623371478
2005-09-14,14.285008875063207
2005-09-15,14.336623858547114
2005-09-16,14.483019571557685
2005-09-19,14.307767226470963
2005-09-20,14.274685489135173
2005-09-21,14.33686323576818
2005-09-22,14.390790252899462
2005-09-23,14.440532060974615
2005-09-26,14.411635532694953
2005-09-27,14.41833128333788
2005-09-28,14.57273834862911
2005-09-29,14.820610541809275
2005-09-30,14.908815209303548
2005-10-03,14.893031881963296
2005-10-04,14.73037408717034
2005-10-05,14.442365340179858
2005-10-06,14.548744187990645
2005-10-07,14.662497021904048
2005-10-10,14.611081519437697
2005-10-11,14.698288781844191
2005-10-12,14.455796737669221
2005-10-13,14.30677079446132
2005-10-14,14.502510326590068
2005-10-17,14.524232349784668
2005-10-18,14.304937515256077
2005-10-19,14.474211268284938
2005-10-20,14.4445576852167
2005-10-21,14.443162291171946
2005-10-24,14.845680926864407
2005-10-25,14.893629351937827
2005-10-26,14.887850240897523
2005-10-27,14.644840519155043
2005-10-28,14.913837265555276
2005-10-31,15.207385746364995
2005-11-01,15.305355252938147
2005-11-02,15.656099320332657
2005-11-03,15.837050984052663
2005-11-04,15.684716575187743
2005-11-07,15.860965352284108
2005-11-08,15.788425296597687
2005-11-09,15.960330252902013
2005-11-10,16.117885225958084
2005-11-11,16.234866733121486
2005-11-14,16.178906955767406
2005-11-15,15.967463888705428
2005-11-16,15.949488216328334
2005-11-17,16.27129585923967
2005-11-18,16.503663998504162
2005-11-21,16.566598799925746
2005-11-22,16.661100256027837
2005-11-23,16.644719458713052
2005-11-25,16.656916020049838
2005-11-28,16.428373050931743
2005-11-29,16.46061891415007
2005-11-30,16.39648722662315
2005-12-01,16.572378884044188
2005-12-02,16.49513399557786
2005-12-05,16.2889134388633
2005-12-06,16.45503928412732
2005-12-07,16.382338670548723
2005-12-08,16.27010091929061
2005-12-09,16.350810938993597
2005-12-12,16.304417492778974
2005-12-13,16.293775910300983
2005-12-14,16.40764843282492
2005-12-15,16.52391180832512
2005-12-16,16.510839476667357
2005-12-19,16.373968252436462
2005-12-20,16.353920896711195
2005-12-21,16.734836224741453
2005-12-22,16.94177491311921
2005-12-23,17.00610510858555
2005-12-27,16.804864765762943
2005-12-28,16.83543693459007
2005-12-29,16.90482713635538
2005-12-30,16.72423356538884
2006-01-03,16.73671037322834
2006-01-04,16.92714760260265
2006-01-05,16.875333138101187
2006-01-06,16.796973102092817
2006-01-09,16.892869952239657
2006-01-10,16.81455078551293
2006-01-11,16.737228050795853
2006-01-12,16.534314013582044
2006-01-13,16.529213138001428
2006-01-17,16.305413924788617
2006-01-18,16.459820990079848
2006-01-19,16.87920015060736
2006-01-20,16.574570256002897
2006-01-23,16.64340385707532
2006-01-24,17.039067157310807
2006-01-25,16.902715556803695
2006-01-26,17.164656513651266
2006-01-27,17.177331829430187
2006-01-30,17.355813820845043
2006-01-31,17.407826793285924
2006-02-01,17.2251216427677
2006-02-02,17.063658787923806
2006-02-03,16.993390869681253
2006-02-06,17.100727226376307
2006-02-07,16.858115493590805
2006-02-08,17.054173222269505
2006-02-09,17.140424921948004
2006-02-10,17.226316582716763
2006-02-13,17.13197471142872
2006-02-14,17.568211477556883
2006-02-15,17.70575996416933
2006-02-16,17.595434311445345
2006-02-17,17.554500806642938
2006-02-21,17.51815244600991
2006-02-22,17.733181305997213
2006-02-23,17.659924091725728
2006-02-24,17.679054807848377
2006-02-27,17.876548799853477
2006-02-28,17.682244557972997
2006-03-01,17.992134912972126
2006-03-02,17.864231576828022
2006-03-03,17.972803742753786
2006-03-06,17.816961387214292
2006-03-07,17.67518974149847
2006-03-08,17.617754777692614
2006-03-09,17.5975478371533
2006-03-10,17.760563724699722
2006-03-13,17.752512476215554
2006-03-14,17.914652593440998
2006-03-15,18.301505644247474
2006-03-16,18.147418721662465
2006-03-17,18.188192641650826
2006-03-20,18.284646092490554
2006-03-21,18.179742431131544
2006-03-22,18.393895520797876
2006-03-23,18.028483273605154
2006-03-24,18.045025601890252
2006-03-27,18.1667498918808
2006-03-28,18.063996733198856
2006-03-29,18.208759621099876
2006-03-30,18.126334064645906
2006-03-31,18.206805680205964
2006-04-03,18.422194579103003
2006-04-04,18.660421621814823
2006-04-05,18.838901667073408
2006-04-06,18.84822959406993
2006-04-07,18.695216949745323
2006-04-10,18.6019104335923
2006-04-11,18.41023739498728
2006-04-12,18.456472229465994
2006-04-13,18.516734958330467
2006-04-17,18.279704801723984
2006-04-18,18.73332074333284
2006-04-19,18.832603905387458
2006-04-20,18.76970997324752
2006-04-21,18.757034657468594
2006-04-24,18.85436777094184
2006-04-25,18.7623359871449
2006-04-26,18.735632776980218
2006-04-27,18.61386761770802
2006-04-28,18.591389512802976
2006-05-01,18.612991847387047
2006-05-02,18.847709970346152
2006-05-03,18.931131958809765
2006-05-04,19.562910722205388
2006-05-05,19.76088152249635
2006-05-08,19.76088152249635
2006-05-09,19.92445595689193
2006-05-10,19.893726149407026
2006-05-11,19.696232157401923
2006-05-12,19.29307615553142
2006-05-15,19.316233468974286
2006-05-16,19.125276615876203
2006-05-17,18.617216952646686
2006-05-18,18.44327923611956
2006-05-19,18.438894546045876
2006-05-22,18.53498990413214
2006-05-23,18.395849461691785
2006-05-24,18.33084200384389
2006-05-25,18.523233174112107
2006-05-26,18.635829991201824
2006-05-30,18.249850764560055
2006-05-31,18.611954546095756
2006-06-01,18.910605848642362
2006-06-02,18.980356089317407
2006-06-05,18.412189389724922
2006-06-06,18.36774891132608
2006-06-07,18.195047004029664
2006-06-08,18.16009209128512
2006-06-09,18.104572145247797
2006-06-12,17.771483607524154
2006-06-13,17.701892951663154
2006-06-14,17.81995068324322
2006-06-15,18.489473201316628
2006-06-16,18.478751826431616
2006-06-19,18.379507587502378
2006-06-20,18.453841026190528
2006-06-21,18.994025890949704
2006-06-22,18.883900692321408
2006-06-23,19.023720343299587
2006-06-26,19.021328517245188
2006-06-27,18.74934344789416
2006-06-28,18.854885448509346
2006-06-29,19.49112674822941
2006-06-30,19.645215616970685
2006-07-03,19.82863889915211
2006-07-05,19.615879257374267
2006-07-06,19.471756654885695
2006-07-07,19.303678814884034
2006-07-10,19.375818935457207
2006-07-11,19.366413162209927
2006-07-12,19.084821865515927
2006-07-13,18.566836805315354
2006-07-14,18.29688352310899
2006-07-17,18.218085601940132
2006-07-18,18.343396657934147
2006-07-19,18.713351233858326
2006-07-20,17.897034040739236
2006-07-21,17.761560156709365
2006-07-24,18.209596468295473
2006-07-25,17.889103453943733
2006-07-26,17.396587740833404
2006-07-27,17.16039248526625
2006-07-28,17.596590328269034
2006-07-31,17.465421341905827
2006-08-01,17.119618565277886
2006-08-02,17.248596179682387
2006-08-03,17.694758342781608
2006-08-04,17.45174959411726
2006-08-07,17.204116778158163
2006-08-08,17.09008369774205
2006-08-09,16.589635451679946
2006-08-10,16.79577816214375
2006-08-11,16.507371426196293
2006-08-14,16.58856117341955
2006-08-15,17.07015505754918
2006-08-16,17.62110216647501
2006-08-17,17.55067466341841
2006-08-18,17.483833926365275
2006-08-21,17.125038610486595
2006-08-22,17.14755953082955
2006-08-23,17.021968228332824
2006-08-24,16.8614628823732
2006-08-25,16.897532942659787
2006-08-28,17.11224457917527
2006-08-29,17.093711333027155
2006-08-30,17.021769720393404
2006-08-31,17.07063381199131
2006-09-01,17.18000195583103
2006-09-05,17.161667217622334
2006-09-06,16.859351302821516
2006-09-07,16.835475857715448
2006-09-08,16.72040742216431
2006-09-11,16.856282214385562
2006-09-12,17.41703405859378
2006-09-13,17.742269855772673
2006-09-14,17.62488938657416
2006-09-15,17.551990265056144
2006-09-18,17.660202392072172
2006-09-19,17.564385334332353
2006-09-20,17.595874142762103
2006-09-21,17.327713270479332
2006-09-22,17.247959786582477
2006-09-25,17.312089527953127
2006-09-26,17.747450523760314
2006-09-27,17.857575722388606
2006-09-28,17.80241386910475
2006-09-29,17.7502802349752
2006-10-02,17.669170280158966
2006-10-03,17.81405188359238
2006-10-04,18.213899419805866
2006-10-05,18.45591368261684
2006-10-06,18.214099873901556
2006-10-09,18.26085238594778
2006-10-10,18.49505283133938
2006-10-11,18.304574732683427
2006-10-12,18.51566068007007
2006-10-13,18.565083318517136
2006-10-16,18.844522166377804
2006-10-17,18.528254257285703
2006-10-18,18.35535384204987
2006-10-19,18.643163108022794
2006-10-20,18.758071958759885
2006-10-23,18.661098884196377
2006-10-24,18.859030761361968
2006-10-25,19.06074791247044
2006-10-26,19.086536429188772
2006-10-27,18.926389175982614
2006-10-30,19.084821865515927
2006-10-31,18.83898145948043
2006-11-01,18.632282148323736
2006-11-02,18.52175798766033
2006-11-03,18.384927632711083
2006-11-06,18.712833556290814
2006-11-07,18.807494597206947
2006-11-08,18.82562888131995
2006-11-09,18.646590289212213
2006-11-10,18.866085577836493
2006-11-13,19.02966001223207
2006-11-14,18.990917879388373
2006-11-15,19.25278098998519
2006-11-16,19.456609720645353
2006-11-17,19.32169438346464
2006-11-20,19.285024907047248
2006-11-21,19.338273688718843
2006-11-22,19.400492304633495
2006-11-24,19.312726495377845
2006-11-27,19.088249046705347
2006-11-28,18.946636985803572
2006-11-29,18.88366131510034
2006-11-30,18.842210132730425
2006-12-01,18.761499139949304
2006-12-04,18.915348631469513
2006-12-05,19.099330460500095
2006-12-06,18.946238023768462
2006-12-07,18.950821221781567
2006-12-08,18.81323381204374
2006-12-11,18.89605833053282
2006-12-12,18.661657431045533
2006-12-13,18.565281826456555
2006-12-14,18.851218890098863
2006-12-15,18.737067094150348
2006-12-18,18.570263986504774
2006-12-19,18.485687927373743
2006-12-20,18.274204964108257
2006-12-21,18.109713890110058
2006-12-22,17.97762631798796
2006-12-26,18.0982335142802
2006-12-27,18.301904606282584
2006-12-28,18.279385632095895
2006-12-29,18.175717779967595
2007-01-03,18.536266582644497
2007-01-04,18.625585424602676
2007-01-05,18.383573107947974
2007-01-08,18.430724582029306
2007-01-09,18.464523477950163
2007-01-10,18.499637975508755
2007-01-11,18.705181269841756
2007-01-12,18.973141688028836
2007-01-16,19.37797138429054
2007-01-17,19.18578066811801
2007-01-18,19.21822309311949
2007-01-19,19.36784747938006
2007-01-22,19.18271157968206
2007-01-23,19.240543559366756
2007-01-24,19.218781639968647
2007-01-25,18.951578276570142
2007-01-26,18.78477516892457
2007-01-29,18.987290244103264
2007-01-30,19.084623357576508
2007-01-31,19.597106634005083
2007-02-01,19.92365803282171
2007-02-02,19.956102403979457
2007-02-05,19.780889955096246
2007-02-06,19.784515644225085
2007-02-07,19.84828729284227
2007-02-08,19.737963586274553
2007-02-09,19.6075905778253
2007-02-12,19.681246754131895
2007-02-13,19.975951251765302
2007-02-14,20.39604659779975
2007-02-15,20.32581760268257
2007-02-16,20.35100864942637
2007-02-20,20.50979943171315
2007-02-21,20.639574970187873
2007-02-22,20.579469879981172
2007-02-23,20.562092650656744
2007-02-26,20.07499698275512
2007-02-27,19.385623670739598
2007-02-28,19.3846681080116
2007-03-01,19.352583775763588
2007-03-02,19.06074791247044
2007-03-05,18.823517301768266
2007-03-06,19.005426474372538
2007-03-07,19.104472205362356
2007-03-08,19.231776125375657
2007-03-09,19.252580535889503
2007-03-12,19.351626266879318
2007-03-13,18.838782951541006
2007-03-14,18.796812145447312
2007-03-15,18.966086871554307
2007-03-16,19.05827629400902
2007-03-19,19.11001096610346
2007-03-20,19.301047611608567
2007-03-21,19.50527530430384
2007-03-22,19.49670637825216
2007-03-23,19.822101760245094
2007-03-26,19.566536411334226
2007-03-27,19.341144269215373
2007-03-28,19.10618482287893
2007-03-29,19.14149782837694
2007-03-30,19.174142653630376
2007-04-02,19.198574699429333
2007-04-03,19.537161128612432
2007-04-04,19.497264925101316
2007-04-05,19.598064142889353
2007-04-09,19.968896435290777
2007-04-10,19.90763532826039
2007-04-11,19.809148144119728
2007-04-12,20.135898050875774
2007-04-13,20.068140674220015
2007-04-16,20.34355487091673
2007-04-17,20.256347608510236
2007-04-18,20.57659929948464
2007-04-19,20.588636276007385
2007-04-20,20.749141621967013
2007-04-23,20.573370626234645
2007-04-24,20.461133848054665
2007-04-25,20.899563932297802
2007-04-26,20.630805590040502
2007-04-27,20.41645399243475
2007-04-30,20.077507524341918
2007-05-01,20.065470547819174
2007-05-02,20.271971351036445
2007-05-03,20.546827000884004
2007-05-04,20.610557780219544
2007-05-07,20.58632424236001
2007-05-08,20.79725060493261
2007-05-09,20.78752566205724
2007-05-10,20.41398237397333
2007-05-11,20.589951877645117
2007-05-14,20.399275271049746
2007-05-15,20.431918150146913
2007-05-16,20.786568153172976
2007-05-17,20.814985927010504
2007-05-18,20.780429976301072
2007-05-21,20.73750360747938
2007-05-22,20.714585671257577
2007-05-23,20.724709576168056
2007-05-24,20.470500698176565
2007-05-25,20.516854248187677
2007-05-29,20.752210710402963
2007-05-30,20.860422837418994
2007-05-31,21.095740376508903
2007-06-01,21.228026456570422
2007-06-04,21.08657398048269
2007-06-05,20.931210379385327
2007-06-06,20.562291158596167
2007-06-07,20.06778258146655
2007-06-08,20.406927557498804
2007-06-11,20.298117960508243
2007-06-12,19.907993421013856
2007-06-13,20.24929279203571
2007-06-14,20.54853961840058
2007-06-15,20.6340342632905
2007-06-18,20.469702774106345
2007-06-19,20.45674915798098
2007-06-20,20.354435830615788
2007-06-21,20.536502641877835
2007-06-22,20.359976537513162
2007-06-25,20.426217858435496
2007-06-26,20.23382668816728
2007-06-27,20.44586819828192
2007-06-28,20.460176339170395
2007-06-29,20.322748514246616
2007-07-02,20.545112437211163
2007-07-03,20.803746874557984
2007-07-05,20.748384567178434
2007-07-06,20.850499386604206
2007-07-09,21.041933047988156
2007-07-10,20.718411814482106
2007-07-11,21.074575927085323
2007-07-12,21.28968652563592
2007-07-13,21.402084834786212
2007-07-16,21.43795638713338
2007-07-17,21.514522067061883
2007-07-18,21.641825987075183
2007-07-19,21.708228838967834
2007-07-20,21.36278415509336
2007-07-23,21.391402383026577
2007-07-24,20.98525708512714
2007-07-25,20.853169513005046
2007-07-26,20.352162720093787
2007-07-27,20.084760848755867
2007-07-30,20.30596875489672
2007-07-31,20.048291826434166
2007-08-01,20.11186496711193
2007-08-02,20.185161104508794
2007-08-03,19.425681405221027
2007-08-06,19.789497804273303
2007-08-07,19.958015475591722
2007-08-08,20.24506768677607
2007-08-09,19.812775779404838
2007-08-10,19.776106302987447
2007-08-13,19.97443714218815
2007-08-14,19.33177741909347
2007-08-15,18.702310689345225
2007-08-16,18.622716790262412
2007-08-17,19.00387149551374
2007-08-20,19.352583775763588
2007-08-21,19.220895165676602
2007-08-22,19.627996026304032
2007-08-23,19.37494316513623
2007-08-24,19.59364052969029
2007-08-27,19.398419648207188
2007-08-28,18.86437101416365
2007-08-29,19.280640216973563
2007-08-30,19.080238667502822
2007-08-31,19.44537066819283
2007-09-04,19.608945102588407
2007-09-05,19.255250662290344
2007-09-06,19.26593311404998
2007-09-07,18.86417250622423
2007-09-10,18.710163429889974
2007-09-11,19.02814395649865
2007-09-12,18.883820899914387
2007-09-13,19.130418360738464
2007-09-14,19.118023291462254
2007-09-17,18.918775812658932
2007-09-18,19.661037867436313
2007-09-19,19.552228270445752
2007-09-20,19.188849756553964
2007-09-21,19.240543559366756
2007-09-24,19.002954855911117
2007-09-25,19.158279533883103
2007-09-26,19.267488092908778
2007-09-27,19.32910729269263
2007-09-28,19.276255526899877
2007-10-01,19.566736865429917
2007-10-02,19.621141663925197
2007-10-03,19.32663567423121
2007-10-04,19.286539016624403
2007-10-05,19.91736027113576
2007-10-08,19.669449154830218
2007-10-09,19.8757495039518
2007-10-10,19.663707993837154
2007-10-11,19.495153345549628
2007-10-12,19.692524729709795
2007-10-15,19.486185457462838
2007-10-16,19.264419004472824
2007-10-17,19.44879784938225
2007-10-18,19.564265246968496
2007-10-19,19.136914630363833
2007-10-22,19.311928571307625
2007-10-23,19.699381038244898
2007-10-24,19.51328762966263
2007-10-25,19.272071290921883
2007-10-26,19.398419648207188
2007-10-29,19.30889840599705
2007-10-30,19.299533502031412
2007-10-31,19.561793628507075
2007-11-01,19.03061557496007
2007-11-02,19.142455337261207
2007-11-05,19.04416666105997
2007-11-06,19.206585078631857
2007-11-07,18.58684523791525
2007-11-08,18.719888372765343
2007-11-09,18.349972719966537
2007-11-12,18.308402822064224
2007-11-13,18.75595843305193
2007-11-14,18.619887079047526
2007-11-15,18.488556561714006
2007-11-16,18.190224428795492
2007-11-19,17.768256880430428
2007-11-20,17.63864092676975
2007-11-21,17.404080442468416
2007-11-23,17.74075380003925
2007-11-26,17.47486603827848
2007-11-27,17.803369431832746
2007-11-28,18.435706742077524
2007-11-29,18.227650960001455
2007-11-30,18.578634404617034
2007-12-03,18.422712256670515
2007-12-04,18.410317187394305
2007-12-05,18.670625319132323
2007-12-06,19.0897631562825
2007-12-07,19.435805310131506
2007-12-10,19.53449100221159
2007-12-11,18.871425830638177
2007-12-12,18.884976916738076
2007-12-13,18.967801435227152
2007-12-14,18.64467721759995
2007-12-17,18.505933791038434
2007-12-18,18.584373619453828
2007-12-19,18.270976290858258
2007-12-20,18.27001878197399
2007-12-21,18.50991951907701
2007-12-24,18.759187106301926
2007-12-26,18.676164079873427
2007-12-27,18.412987313795146
2007-12-28,18.436263342770413
2007-12-31,18.21696850824182
2008-01-02,17.81883553570118
2008-01-03,17.61117871566022
2008-01-04,16.980756423183976
2008-01-07,17.07159132087558
2008-01-08,16.526661727132986
2008-01-09,16.591390884634436
2008-01-10,17.034962713739837
2008-01-11,16.690635123563673
2008-01-14,17.06891924831847
2008-01-15,16.81048526506734
2008-01-16,16.936473583442904
2008-01-17,16.502070096519986
2008-01-18,16.659148261290195
2008-01-22,16.624033763731603
2008-01-23,17.79456112856
2008-01-24,17.828161516541435
2008-01-25,17.835414840955384
2008-01-28,18.028763520107866
2008-01-29,18.240803084066243
2008-01-30,18.395211122435608
2008-01-31,18.939940262082512
2008-02-01,19.1607900754699
2008-02-04,18.877523138228437
2008-02-05,18.634753766785156
2008-02-06,18.686488438879596
2008-02-07,18.959590601928937
2008-02-08,18.779434916122884
2008-02-11,18.925632121194035
2008-02-12,18.865328523047918
2008-02-13,19.030216612924956
2008-02-14,18.75635739508704
2008-02-15,18.743722948589763
2008-02-19,18.716260737480233
2008-02-20,18.878679155052126
2008-02-21,18.680548769947112
2008-02-22,18.655558177299003
2008-02-25,18.97031197681395
2008-02-26,19.229863053763392
2008-02-27,18.928103739655455
2008-02-28,18.637225385246577
2008-02-29,18.137374609159007
2008-03-03,18.278031107332787
2008-03-04,18.386840704323347
2008-03-05,18.58931685637667
2008-03-06,18.048612367893714
2008-03-07,17.89687640208146
2008-03-10,17.533098926154562
2008-03-11,18.332634413767487
2008-03-12,18.036773899310393
2008-03-13,18.259536784310047
2008-03-14,17.96196170618011
2008-03-17,17.811739849945006
2008-03-18,18.75727403468966
2008-03-19,18.21944012670324
2008-03-20,18.76341221156157
2008-03-24,19.37474271104054
2008-03-25,19.53429249427217
2008-03-26,19.18063892325575
2008-03-27,19.046439771581966
2008-03-28,18.948550057415837
2008-03-31,19.067244182095813
2008-04-01,19.830153008729265
2008-04-02,19.819830595879363
2008-04-03,19.925970066469084
2008-04-04,19.83453769880295
2008-04-07,19.881089756753482
2008-04-08,19.842548078005475
2008-04-09,19.144169900934052
2008-04-10,19.403002846220293
2008-04-11,19.18673623084601
2008-04-14,19.264218550377134
2008-04-15,19.46139337275415
2008-04-16,20.221233110951648
2008-04-17,19.876707012836064
2008-04-18,20.327532166355414
2008-04-21,20.10536675133029
2008-04-22,19.79157046069961
2008-04-23,19.72002781010097
2008-04-24,20.157858478213306
2008-04-25,20.39644555983486
2008-04-28,20.602189308263554
2008-04-29,20.762295692188065
2008-04-30,20.598760180917864
2008-05-01,21.299970015360444
2008-05-02,21.15855646239809
2008-05-05,21.057000189821476
2008-05-06,21.395985581039685
2008-05-07,20.752012202463543
2008-05-08,20.824352777132408
2008-05-09,20.701791639946258
2008-05-12,20.965964838034182
2008-05-13,21.07896061715901
2008-05-14,21.31332259352092
2008-05-15,21.52404655584156
2008-05-16,21.39921425428968
2008-05-19,21.504596670090827
2008-05-20,21.335681982893565
2008-05-21,20.895338827038163
2008-05-22,20.907934350410063
2008-05-23,20.507129305312308
2008-05-27,20.964450728457027
2008-05-28,21.1699959689463
2008-05-29,21.558921676179086
2008-05-30,21.67255579456009
2008-06-02,21.429305722518407
2008-06-03,21.352023857082973
2008-06-04,21.47406731670161
2008-06-05,21.89340560794748
2008-06-06,20.926107557648443
2008-06-09,21.213957692903016
2008-06-10,21.06748218748542
2008-06-11,20.083964870841914
2008-06-12,20.246860096699667
2008-06-13,20.52179553895425
2008-06-16,20.564085514676034
2008-06-17,20.34160093002282
2008-06-18,20.408361874668934
2008-06-19,21.095423153037082
2008-06-20,20.7019512247603
2008-06-23,20.301107256537172
2008-06-24,19.922064130837533
2008-06-25,20.11971576150041
2008-06-26,19.501490030360955
2008-06-27,19.566417695801828
2008-06-30,19.721501050396476
2008-07-01,19.378808231486136
2008-07-02,18.54611024105226
2008-07-03,18.648225060478033
2008-07-07,18.674930216798987
2008-07-08,19.61448580948578
2008-07-09,19.149708661675156
2008-07-10,19.198415114615287
2008-07-11,19.038787485132907
2008-07-14,18.846476107271712
2008-07-15,18.563767716879404
2008-07-16,19.5918850967358
2008-07-17,19.83350039751166
2008-07-18,19.944662897431243
2008-07-21,19.736926284983262
2008-07-22,20.53738035835508
2008-07-23,20.48110141137291
2008-07-24,19.71062009069742
2008-07-25,19.765503643634837
2008-07-28,19.46450138431548
2008-07-29,20.34016661285269
2008-07-30,20.307085848595033
2008-07-31,20.215254518893786
2008-08-01,19.726245779379898
2008-08-04,19.57072259346849
2008-08-05,20.534311269919126
2008-08-06,20.402184774671653
2008-08-07,19.988426113448536
2008-08-08,20.791550313221194
2008-08-11,20.717176005251396
2008-08-12,20.23454481983048
2008-08-13,20.208876964800815
2008-08-14,20.522791970963894
2008-08-15,20.54088733195152
2008-08-18,20.307085848595033
2008-08-19,19.866382653829895
2008-08-20,19.704880875860628
2008-08-21,19.673633390808213
2008-08-22,20.155427729033534
2008-08-25,19.761597708003283
2008-08-26,19.763232479269107
2008-08-27,19.974834158066994
2008-08-28,20.486840626209705
2008-08-29,20.34076408282722
2008-09-02,20.23494378186559
2008-09-03,20.134502656831017
2008-09-04,19.59228405877091
2008-09-05,19.485467325799636
2008-09-08,19.71516436558515
2008-09-09,18.995421284994457
2008-09-10,19.574628529100043
2008-09-11,20.23968656469274
2008-09-12,20.223862368070844
2008-09-15,19.758289242346265
2008-09-16,20.05147963040252
2008-09-17,19.358282121318734
2008-09-18,20.086195165925997
2008-09-19,20.328448805958036
2008-09-22,19.28944852024631
2008-09-23,19.099608760846536
2008-09-24,18.79406222663945
2008-09-25,18.985776134526112
2008-09-26,18.935635364415848
2008-09-29,17.95128120057674
2008-09-30,18.398159549182893
2008-10-01,18.240166690966333
2008-10-02,16.649104148786737
2008-10-03,16.47919108342356
2008-10-06,16.34790143537169
2008-10-07,15.536965364335927
2008-10-08,15.553586511949911
2008-10-09,14.625549245140217
2008-10-10,14.925515176246419
2008-10-13,16.11346161275902
2008-10-14,15.901659479865446
2008-10-15,14.479472701757734
2008-10-16,15.11718918792957
2008-10-17,14.718217422037062
2008-10-20,15.360238805875563
2008-10-21,15.011607291110872
2008-10-22,14.35555606673034
2008-10-23,14.21091384051799
2008-10-24,13.744543763801321
2008-10-27,13.411895057394437
2008-10-28,14.245629376041466
2008-10-29,14.390271602253819
2008-10-30,14.854848295968754
2008-10-31,15.487861895516952
2008-11-03,15.614607268681096
2008-11-04,16.22912751828469
2008-11-05,15.148238165042564
2008-11-06,14.37078182029957
2008-11-07,14.611758781819251
2008-11-10,14.70630013412485
2008-11-11,14.484175588381373
2008-11-12,13.846658583227091
2008-11-13,14.717580055859019
2008-11-14,13.927807461168703
2008-11-17,13.660485382237802
2008-11-18,13.620029658799396
2008-11-19,12.521244425587197
2008-11-20,11.913301211094131
2008-11-21,12.446432232456912
2008-11-24,13.15342020486166
2008-11-25,13.525328721679752
2008-11-26,13.952439961063346
2008-11-28,13.998673822463925
2008-12-01,12.741695276939476
2008-12-02,13.216116602140314
2008-12-03,13.554504523383992
2008-12-04,13.425247635554914
2008-12-05,13.684319958062224
2008-12-08,14.30728847202883
2008-12-09,13.500059828685199
2008-12-10,13.727484731026848
2008-12-11,12.960511357025934
2008-12-12,12.935440971970802
2008-12-15,12.778682949906818
2008-12-16,13.474550585391444
2008-12-17,13.815012136139567
2008-12-18,13.478456521022997
2008-12-19,13.50950549813599
2008-12-22,13.298899278269612
2008-12-23,13.18714028145363
2008-12-24,13.308345920798537
2008-12-26,13.432660544782907
2008-12-29,13.291087407006508
2008-12-30,13.70548343440767
2008-12-31,14.098117542410717
2009-01-02,14.551972861240642
2009-01-05,14.454402316702602
2009-01-06,14.815987447592658
2009-01-07,14.218128241806559
2009-01-08,14.182575859087482
2009-01-09,13.793448724680875
2009-01-12,13.227993993849013
2009-01-13,13.070238566697252
2009-01-14,12.440693017620118
2009-01-15,12.633841242676912
2009-01-16,12.545477963446729
2009-01-20,11.795363168124599
2009-01-21,12.20421946170652
2009-01-22,12.087119239010722
2009-01-23,11.821230504171817
2009-01-26,11.828007020299902
2009-01-27,12.04128336656712
2009-01-28,12.50581919100041
2009-01-29,12.101906134341329
2009-01-30,11.820433553179729
2009-02-02,11.59316726257399
2009-02-03,12.05527331090564
2009-02-04,11.924581132828298
2009-02-05,12.183891859478539
2009-02-06,12.769236307377893
2009-02-09,12.767562612986696
2009-02-10,12.125541229148196
2009-02-11,11.984804938567395
2009-02-12,11.905289858813472
2009-02-13,11.78691393068345
2009-02-17,11.174467310584301
2009-02-18,11.02404500025351
2009-02-19,10.794547441485552
2009-02-20,10.756962298543677
2009-02-23,10.3098825227637
2009-02-24,10.80092402250039
2009-02-25,10.371103733590576
2009-02-26,10.091265923694799
2009-02-27,9.960613641820967
2009-03-02,9.298224759550974
2009-03-03,9.147205952323786
2009-03-04,9.588545540188832
2009-03-05,8.933730125039009
2009-03-06,8.748633148466386
2009-03-09,8.556919240579724
2009-03-10,9.17410961658416
2009-03-11,9.353706755541054
2009-03-12,9.643788158957847
2009-03-13,9.645022995110422
2009-03-16,10.002104720394394
2009-03-17,10.323434581941733
2009-03-18,10.492349269138995
2009-03-19,10.511441062136264
2009-03-20,10.031917888276677
2009-03-23,10.82208847192397
2009-03-24,10.606978846451508
2009-03-25,10.556838076341243
2009-03-26,11.424491952597796
2009-03-27,11.072153010140974
2009-03-30,10.576568208594692
2009-03-31,10.698013225160665
2009-04-01,10.891958401209546
2009-04-02,11.748292459528422
2009-04-03,11.870773804307548
2009-04-06,11.653989511365754
2009-04-07,11.147762154263347
2009-04-08,11.279450764350333
2009-04-09,11.913301211094131
2009-04-13,11.79372936993691
2009-04-14,11.718319706832094
2009-04-15,11.858617139174271
2009-04-16,12.198480246869726
2009-04-17,12.335310601818975
2009-04-20,11.657696939057885
2009-04-21,12.036778987882903
2009-04-22,12.234431591623915
2009-04-23,12.390991105748476
2009-04-24,12.506258049239033
2009-04-27,11.920276235161635
2009-04-28,11.9225483726055
2009-04-29,12.381305085998484
2009-04-30,12.531726423251142
2009-05-01,12.564568783365866
2009-05-04,13.418073130469855
2009-05-05,13.295192823655615
2009-05-06,13.567857101544467
2009-05-07,13.18590447222292
2009-05-08,13.35685191964298
2009-05-11,12.840939515868714
2009-05-12,12.549781888035257
2009-05-13,11.954991770685114
2009-05-14,12.09859766868431
2009-05-15,12.168467597969888
2009-05-18,12.539100409353757
2009-05-19,12.520607059409153
2009-05-20,12.513632035341649
2009-05-21,12.028329750441754
2009-05-22,11.9802616367578
2009-05-26,12.466600249870849
2009-05-27,12.120598965303488
2009-05-28,12.254957701791316
2009-05-29,12.764094562515632
2009-06-01,13.365062752941194
2009-06-02,13.430587888356598
2009-06-03,13.090566168925234
2009-06-04,13.307309592585382
2009-06-05,13.352109136815828
2009-06-08,13.307748450824004
2009-06-09,13.50866865094039
2009-06-10,13.517516850416648
2009-06-11,13.550996576709416
2009-06-12,13.397705632038361
2009-06-15,12.826152620538107
2009-06-16,12.694862972486233
2009-06-17,12.663017044381151
2009-06-18,12.75544584405693
2009-06-19,12.83312764460561
2009-06-22,12.234431591623915
2009-06-23,12.269546089182503
2009-06-24,12.452011862479662
2009-06-25,12.997897992028388
2009-06-26,13.005709863291491
2009-06-29,12.982911615680225
2009-06-30,12.89207671798862
2009-07-01,13.066930101040233
2009-07-02,12.589878545642064
2009-07-06,12.61737967987697
2009-07-07,12.208125397338073
2009-07-08,12.210397534781936
2009-07-09,12.269346608164948
2009-07-10,12.40023729418171
2009-07-13,12.533560675534519
2009-07-14,12.700203225287915
2009-07-15,12.941619045046219
2009-07-16,13.263346895550535
2009-07-17,13.20850323881663
2009-07-20,13.49224698434396
2009-07-21,13.392603783379611
2009-07-22,13.530869428577125
2009-07-23,13.974441257682525
2009-07-24,14.095447416009875
2009-07-27,14.233114618154723
2009-07-28,14.04347336669437
2009-07-29,13.97774875026141
2009-07-30,14.230245010736326
2009-07-31,14.268866481891356
2009-08-03,14.646913175581352
2009-08-04,14.654086707588277
2009-08-05,14.524869715962712
2009-08-06,14.368509682855706
2009-08-07,14.944806450261247
2009-08-10,14.790917062537526
2009-08-11,14.759071134432444
2009-08-12,14.937232983141076
2009-08-13,15.042616372020353
2009-08-14,14.7707889413271
2009-08-17,14.253043258347594
2009-08-18,14.49178797862692
2009-08-19,14.534714347448613
2009-08-20,14.638702342283137
2009-08-21,15.016748062895
2009-08-24,14.937831426193743
2009-08-25,15.03707566512298
2009-08-26,14.842691630835477
2009-08-27,14.805504476850578
2009-08-28,14.840021504434635
2009-08-31,14.616302083628847
2009-09-01,14.422954377554497
2009-09-02,14.376122073101254
2009-09-03,14.702991668467831
2009-09-04,14.997815854711773
2009-09-08,15.013440570316114
2009-09-09,15.172670210841519
2009-09-10,15.529153493072823
2009-09-11,15.841435674126348
2009-09-14,15.95299616300291
2009-09-15,16.003335441052595
2009-09-16,16.0004658336342
2009-09-17,15.855425618464869
2009-09-18,15.861762303276196
2009-09-21,15.753909242091765
2009-09-22,15.852754518985893
2009-09-23,15.648725334230043
2009-09-24,15.401969261670056
2009-09-25,15.180482082104621
2009-09-28,15.372793459965816
2009-09-29,15.251787301638466
2009-09-30,15.1451291804031
2009-10-01,14.793826566159433
2009-10-02,14.718217422037062
2009-10-05,14.981195680175922
2009-10-06,15.064616695561398
2009-10-07,15.081437324192938
2009-10-08,15.41819144724893
2009-10-09,15.44756575689259
2009-10-12,15.571043533681362
2009-10-13,15.514127220521148
2009-10-14,16.122509293252836
2009-10-15,16.07523813056097
2009-10-16,16.035181369157673
2009-10-19,16.0933334915486
2009-10-20,16.122708774270393
2009-10-21,15.707474926595498
2009-10-22,15.714449950663003
2009-10-23,15.165495705756458
2009-10-26,15.039745791523822
2009-10-27,14.764412360312262
2009-10-28,14.509445454454061
2009-10-29,14.761741260833286
2009-10-30,14.401790901209052
2009-11-02,14.347983572688303
2009-11-03,15.105470407956782
2009-11-04,14.87888235281073
2009-11-05,15.190765571829145
2009-11-06,15.354897579995745
2009-11-09,15.626724037610863
2009-11-10,15.6117376612627
2009-11-11,15.895083417833053
2009-11-12,15.69515964972631
2009-11-13,15.785755170196847
2009-11-16,16.12824850808963
2009-11-17,16.140604654240462
2009-11-18,16.056984157837434
2009-11-19,15.767899186430286
2009-11-20,15.725769768600681
2009-11-23,15.876988056845425
2009-11-24,15.745100938819018
2009-11-25,15.83258747465009
2009-11-27,15.6353737291477
2009-11-30,15.695358157665732
2009-12-01,15.929998434374086
2009-12-02,16.093134010531042
2009-12-03,16.000864795669308
2009-12-04,16.34849890534622
2009-12-07,16.181696770778778
2009-12-08,16.162566054656132
2009-12-09,16.180222557405138
2009-12-10,16.233670820094286
2009-12-11,16.31685343133683
2009-12-14,16.600995165821136
2009-12-15,16.595734705426477
2009-12-16,16.63893937459461
2009-12-17,16.4408089894896
2009-12-18,16.455196922785095
2009-12-21,16.60302889912207
2009-12-22,16.600796657881716
2009-12-23,16.674411964906668
2009-12-24,16.691670478698693
2009-12-28,16.59453976547741
2009-12-29,16.692867364804027
2009-12-30,16.646432076229626
2009-12-31,16.340009771701563
2010-01-04,16.46432439568593
2010-01-05,16.631008787799107
2010-01-06,16.53000911591538
2010-01-07,16.48397473553236
2010-01-08,16.828779133994384
2010-01-11,16.990600081591744
2010-01-12,16.754126525678146
2010-01-13,16.846637063917214
2010-01-14,16.863257238453066
2010-01-15,16.663492082082232
2010-01-19,16.74683427813882
2010-01-20,16.534911483556577
2010-01-21,16.31685343133683
2010-01-22,15.9631599641169
2010-01-25,16.044069464837445
2010-01-26,16.00090469187282
2010-01-27,16.07998091338812
2010-01-28,15.704764903991146
2010-01-29,15.526523262875493
2010-02-01,15.792411024636262
2010-02-02,15.915490812468056
2010-02-03,15.695039961115777
2010-02-04,15.201207673289579
2010-02-05,15.23424951442186
2010-02-08,15.117427592072504
2010-02-09,15.42428875483919
2010-02-10,15.369524890512308
2010-02-11,15.636648461503787
2010-02-12,15.614328968334654
2010-02-16,15.934383124447772
2010-02-17,15.973283869027378
2010-02-18,15.966387664288762
2010-02-19,16.184128493036688
2010-02-22,16.305573509602663
2010-02-23,16.205253046256757
2010-02-24,16.324705198803443
2010-02-25,16.3965280959048
2010-02-26,16.479270875830586
2010-03-01,16.618253679613165
2010-03-02,16.53706393238991
2010-03-03,16.533078204351334
2010-03-04,16.581346772130978
2010-03-05,16.723476510600264
2010-03-08,16.79641650139993
2010-03-09,17.015711335928522
2010-03-10,17.1215725061718
2010-03-11,17.21985923621677
2010-03-12,17.23966916087724
2010-03-15,17.26322349019895
2010-03-16,17.434053195164743
2010-03-17,17.451152124142727
2010-03-18,17.62688225059345
2010-03-19,17.432498216305945
2010-03-22,17.46271034622334
2010-03-23,17.578615628970073
2010-03-24,17.38598508148079
2010-03-25,17.27633669113836
2010-03-26,17.29770159465763
2010-03-29,17.44449626970331
2010-03-30,17.490770027307402
2010-03-31,17.436046059184033
2010-04-01,17.507230617029208
2010-04-05,17.598624061569964
2010-04-06,17.662434633312525
2010-04-07,17.52122153444586
2010-04-08,17.76319492797519
2010-04-09,17.96626660384677
2010-04-12,18.01828152244392
2010-04-13,18.081893586247062
2010-04-14,18.51382545470856
2010-04-15,18.832286681915637
2010-04-16,18.51669603520509
2010-04-19,18.368585758521675
2010-04-20,18.55850725648474
2010-04-21,18.6152240886274
2010-04-22,18.759107313894905
2010-04-23,18.937509512902736
2010-04-26,18.957517945502627
2010-04-27,18.48421274092197
2010-04-28,18.56452477166798
2010-04-29,18.982866630904205
2010-04-30,18.617016498550996
2010-05-03,19.15544787651195
2010-05-04,18.41860781309954
2010-05-05,18.163320764535115
2010-05-06,17.585510860630556
2010-05-07,17.13113786423312
2010-05-10,18.07858512059004
2010-05-11,18.179104091875367
2010-05-12,18.564962656828467
2010-05-13,18.229803408834787
2010-05-14,17.88687121270338
2010-05-17,17.85239505440097
2010-05-18,17.61843204007417
2010-05-19,17.436921829505007
2010-05-20,16.582660427612442
2010-05-21,16.905823568365022
2010-05-24,16.738144690398475
2010-05-25,16.738343198337894
2010-05-26,16.928502127365757
2010-05-27,17.46538047262418
2010-05-28,17.282356152477867
2010-06-01,16.870709070806434
2010-06-02,17.396227701923667
2010-06-03,17.460717482204053
2010-06-04,16.56934871873361
2010-06-07,16.09429002735473
2010-06-08,16.3004317647404
2010-06-09,16.314023720121945
2010-06-10,17.02348233790998
2010-06-11,17.217866372197484
2010-06-14,17.30638923624171
2010-06-15,17.805243580319637
2010-06-16,17.613967557593462
2010-06-17,17.648206284831073
2010-06-18,17.671124221052875
2010-06-21,17.671124221052875
2010-06-22,16.989883896084812
2010-06-23,17.002358757768043
2010-06-24,16.767957858280756
2010-06-25,16.904270535662494
2010-06-28,16.783939693560427
2010-06-29,16.10827997169325
2010-06-30,15.97416061242649
2010-07-01,16.031794084171768
2010-07-02,15.673476549657085
2010-07-06,15.569170358272608
2010-07-07,16.17655599899465
2010-07-08,16.41342657078709
2010-07-09,16.58421540647124
2010-07-12,16.59692964537554
2010-07-13,16.927386979823716
2010-07-14,17.048632515372134
2010-07-15,16.96389687142706
2010-07-16,16.417213790886244
2010-07-19,16.466118751765798
2010-07-20,16.750820006177396
2010-07-21,16.513270225847133
2010-07-22,17.151584181993503
2010-07-23,17.416475511744625
2010-07-26,17.864391161642068
2010-07-27,17.630867978632022
2010-07-28,17.6181926628531
2010-07-29,17.597069082711165
2010-07-30,17.62863573739167
2010-08-02,17.952914025686294
2010-08-03,17.710502746996482
2010-08-04,17.964474193923174
2010-08-05,17.902415162822564
2010-08-06,17.76542522305927
2010-08-09,18.00094321624487
2010-08-10,17.744978905298893
2010-08-11,16.98813040928659
2010-08-12,16.88737011462393
2010-08-13,16.747272163299307
2010-08-16,16.761261134559696
2010-08-17,17.139588074752403
2010-08-18,17.21854363457904
2010-08-19,16.807097007003296
2010-08-20,16.777044461899948
2010-08-23,16.583777521310754
2010-08-24,16.271774613681806
2010-08-25,16.30888197525968
2010-08-26,16.315577725902607
2010-08-27,16.679872879397017
2010-08-30,16.385845644145164
2010-08-31,16.431681516588764
2010-09-01,17.072507960478198
2010-09-02,17.306149859020643
2010-09-03,17.48698280720825
2010-09-07,17.303719109840866
2010-09-08,17.53879727170971
2010-09-09,17.48965293360909
2010-09-10,17.54190722942731
2010-09-13,17.726286074336734
2010-09-14,17.739399275276142
2010-09-15,17.832824506961565
2010-09-16,17.65310865247227
2010-09-17,17.671363598273942
2010-09-20,17.836611727060717
2010-09-21,17.980695406423912
2010-09-22,17.806798559178436
2010-09-23,17.469167692723335
2010-09-24,17.99560101728692
2010-09-27,17.970491709106412
2010-09-28,18.060090797567305
2010-09-29,18.11102949174779
2010-09-30,18.024736922787646
2010-10-01,17.97196689555819
2010-10-04,17.75211351418044
2010-10-05,18.240565653001443
2010-10-06,18.268862765150306
2010-10-07,18.241242915382998
2010-10-08,18.4475043413792
2010-10-11,18.456871191501104
2010-10-12,18.379785887848822
2010-10-13,18.858232837291744
2010-10-14,18.753527683872154
2010-10-15,18.712115424627616
2010-10-18,18.78473624579919
2010-10-19,18.522793342795353
2010-10-20,18.929736564765008
2010-10-21,18.87469342701355
2010-10-22,18.9520181078869
2010-10-25,19.031292837341624
2010-10-26,19.050664876841605
2010-10-27,18.881150773513543
2010-10-28,18.869154666272447
2010-10-29,18.949307112204412
2010-11-01,18.959789109868357
2010-11-02,19.20570930831088
2010-11-03,19.377852668758138
2010-11-04,19.624888014742705
2010-11-05,19.623333035883906
2010-11-08,19.627558141143545
2010-11-09,19.27808880610512
2010-11-10,19.335763147132045
2010-11-11,19.358042744097666
2010-11-12,19.158717419043594
2010-11-15,19.21304242513185
2010-11-16,18.932169260101052
2010-11-17,18.97071093884906
2010-11-18,19.290764121884045
2010-11-19,19.42420621876925
2010-11-22,19.361829964196822
2010-11-23,19.047794296345074
2010-11-24,19.575424507013995
2010-11-26,19.447363532212115
2010-11-29,19.515081985742498
2010-11-30,19.353817638838027
2010-12-01,19.81532524411701
2010-12-02,20.078383294662892
2010-12-03,20.202898372742954
2010-12-06,20.13159315320911
2010-12-07,20.16770408277734
2010-12-08,20.087950598880486
2010-12-09,20.262125746472407
2010-12-10,20.324741378265905
2010-12-13,20.14685880298185
2010-12-14,20.076390430643606
2010-12-15,20.007556829571183
2010-12-16,20.276593472174927
2010-12-17,20.133187055193286
2010-12-20,20.0963988632435
2010-12-21,20.307802034101964
2010-12-22,20.322509137025552
2010-12-23,20.24319353828918
2010-12-27,20.310034275342318
2010-12-28,20.28907028001443
2010-12-29,20.344989188086863
2010-12-30,20.361490647090314
2010-12-31,20.3541166609877
2011-01-03,20.62586429927393
2011-01-04,20.48265639023171
2011-01-05,20.54479326758307
2011-01-06,20.50246631489218
2011-01-07,20.63989413981596
2011-01-10,20.758389756556515
2011-01-11,20.614743962353806
2011-01-12,20.77600636310201
2011-01-13,20.843246062190257
2011-01-14,20.83858112561386
2011-01-18,20.812076423388596
2011-01-19,20.444114711483703
2011-01-20,20.250766032331217
2011-01-21,20.110469573067174
2011-01-24,20.233628180227857
2011-01-25,20.13027755157138
2011-01-26,20.3541166609877
2011-01-27,20.467949287308123
2011-01-28,19.908193875109546
2011-01-31,20.028721278994762
2011-02-01,20.431200018483715
2011-02-02,20.03493924827369
2011-02-03,20.117364804727657
2011-02-04,20.150525361392337
2011-02-07,20.21047086678499
2011-02-08,20.267705376495158
2011-02-09,20.312027139361604
2011-02-10,20.596926901712624
2011-02-11,20.867318069079477
2011-02-14,20.797129943243945
2011-02-15,20.84950295459456
2011-02-16,21.06664534028982
2011-02-17,21.116786110400085
2011-02-18,21.109213616358048
2011-02-22,20.300229540059927
2011-02-23,19.873676847525488
2011-02-24,19.962320373258382
2011-02-25,20.169259061636144
2011-02-28,20.267028114113604
2011-03-01,19.75561911594542
2011-03-02,19.879933739929793
2011-03-03,20.37193372162888
2011-03-04,20.169936324017698
2011-03-07,20.00129993716688
2011-03-08,20.5152603462035
2011-03-09,20.514503291414925
2011-03-10,20.279304467857415
2011-03-11,20.4347478613618
2011-03-14,20.141876642933635
2011-03-15,20.007319398506386
2011-03-16,19.729353790941225
2011-03-17,20.0053265344871
2011-03-18,20.15164245509065
2011-03-21,20.593579512930226
2011-03-22,20.32693469638088
2011-03-23,20.313582118220403
2011-03-24,20.589792292831074
2011-03-25,20.75595706122047
2011-03-28,20.841691083331458
2011-03-29,20.970869151831646
2011-03-30,21.031690427545275
2011-03-31,21.123920719281635
2011-04-01,21.405233715629187
2011-04-04,21.43907153467542
2011-04-05,21.295425740472712
2011-04-06,21.299650845732355
2011-04-07,21.190282701892638
2011-04-08,20.83858112561386
2011-04-11,20.81853376988859
2011-04-12,20.883142265701373
2011-04-13,20.854843207396243
2011-04-14,20.925231787327466
2011-04-15,21.06353732872849
2011-04-18,20.772857482259035
2011-04-19,20.880232762079466
2011-04-20,20.95998624597632
2011-04-21,21.087371904552914
2011-04-25,21.12758727769212
2011-04-26,21.51858758750748
2011-04-27,21.705916805320456
2011-04-28,21.961600869763725
2011-04-29,21.98077245516802
2011-05-02,21.95247339686289
2011-05-03,21.833977780122336
2011-05-04,21.493875295205815
2011-05-05,21.73863947682465
2011-05-06,21.809026110599603
2011-05-09,21.80257071025588
2011-05-10,22.031111733217703
2011-05-11,21.751593092950014
2011-05-12,21.739118231266783
2011-05-13,21.45880166692887
2011-05-16,21.413244094831715
2011-05-17,21.265334272243987
2011-05-18,21.607030659144684
2011-05-19,21.83700599927664
2011-05-20,21.717274573305378
2011-05-23,21.449753986435056
2011-05-24,21.31435794865594
2011-05-25,21.500093264484743
2011-05-26,21.547324530973096
2011-05-27,21.557129266255487
2011-05-31,21.800138014919835
2011-06-01,21.058872392152093
2011-06-02,21.171111116488344
2011-06-03,20.806496793365845
2011-06-06,20.52717666103758
2011-06-07,20.514941176575412
2011-06-08,20.2812973318767
2011-06-09,20.466154931228257
2011-06-10,20.170134831957117
2011-06-13,20.21792464529463
2011-06-14,20.598801050199512
2011-06-15,20.34522856530793
2011-06-16,20.345308357714952
2011-06-17,20.560576594923322
2011-06-20,20.73064924510054
2011-06-21,21.126629768807852
2011-06-22,21.077327792049456
2011-06-23,21.134840602106067
2011-06-24,20.78218346309929
2011-06-27,20.961700809649166
2011-06-28,21.25178318614409
2011-06-29,21.34823663698382
2011-06-30,21.617870749562094
2011-07-01,22.114492852399668
2011-07-05,21.916403336576302
2011-07-06,22.184840563049246
2011-07-07,22.39281655271829
2011-07-08,22.115450361283933
2011-07-11,21.714086769337026
2011-07-12,21.46776955501566
2011-07-13,21.587738412051724
2011-07-14,21.323086459521665
2011-07-15,21.29391163089556
2011-07-18,21.06026778619685
2011-07-19,21.313641763149008
2011-07-20,21.29554640216138
2011-07-21,21.651510060668908
2011-07-22,21.63548930226386
2011-07-25,21.5804461645124
2011-07-26,21.291321296901742
2011-07-27,20.743124106783775
2011-07-28,20.712672599645312
2011-07-29,20.66221265990696
2011-08-01,20.448937286717875
2011-08-02,19.6985441910493
2011-08-03,19.797829299260183
2011-08-04,18.7797151626256
2011-08-05,18.707372641800465
2011-08-08,17.391724296317584
2011-08-09,18.179423261503455
2011-08-10,17.446090171687487
2011-08-11,18.19963214819904
2011-08-12,18.424347027936335
2011-08-15,18.670903619478768
2011-08-16,18.308560460722
2011-08-17,18.24339536421633
2011-08-18,17.13683620978827
2011-08-19,16.82614987687519
2011-08-22,16.842849843818062
2011-08-23,17.401130069564864
2011-08-24,17.65051831847845
2011-08-25,17.312926375148727
2011-08-26,17.77710410682855
2011-08-29,18.408563700596083
2011-08-30,18.668990547866503
2011-08-31,18.601233171210744
2011-09-01,18.3337515074658
2011-09-02,17.717835863817452
2011-09-06,17.469366200662755
2011-09-07,18.05494905270504
2011-09-08,17.82604993698975
2011-09-09,17.413606877404366
2011-09-12,17.385626988727324
2011-09-13,17.979420674067825
2011-09-14,18.34104570116139
2011-09-15,18.592782960691462
2011-09-16,18.591827397963463
2011-09-19,18.28034314098016
2011-09-20,18.012382722793085
2011-09-21,17.063540072391408
2011-09-22,16.540531982860973
2011-09-23,16.814869955141024
2011-09-26,17.18091859543365
2011-09-27,17.45856503337072
2011-09-28,16.956005207756935
2011-09-29,17.307745707161086
2011-09-30,16.697689940038202
2011-10-03,16.09727932338366
2011-10-04,16.799565382242903
2011-10-05,17.25246319218856
2011-10-06,17.626284780618917
2011-10-07,17.37597989210271
2011-10-10,18.046738219406826
2011-10-11,18.173045707410484
2011-10-12,18.406928929330263
2011-10-13,18.288353520182685
2011-10-14,18.698883508155806
2011-10-17,18.176832927509636
2011-10-18,18.732283442041552
2011-10-19,18.481741122460548
2011-10-20,18.77110536729227
2011-10-21,19.18661751531361
2011-10-24,19.537840337150254
2011-10-25,19.103555565759734
2011-10-26,19.168004476758473
2011-10-27,20.02864148658774
2011-10-28,19.976389136925793
2011-10-31,19.500452729069664
2011-11-01,18.996258132190057
2011-11-02,19.23978650457818
2011-11-03,19.650795246993436
2011-11-04,19.57857338785697
2011-11-07,19.569366122549113
2011-11-08,19.804644738513645
2011-11-09,19.049905875896762
2011-11-10,19.293634702380576
2011-11-11,19.840874383614278
2011-11-14,19.698304813828234
2011-11-15,19.85829248222035
2011-11-16,19.466813417962854
2011-11-17,19.177170872784686
2011-11-18,19.295069019550706
2011-11-21,18.84970283436544
2011-11-22,18.642406053234218
2011-11-23,18.19166069212189
2011-11-25,18.069058685654095
2011-11-28,18.702431351033894
2011-11-29,18.81347318926481
2011-11-30,19.714088141168485
2011-12-01,19.566337903394803
2011-12-02,19.71608100518777
2011-12-05,20.01644492525095
2011-12-06,19.86454937462465
2011-12-07,19.87363792440011
2011-12-08,19.386382671684444
2011-12-09,19.757333679618267
2011-12-12,19.557648315654458
2011-12-13,19.240744013462447
2011-12-14,18.961861766294668
2011-12-15,19.260513068841274
2011-12-16,19.55501711237899
2011-12-19,19.108816026154393
2011-12-20,19.752750481605162
2011-12-21,19.868215933035138
2011-12-22,20.049447843257855
2011-12-23,20.141039795738035
2011-12-27,20.145584070625766
2011-12-28,19.825050186992378
2011-12-29,20.09719678731372
2011-12-30,20.007118944410696
2012-01-03,20.19054222659212
2012-01-04,20.25933690453917
2012-01-05,20.212463730804277
2012-01-06,20.20377414306393
2012-01-09,20.3272519198527
2012-01-10,20.61677574949847
2012-01-11,20.71056102009363
2012-01-12,20.76309167010202
2012-01-13,20.62980915803086
2012-01-17,20.601152006972264
2012-01-18,20.798247036942254
2012-01-19,21.13181238295176
2012-01-20,21.047633339699573
2012-01-23,20.88896127294519
2012-01-24,20.747866889610926
2012-01-25,21.05261549974779
2012-01-26,21.13571831858331
2012-01-27,21.302838649700707
2012-01-30,21.21192590575835
2012-01-31,21.20064598402418
2012-02-01,21.296143872135914
2012-02-02,21.146918447910455
2012-02-03,21.399095538757283
2012-02-06,21.26086978976328
2012-02-07,21.217345950967054
2012-02-08,21.118817897544748
2012-02-09,21.16058824954275
2012-02-10,20.941573661516873
2012-02-13,21.212801676079327
2012-02-14,21.06106571026707
2012-02-15,20.638697253710628
2012-02-16,20.977285629049994
2012-02-17,20.883301850515416
2012-02-21,20.579031994820685
2012-02-22,20.427533460073228
2012-02-23,20.57293274107416
2012-02-24,20.483214937080866
2012-02-27,20.610518857094167
2012-02-28,20.58704237402321
2012-02-29,20.539094922027925
2012-03-01,20.771541880621303
2012-03-02,20.566874356609272
2012-03-05,20.42980657059523
2012-03-06,20.116965842692547
2012-03-07,20.22222954296129
2012-03-08,20.51031710928066
2012-03-09,20.574049834772467
2012-03-12,20.50370017796662
2012-03-13,20.943007978687007
2012-03-14,20.64762621867204
2012-03-15,21.3226096512358
2012-03-16,21.32890546676548
2012-03-19,21.363661871570606
2012-03-20,21.078442939591497
2012-03-21,21.25114484688791
2012-03-22,20.8087290346062
2012-03-23,20.796810773615853
2012-03-26,21.08059538842483
2012-03-27,21.029936940747056
2012-03-28,20.957475704389523
2012-03-29,20.949823417940465
2012-03-30,20.937667725885323
2012-04-02,21.146280108654278
2012-04-03,21.1037527018677
2012-04-04,21.03073291866101
2012-04-05,21.06190255746267
2012-04-09,20.713789693343625
2012-04-10,20.279901937831948
2012-04-11,20.464321652023017
2012-04-12,20.917898670506496
2012-04-13,20.713988201283044
2012-04-16,20.863890887890058
2012-04-17,21.164733562395373
2012-04-18,21.138746537737617
2012-04-19,20.840256766161325
2012-04-20,20.862296985905882
2012-04-23,20.66922855325611
2012-04-24,20.912038793981033
2012-04-25,21.0893647685722
2012-04-26,20.866561014290898
2012-04-27,20.994384558027978
2012-04-30,20.84631515062621
2012-05-01,21.068439696369687
2012-05-02,21.261946014179944
2012-05-03,21.06190255746267
2012-05-04,20.835951868494664
2012-05-07,20.906178917455573
2012-05-08,20.862057608684815
2012-05-09,20.56368655264092
2012-05-10,20.461970695250262
2012-05-11,20.48943290635979
2012-05-14,20.328528598365057
2012-05-15,20.355074169871965
2012-05-16,20.32944523796768
2012-05-17,19.682243186141537
2012-05-18,19.425480951125337
2012-05-21,19.941035262146137
2012-05-22,19.960366432364474
2012-05-23,20.196680403464025
2012-05-24,20.360692723020094
2012-05-25,20.246860096699667
2012-05-29,20.48110141137291
2012-05-30,20.046777716857015
2012-05-31,20.22637485581391
2012-06-01,19.577378447907904
2012-06-04,19.321733306590016
2012-06-05,19.405235087460646
2012-06-06,19.99053769300022
2012-06-07,19.964192575589003
2012-06-08,20.175953839200933
2012-06-11,19.89647606821489
2012-06-12,20.068380051441082
2012-06-13,19.95454742512066
2012-06-14,20.156624615138867
2012-06-15,20.292298953264424
2012-06-18,20.69441765384364
2012-06-19,20.928022575416975
2012-06-20,20.841132536482302
2012-06-21,20.429327816153094
2012-06-22,20.26033333654881
2012-06-25,19.87036838186847
2012-06-26,19.94191297862338
2012-06-27,20.037570451549154
2012-06-28,20.18922662495439
2012-06-29,20.76237548459509
2012-07-02,20.752887972784517
2012-07-03,20.87552890237769
2012-07-05,20.921565228916982
2012-07-06,20.719807208526863
2012-07-09,20.65643452194479
2012-07-10,20.389470535767355
2012-07-11,20.34459022605175
2012-07-12,20.241401128365585
2012-07-13,20.692504582231376
2012-07-16,20.526898360691135
2012-07-17,20.374642771155102
2012-07-18,20.487319380651837
2012-07-19,20.673533450922772
2012-07-20,20.216410535717475
2012-07-23,19.978819886105565
2012-07-24,19.743342762201614
2012-07-25,19.66558214232404
2012-07-26,19.955703441944344
2012-07-27,20.433432259724068
2012-07-30,20.37651691964199
2012-07-31,20.280738785027545
2012-08-01,19.875669711544777
2012-08-02,19.865466014227273
2012-08-03,20.272648613418
2012-08-06,20.256904209203125
2012-08-07,20.297160451623974
2012-08-08,20.229840960128705
2012-08-09,20.120871778324098
2012-08-10,20.181932431258794
2012-08-13,20.17639367051769
2012-08-14,20.254592175555747
2012-08-15,20.49473228987983
2012-08-16,20.596288562456444
2012-08-17,20.703385541930434
2012-08-20,20.686963875334005
2012-08-21,20.702468902327812
2012-08-22,20.600912629751196
2012-08-23,20.388752404104153
2012-08-24,20.40126813506903
2012-08-27,20.221511411298092
2012-08-28,20.175716408136136
2012-08-29,20.130596721199467
2012-08-30,19.900858812132306
2012-08-31,19.958494230033853
2012-09-04,19.96196033434865
2012-09-05,19.733617819326245
2012-09-06,20.10652276815398
2012-09-07,20.216410535717475
2012-09-10,20.32167228982995
2012-09-11,20.46073488601955
2012-09-12,20.622875003245
2012-09-13,20.734634973139116
2012-09-14,20.789438733669506
2012-09-17,20.488475397475526
2012-09-18,20.259455620071567
2012-09-19,20.339489350471137
2012-09-20,19.775946718173405
2012-09-21,19.573073550241244
2012-09-24,19.77247866770234
2012-09-25,19.59631065609113
2012-09-26,19.5839545099403
2012-09-27,19.694280162664285
2012-09-28,19.500653183165355
2012-10-01,19.528991164595862
2012-10-02,19.56370670011934
2012-10-03,19.793524401593523
2012-10-04,19.9792986405477
2012-10-05,20.113698246317174
2012-10-08,20.156025199008063
2012-10-09,19.926886706071706
2012-10-10,19.952912653854835
2012-10-11,19.930473472075168
2012-10-12,20.10652276815398
2012-10-15,20.189586663864123
2012-10-16,20.40242415189272
2012-10-17,20.521318730668384
2012-10-18,20.5525662157208
2012-10-19,20.256108231289172
2012-10-22,20.185639858950925
2012-10-23,20.35638782535343
2012-10-24,19.946694684575906
2012-10-25,20.069296691043704
2012-10-26,20.137293444920527
2012-10-31,20.267545791681112
2012-11-01,20.596210716205693
2012-11-02,20.36774753949462
2012-11-05,20.422311922803946
2012-11-06,20.74029439556889
2012-11-07,20.341242837269355
2012-11-08,20.144945731369585
2012-11-09,20.0014984451063
2012-11-12,20.161686567594106
2012-11-13,20.146699218167807
2012-11-14,19.63349781007603
2012-11-15,19.585468619517453
2012-11-16,19.495272061082026
2012-11-19,19.863712527429055
2012-11-20,19.8606434389931
2012-11-21,19.917401140417404
2012-11-23,20.134940541991508
2012-11-26,20.26539528900405
2012-11-27,20.235819552186566
2012-11-28,20.38644037045678
2012-11-29,20.507966152507908
2012-11-30,20.40337971462072
2012-12-03,20.17344329761414
2012-12-04,20.22493859248751
2012-12-05,20.408163366729514
2012-12-06,20.389270081671665
2012-12-07,20.439052759028463
2012-12-10,20.659462741099098
2012-12-11,20.68573001225956
2012-12-12,20.625107244485353
2012-12-13,20.65468103514657
2012-12-14,20.67377282814384
2012-12-17,20.832244440802533
2012-12-18,21.16720518085679
2012-12-19,21.20718117677493
2012-12-20,21.354773775890834
2012-12-21,21.286975529953434
2012-12-24,21.203076733203957
2012-12-26,21.075453643562568
2012-12-27,20.98764891118154
2012-12-28,20.809406296987753
2012-12-31,21.151342061109517
2013-01-02,21.665382262553162
2013-01-03,21.801654070653257
2013-01-04,22.0572583426895
2013-01-07,21.975311540677666
2013-01-08,21.890774404672015
2013-01-09,22.104010854735723
2013-01-10,22.21660767182544
2013-01-11,22.210948249395667
2013-01-14,22.32203095690823
2013-01-15,22.478071820387147
2013-01-16,22.494810710455393
2013-01-17,22.644036134680853
2013-01-18,22.699797404095513
2013-01-22,22.947589804868652
2013-01-23,22.956158730920333
2013-01-24,23.336198288629618
2013-01-25,23.396422094368713
2013-01-28,23.418384467862516
2013-01-29,23.414558324637987
2013-01-30,23.05341205198655
2013-01-31,23.134082175486032
2013-02-01,23.345325761530454
2013-02-04,23.198172993731305
2013-02-05,23.45357875782813
2013-02-06,23.40925699496168
2013-02-07,23.46533548784816
2013-02-08,23.56095403764856
2013-02-11,23.55226444990821
2013-02-12,23.543136977007375
2013-02-13,23.6322592571824
2013-02-14,23.705915433489
2013-02-15,23.700933273440782
2013-02-19,23.99675291861623
2013-02-20,23.601369864883456
2013-02-21,23.418384467862516
2013-02-22,23.69072957612328
2013-02-25,23.179279708673455
2013-02-26,23.197534654475128
2013-02-27,23.872000409471376
2013-02-28,23.88786352921865
2013-03-01,23.85418334883019
2013-03-04,24.092410391542007
2013-03-05,24.459297825186503
2013-03-06,24.35650574337918
2013-03-07,24.2388858969596
2013-03-08,24.486240412572254
2013-03-11,24.516691919710716
2013-03-12,24.443872590599717
2013-03-13,24.84140809316583
2013-03-14,25.035315319167466
2013-03-15,25.001156384336877
2013-03-18,24.918372735129445
2013-03-19,24.870304621445488
2013-03-20,24.784013998641615
2013-03-21,24.38149633602729
2013-03-22,24.628848905483675
2013-03-25,24.45036886022509
2013-03-26,24.641245920916152
2013-03-27,24.684689967305356
2013-03-28,24.93204448291801
2013-04-01,24.561251113641962
2013-04-02,24.26128615561389
2013-04-03,23.938084091735934
2013-04-04,23.952870987066543
2013-04-05,24.06327448604128
2013-04-08,24.279420439726895
2013-04-09,24.204767831410656
2013-04-10,24.637100608063534
2013-04-11,24.571454810959462
2013-04-12,24.487316636988922
2013-04-15,23.555094161123098
2013-04-16,24.079137605788553
2013-04-17,23.712690003460814
2013-04-18,23.691805800539946
2013-04-19,24.050441531604584
2013-04-22,24.119553433023448
2013-04-23,24.186713339704674
2013-04-24,24.336057479462532
2013-04-25,24.355628026901936
2013-04-26,24.376274798758004
2013-04-29,24.512346152762408
2013-04-30,24.62362931437066
2013-05-01,24.053271242819466
2013-05-02,24.289106459476887
2013-05-03,24.7868437098565
2013-05-06,25.102035394531935
2013-05-07,25.49805678752089
2013-05-08,25.553061002146976
2013-05-09,25.265491113395115
2013-05-10,25.411088902335464
2013-05-13,25.28545867671336
2013-05-14,25.770839780942143
2013-05-15,25.98646805706025
2013-05-16,25.778453144265825
2013-05-17,26.103171263877208
2013-05-20,25.95103633602984
2013-05-21,25.98296108346381
2013-05-22,25.57346645062571
2013-05-23,25.627394440835126
2013-05-24,25.491521594770145
2013-05-28,25.499771351193736
2013-05-29,25.22981806898737
2013-05-30,25.27700846619408
2013-05-31,25.070947494293566
2013-06-03,25.063334130969885
2013-06-04,24.939856354181114
2013-06-05,24.465833017937253
2013-06-06,24.698400638219297
2013-06-07,25.284621829517764
2013-06-10,25.231571555785592
2013-06-11,24.976603676849255
2013-06-12,24.803823923302087
2013-06-13,25.275056471456438
2013-06-14,25.14787126697554
2013-06-17,25.098966306095985
2013-06-18,25.34349111049375
2013-06-19,25.042488851174394
2013-06-20,24.48082036736355
2013-06-21,24.35451287935989
2013-06-24,23.877659831901145
2013-06-25,24.319954982494192
2013-06-26,24.508640671226544
2013-06-27,24.710996161591197
2013-06-28,24.60732636330663
2013-07-01,24.87704026829193
2013-07-02,24.7661988841567
2013-07-03,24.69054984383082
2013-07-05,25.07006977781632
2013-07-08,25.10354950410909
2013-07-09,25.669962716903353
2013-07-10,25.485023378988505
2013-07-11,25.79690659800692
2013-07-12,25.655853083954298
2013-07-15,25.782997419153556
2013-07-16,25.59762019607822
2013-07-17,25.797784314484165
2013-07-18,26.22230327371767
2013-07-19,26.252276026414
2013-07-22,26.21815796086505
2013-07-23,25.968612073293688
2013-07-24,25.676737286875166
2013-07-25,25.663225123900645
2013-07-26,25.799298424061316
2013-07-29,25.5152355089059
2013-07-30,25.595627332058932
2013-07-31,25.75497666119487
2013-08-01,26.58504539450955
2013-08-02,26.51182710336344
2013-08-05,26.308794350617234
2013-08-06,25.971881615825332
2013-08-07,25.784511528730707
2013-08-08,25.992088556364646
2013-08-09,25.826042503507647
2013-08-12,25.88539053892577
2013-08-13,25.716076889693397
2013-08-14,25.50893774721995
2013-08-15,25.260269576125832
2013-08-16,25.406106742287246
2013-08-19,25.224197569682975
2013-08-20,25.45242136917298
2013-08-21,25.299169347627306
2013-08-22,25.797784314484165
2013-08-23,25.826920219984892
2013-08-26,25.82496627909098
2013-08-27,25.15723811709744
2013-08-28,25.133123294770307
2013-08-29,25.19833120671389
2013-08-30,24.910321486645273
2013-09-03,24.99442073749044
2013-09-04,25.28526016877394
2013-09-05,25.427389907243228
2013-09-06,25.393511218915346
2013-09-09,25.74951769286079
2013-09-10,26.247054489144713
2013-09-11,26.25618196204555
2013-09-12,25.97275738614631
2013-09-13,26.000577690009305
2013-09-16,26.294445340447112
2013-09-17,26.32401913110833
2013-09-18,26.730045713475366
2013-09-19,26.81175313826613
2013-09-20,26.673527389272127
2013-09-23,26.51027212450464
2013-09-24,26.525498851152005
2013-09-25,26.350963664650347
2013-09-26,26.4553087791602
2013-09-27,26.296198827245334
2013-09-30,26.235776513566815
2013-10-01,26.593734982249895
2013-10-02,26.48073920312507
2013-10-03,26.20317255759502
2013-10-04,26.344665902964397
2013-10-07,26.057533899373027
2013-10-08,25.69499223267684
2013-10-09,25.745849188294034
2013-10-10,26.350085948173103
2013-10-11,26.498754771705674
2013-10-14,26.51963897462654
2013-10-15,26.477909491910182
2013-10-16,26.85133211830543
2013-10-17,26.894137825438452
2013-10-18,27.224316859540185
2013-10-21,27.332130024521103
2013-10-22,27.555570171902314
2013-10-23,27.745530592990754
2013-10-24,27.990931167709498
2013-10-25,27.936166330304484
2013-10-28,28.043742064220606
2013-10-29,28.10655620395352
2013-10-30,27.934214335566843
2013-10-31,27.801171200716748
2013-11-01,28.090494576266828
2013-11-04,28.415012241782517
2013-11-05,28.26371416113075
2013-11-06,28.062236387243342
2013-11-07,27.664261053360477
2013-11-08,27.96920817143676
2013-11-11,28.09786856236944
2013-11-12,28.291773842214813
2013-11-13,28.465431312239225
2013-11-14,28.54303429345902
2013-11-15,28.74124447097105
2013-11-18,28.643553264744344
2013-11-19,28.35849391757928
2013-11-20,28.27762528614038
2013-11-21,28.59106153786133
2013-11-22,28.694731336145896
2013-11-25,28.76842643557787
2013-11-26,28.749494227394642
2013-11-27,28.916456919854262
2013-11-29,28.839492277890646
2013-12-02,28.91274949216213
2013-12-03,28.63386919115062
2013-12-04,28.529562999766142
2013-12-05,28.523901631180102
2013-12-06,28.698876648998514
2013-12-09,28.79796130311371
2013-12-10,28.587992449425375
2013-12-11,28.1291569167035
2013-12-12,28.137208165187673
2013-12-13,28.244583445008104
2013-12-16,28.502579543098747
2013-12-17,28.376509486159886
2013-12-18,28.725819236384265
2013-12-19,28.72298952516938
2013-12-20,29.02510693203078
2013-12-23,29.143803002867024
2013-12-24,29.252733261546254
2013-12-26,29.349466958888694
2013-12-27,29.303391709224027
2013-12-30,29.299884735627586
2013-12-31,29.49665864981322
2014-01-02,29.047468267559694
2014-01-03,29.204904525083368
2014-01-06,28.832875346576607
2014-01-07,29.047028436242936
2014-01-08,29.136189639543343
2014-01-09,29.413158815098857
2014-01-10,29.75756425152577
2014-01-13,29.3422914807255
2014-01-14,29.718623610742654
2014-01-15,29.90822593907763
2014-01-16,29.719740704440966
2014-01-17,29.60383542169423
2014-01-21,29.77235309301265
2014-01-22,30.086507476396793
2014-01-23,30.17152336684458
2014-01-24,28.931284684466515
2014-01-27,28.69397428135732
2014-01-28,29.00661455516431
2014-01-29,28.659815346526727
2014-01-30,29.10378613766724
2014-01-31,29.05268980482898
2014-02-03,28.114329152091248
2014-02-04,28.438288270757784
2014-02-05,28.20217475375392
2014-02-06,28.625140680284897
2014-02-07,28.865958056990532
2014-02-10,28.583529913100936
2014-02-11,28.913109531071868
2014-02-12,28.952050171854985
2014-02-13,29.02399178448874
2014-02-14,29.122478968629398
2014-02-18,28.82374981983204
2014-02-19,28.46132686866825
2014-02-20,28.904659320552586
2014-02-21,29.130092331953083
2014-02-24,29.257514967498782
2014-02-25,29.06257433251839
2014-02-26,28.988997948618817
2014-02-27,29.160742347030965
2014-02-28,29.28860481389342
2014-03-03,29.10749356535937
2014-03-04,29.75776470562146
2014-03-05,29.851707614874393
2014-03-06,30.131944386805284
2014-03-07,30.261081586023828
2014-03-10,30.21281496440045
2014-03-11,30.13238227196577
2014-03-12,30.235653108215228
2014-03-13,29.816273947687716
2014-03-14,29.796465969183515
2014-03-17,30.06195476890917
2014-03-18,30.2215045521408
2014-03-19,30.0910906744099
2014-03-20,30.061516883748684
2014-03-21,29.9534643415467
2014-03-24,29.934331679267782
2014-03-25,30.088260963195015
2014-03-26,29.612126047399467
2014-03-27,29.53994505754465
2014-03-28,29.699093932584894
2014-03-31,30.191730307383892
2014-04-01,30.471328740058606
2014-04-02,30.67220904397148
2014-04-03,30.623105575152504
2014-04-04,30.174989471159375
2014-04-07,29.765378068945143
2014-04-08,29.767131555743365
2014-04-09,30.254783824337878
2014-04-10,29.618861694245904
2014-04-11,29.34448479884048
2014-04-14,29.50730217844748
2014-04-15,29.760594416836348
2014-04-16,30.257813989648454
2014-04-17,30.428721540865002
2014-04-21,30.635062759268227
2014-04-22,30.829207416334665
2014-04-23,30.858541829774815
2014-04-24,30.730042969812448
2014-04-25,30.23629144747141
2014-04-28,30.229115969308214
2014-04-29,30.360446486641735
2014-04-30,30.57926256672819
2014-05-01,30.765914522159612
2014-05-02,30.685481829724935
2014-05-05,30.593969669651777
2014-05-06,30.516765650467093
2014-05-07,30.691141252154704
2014-05-08,30.704853869224916
2014-05-09,30.767029669701657
2014-05-12,31.357516835541407
2014-05-13,31.50124047599487
2014-05-14,31.2257484330474
2014-05-15,31.014224600500267
2014-05-16,31.271424720676954
2014-05-19,31.5127597749501
2014-05-20,31.224672208630732
2014-05-21,31.413595328427885
2014-05-22,31.580596944012882
2014-05-23,31.83233614969922
2014-05-27,31.956929074030036
2014-05-28,32.18826088508137
2014-05-29,32.32564978687977
2014-05-30,32.30261118896931
2014-06-02,32.477187244752606
2014-06-03,32.205877491626865
2014-06-04,32.19997869197603
2014-06-05,32.444145403620325
2014-06-06,32.72266761187837
2014-06-09,32.742716913759914
2014-06-10,32.70006884528466
2014-06-11,32.45000333398952
2014-06-12,31.81822651675017
2014-06-13,32.05661314427603
2014-06-16,31.97785414623255
2014-06-17,32.11022001870109
2014-06-18,32.59540261499045
2014-06-19,32.63549927259726
2014-06-20,32.7033383878163
2014-06-23,32.532748060071576
2014-06-24,32.25681618580735
2014-06-25,32.541357855404904
2014-06-26,32.48356479884558
2014-06-27,32.58539937176864
2014-06-30,32.69213631233289
2014-07-01,32.9288901147492
2014-07-02,32.8128641703138
2014-07-03,33.06057872483618
2014-07-07,32.7201181471662
2014-07-08,32.68631730508908
2014-07-09,32.86133124603286
2014-07-10,32.78580092123938
2014-07-11,32.89943309346412
2014-07-14,33.133797015982296
2014-07-15,33.261219651527995
2014-07-16,33.46899518710135
2014-07-17,32.99839903204691
2014-07-18,33.42192545158331
2014-07-21,33.32347719056803
2014-07-22,33.700685090906155
2014-07-23,33.75329747947784
2014-07-24,33.74556345446549
2014-07-25,33.59231532523235
2014-07-28,33.21295108374835
2014-07-29,32.75319891142386
2014-07-30,32.988037696071636
2014-07-31,32.45080125805974
2014-08-01,32.36753885441018
2014-08-04,32.48001695596749
2014-08-05,32.12309384241943
2014-08-06,31.924963457314423
2014-08-07,31.85425765391138
2014-08-08,32.25438543662758
2014-08-11,32.51018821660324
2014-08-12,32.498828502462054
2014-08-13,32.72111457917585
2014-08-14,32.938655926906215
2014-08-15,32.938535265217546
2014-08-18,33.502554705801145
2014-08-19,33.53946161328333
2014-08-20,33.72312427268582
2014-08-21,33.59398901962355
2014-08-22,33.59932927242523
2014-08-25,33.69634127011411
2014-08-26,33.56504967590597
2014-08-27,33.59195334016634
2014-08-28,33.501558273791495
2014-08-29,33.51207919458082
2014-09-02,33.9434564085057
2014-09-03,33.86645089726044
2014-09-04,34.07713788261197
2014-09-05,34.2844346637432
2014-09-08,34.1743912036782
2014-09-09,33.93715864681975
2014-09-10,33.96322546388453
2014-09-11,34.100336065336485
2014-09-12,34.087063279583035
2014-09-15,33.96298803281973
2014-09-16,34.15812912189581
2014-09-17,34.48451898974212
2014-09-18,34.58093546361274
2014-09-19,34.412098622666235
2014-09-22,33.936201137935484
2014-09-23,33.65975353226002
2014-09-24,33.89144343606482
2014-09-25,33.41929424830784
2014-09-26,33.8185443145468
2014-09-29,33.87103604142982
2014-09-30,33.68378466986759
2014-10-01,32.83953040350937
2014-10-02,33.10469808745068
2014-10-03,33.80690630005917
2014-10-06,33.41885441699109
2014-10-07,32.58456252457304
2014-10-08,32.89556802711421
2014-10-09,32.101292999895946
2014-10-10,31.460386763599484
2014-10-13,30.76061319248331
2014-10-14,31.562980337467387
2014-10-15,31.636636513773986
2014-10-16,31.99025116166503
2014-10-17,32.47507371904465
2014-10-20,32.79393196213057
2014-10-21,33.82432439866524
2014-10-22,33.13000979588314
2014-10-23,33.82432439866524
2014-10-24,34.153625716289724
2014-10-27,34.3836808488287
2014-10-28,34.9121868298186
2014-10-29,34.735460271358235
2014-10-30,34.40133637849958
2014-10-31,34.8970807648599
2014-11-03,34.946186179835145
2014-11-04,35.07006291865903
2014-11-05,35.23347776824056
2014-11-06,35.68386503659942
2014-11-07,35.66872004851535
2014-11-10,36.14449687155743
2014-11-11,36.114241926202126
2014-11-12,36.23644497063481
2014-11-13,36.16346800286603
2014-11-14,36.116795283226836
2014-11-17,35.92189162521555
2014-11-18,36.038034339027085
2014-11-19,35.92205121002959
2014-11-20,36.08546605961113
2014-11-21,36.246849122048
2014-11-24,36.53545631209115
2014-11-25,36.68001679974021
2014-11-26,36.65159902590268
2014-11-28,36.66152442287374
2014-12-01,35.66812063238455
2014-12-02,36.107227979009245
2014-12-03,36.39272521133479
2014-12-04,36.346729754077145
2014-12-05,36.47738300902911
2014-12-08,36.00248195630801
2014-12-09,35.791639278454966
2014-12-10,35.30693349045147
2014-12-11,35.58079270828939
2014-12-12,35.22139992243617
2014-12-15,35.30207199209192
2014-12-16,34.83733376740667
2014-12-17,35.13016800886573
2014-12-18,35.68553873099062
2014-12-19,35.82950369482142
2014-12-22,36.196509843998314
2014-12-23,36.469648984016764
2014-12-24,36.58455783475385
2014-12-26,36.66730450699218
2014-12-29,36.73821076449091
2014-12-30,36.66152442287374
2014-12-31,36.42923510293814
2015-01-02,36.26606157673394
2015-01-05,35.30063572876552
2015-01-06,34.71951735920394
2015-01-07,34.96432046394815
2015-01-08,35.71849883355961
2015-01-09,35.30617838181916
2015-01-12,35.10111189577202
2015-01-13,34.93626078286409
2015-01-14,34.63545897764042
2015-01-15,34.50022447083162
2015-01-16,34.931399284504536
2015-01-20,35.26791305726133
2015-01-21,35.427700271557754
2015-01-22,36.443582166951984
2015-01-23,35.799571811406736
2015-01-26,36.03153806940171
2015-01-27,35.58788839404556
2015-01-28,35.069782672156315
2015-01-29,35.27883488624203
2015-01-30,34.47383848413875
2015-02-02,34.9712176417649
2015-02-03,35.4815893386418
2015-02-04,35.41295619166506
2015-02-05,35.73834962750173
2015-02-06,35.602395042873454
2015-02-09,35.23634640258083
2015-02-10,35.53922281038707
2015-02-11,35.637990241030444
2015-02-12,35.91750888129813
2015-02-13,36.00730453154218
2015-02-17,36.05114753996649
2015-02-18,36.19483614960711
2015-02-19,36.17737912787567
2015-02-20,36.39432105947524
2015-02-23,36.443582166951984
2015-02-24,36.582926955800566
2015-02-25,36.39687052418741
2015-02-26,36.19905930871049
2015-02-27,35.96928053036168
2015-03-02,36.281366149632056
2015-03-03,36.104160836729555
2015-03-04,35.939749555138384
2015-03-05,35.88578264180359
2015-03-06,35.502514410844306
2015-03-09,35.58509760595605
2015-03-10,35.06782873126241
2015-03-11,35.46209663745314
2015-03-12,35.89423285232287
2015-03-13,35.65285498261181
2015-03-16,36.256572118767096
2015-03-17,36.21576122180963
2015-03-18,36.34565547581675
2015-03-19,36.34529738306328
2015-03-20,36.461957774442325
2015-03-23,35.745604898071946
2015-03-24,35.50641840031959
2015-03-25,34.785044440775614
2015-03-26,34.58750957948887
2015-03-27,34.67718846035678
2015-03-30,35.02681543405298
2015-03-31,34.84088355644103
2015-04-01,34.56475122808111
2015-04-02,34.29842363500359
2015-04-06,34.14361858075537
2015-04-07,34.30787027753251
2015-04-08,34.55060267200668
2015-04-09,34.70975154704693
2015-04-10,34.946186179835145
2015-04-13,34.70225884541191
2015-04-14,34.66702563232092
2015-04-15,34.69500357484169
2015-04-16,34.709156023228665
2015-04-17,34.46658321356853
2015-04-20,35.04929743127056
2015-04-21,35.13718195605861
2015-04-22,35.32578785238394
2015-04-23,35.49163150498898
2015-04-24,35.39394224491854
2015-04-27,35.08975023547456
2015-04-28,35.11565746772529
2015-04-29,34.68169186596286
2015-04-30,34.2489212041495
2015-05-01,34.82330587302091
2015-05-04,34.87766980223454
2015-05-05,34.303047702298336
2015-05-06,34.35446515092095
2015-05-07,34.74378982018885
2015-05-08,34.94243788286137
2015-05-11,34.89341420644942
2015-05-12,34.47602985609746
2015-05-13,34.115878069299406
2015-05-14,34.27132146280379
2015-05-15,34.59922933253979
2015-05-18,34.837972106662846
2015-05-19,34.57260202246959
2015-05-20,33.89447165521913
2015-05-21,34.083077551544456
2015-05-22,33.80817908625898
2015-05-26,33.28282198611206
2015-05-27,33.65676423623108
2015-05-28,33.35026019313973
2015-05-29,33.08054628815443
2015-06-01,33.45711974154892
2015-06-02,33.509771053245984
2015-06-03,33.91870519307866
2015-06-04,33.62719044556987
2015-06-05,33.91710934493821
2015-06-08,33.21976652300181
2015-06-09,33.110797341197205
2015-06-10,33.334515788924854
2015-06-11,33.68605778038959
2015-06-12,33.547074976607014
2015-06-15,33.38390145040281
2015-06-16,33.273733436336606
2015-06-17,33.14507693771646
2015-06-18,33.65700166729589
2015-06-19,33.52746550604223
2015-06-22,33.80068638462397
2015-06-23,33.750666276202374
2015-06-24,33.12143892367519
2015-06-25,32.84072534345844
2015-06-26,32.852242696257406
2015-06-29,32.20799101733482
2015-06-30,32.25362643568273
2015-07-01,32.29978147775442
2015-07-02,32.37407599331719
2015-07-06,32.198822675152336
2015-07-07,32.599349419903646
2015-07-08,31.89594821350236
2015-07-09,32.096390632254746
2015-07-10,32.68954792449534
2015-07-13,33.04132734702487
2015-07-14,33.018568995617116
2015-07-15,32.779861252306894
2015-07-16,32.83649829204253
2015-07-17,33.056075319230104
2015-07-20,32.931159332958664
2015-07-21,33.173253388176654
2015-07-22,33.072294585574575
2015-07-23,32.39201176949078
2015-07-24,32.17506789173494
2015-07-27,32.12353367373619
2015-07-28,32.99628939865149
2015-07-29,33.56329813526402
2015-07-30,33.55895431447198
2015-07-31,33.44807011489884
2015-08-03,33.547316299984345
2015-08-04,33.588726613072616
2015-08-05,33.628186877579516
2015-08-06,33.34854757562316
2015-08-07,32.88564263014315
2015-08-10,33.368635800630074
2015-08-11,33.14810515687077
2015-08-12,32.98660143274523
2015-08-13,32.943754856330564
2015-08-14,33.15607661294792
2015-08-17,33.396493081462175
2015-08-18,33.324831715331136
2015-08-19,33.0815037970387
2015-08-20,32.25522228382317
2015-08-21,31.375890496875478
2015-08-24,30.271923622597505
2015-08-25,29.76131254849955
2015-08-26,30.618841546767488
2015-08-27,31.3546073319195
2015-08-28,31.52176853231854
2015-08-31,31.268633932587445
2015-09-01,30.59970888448857
2015-09-02,31.34902575574048
2015-09-03,31.372502238811435
2015-09-04,31.064087070264087
2015-09-08,31.937080226244188
2015-09-09,31.71132999137187
2015-09-10,32.00730922136137
2015-09-11,32.091568057020574
2015-09-14,31.948241432445958
2015-09-15,32.53920540657157
2015-09-16,32.6166877261027
2015-09-17,32.744511269839776
2015-09-18,32.03078570443232
2015-09-21,32.28403901969581
2015-09-22,31.47274290975032
2015-09-23,31.33292325877214
2015-09-24,31.01446397772133
2015-09-25,31.290436721267206
2015-09-28,30.5939307465264
2015-09-29,30.69293560823457
2015-09-30,31.03140332188527
2015-10-01,31.21901278620096
2015-10-02,31.382188258561428
2015-10-05,32.105837274783674
2015-10-06,31.773665376662652
2015-10-07,32.206077945722555
2015-10-08,32.64960890554631
2015-10-09,32.89485184160728
2015-10-12,32.92581908015698
2015-10-13,32.19567574046563
2015-10-14,32.252312780201265
2015-10-15,32.71712885113727
2015-10-16,32.19914184478043
2015-10-19,32.3122972087193
2015-10-20,32.517680918238256
2015-10-21,32.35984764483574
2015-10-22,32.838133063308355
2015-10-23,33.063926113618585
2015-10-26,33.01099455541881
2015-10-27,32.1391574162624
2015-10-28,32.16514444092015
2015-10-29,32.43585477791509
2015-10-30,32.396275797875795
2015-11-02,32.85415771402594
2015-11-03,32.709713995753006
2015-11-04,32.49679671531739
2015-11-05,32.60385282550973
2015-11-06,32.848097383404784
2015-11-09,32.74347202239222
2015-11-10,32.75268123385634
2015-11-11,32.63155441384033
2015-11-12,32.12313471170108
2015-11-13,31.926757813394286
2015-11-16,32.09328067453715
2015-11-17,32.118191474778236
2015-11-18,32.64841396559724
2015-11-19,32.97217263016809
2015-11-20,33.088716252171004
2015-11-23,32.79006689578067
2015-11-24,32.582968622588865
2015-11-25,32.57156803916603
2015-11-27,32.74442953127649
2015-11-30,32.29017719656772
2015-12-01,32.69998710672137
2015-12-02,32.007110713421945
2015-12-03,31.43073318053125
2015-12-04,31.7057892844745
2015-12-07,31.426587867678627
2015-12-08,30.543591468476716
2015-12-09,30.402775385488894
2015-12-10,30.57639393238793
2015-12-11,29.991169173099106
2015-12-14,29.85166869174902
2015-12-15,30.097228851281805
2015-12-16,30.638291432518223
2015-12-17,30.026003424154982
2015-12-18,29.35106086087287
2015-12-21,29.555728384884898
2015-12-22,29.999658306743765
2015-12-23,30.333344314441938
2015-12-24,30.38164985919069
2015-12-28,30.15880912794028
2015-12-29,30.370369937456523
2015-12-30,30.0420261287163
2015-12-31,29.927675824828366
2016-01-04,29.305423496368693
2016-01-05,29.350702768119405
2016-01-06,28.765197762327873
2016-01-07,27.881722608683827
2016-01-08,27.686301273105034
2016-01-11,27.559555899940886
2016-01-12,27.81324710036487
2016-01-13,26.78955333370753
2016-01-14,27.10263149267501
2016-01-15,26.660774227242452
2016-01-19,26.53378947685724
2016-01-20,26.407559835104337
2016-01-21,26.664401862527562
2016-01-22,27.017417094287804
2016-01-25,26.512185196116906
2016-01-26,27.165764802036016
2016-01-27,26.928057383047978
2016-01-28,26.71223059899045
2016-01-29,27.52846605354625
2016-02-01,27.775861438440547
2016-02-02,26.960102792170613
2016-02-03,27.241493634768922
2016-02-04,28.10436483199481
2016-02-05,27.67219164015598
2016-02-08,27.598416748316982
2016-02-09,27.885348297812666
2016-02-10,27.836085244179646
2016-02-11,27.43572003039865
2016-02-12,28.09416113467731
2016-02-16,28.735345671320214
2016-02-17,29.20123796667288
2016-02-18,29.034952536594815
2016-02-19,29.039815981110635
2016-02-22,29.57852565941803
2016-02-23,29.196135144935997
2016-02-24,29.059464374800793
2016-02-25,29.373141949899072
2016-02-26,29.514434841172758
2016-02-29,29.27529115885832
2016-03-01,29.894155229253954
2016-03-02,29.9613949283422
2016-03-03,30.299623264771835
2016-03-04,30.498193481193603
2016-03-07,30.634385496886672
2016-03-08,29.806749458908037
2016-03-09,30.00631416118318
2016-03-10,29.965061486752685
2016-03-11,30.662563893503133
2016-03-14,30.65188338789977
2016-03-15,30.47878251856824
2016-03-16,30.807007611776065
2016-03-17,31.7261966791095
2016-03-18,32.18750383029279
2016-03-21,32.186268021062084
2016-03-22,31.932337443417037
2016-03-23,31.713560286455955
2016-03-24,31.59096022614443
2016-03-28,31.32268063832926
2016-03-29,31.69295438388153
2016-03-30,31.747080882030367
2016-03-31,31.663061423592225
2016-04-01,31.438506128668973
2016-04-04,31.156397154407465
2016-04-05,30.978911595002256
2016-04-06,30.904856456660546
2016-04-07,30.502099416825153
2016-04-08,30.83470725395039
2016-04-11,30.68807410987502
2016-04-12,30.92402804206484
2016-04-13,31.729345559952474
2016-04-14,31.80921775938173
2016-04-15,31.799054931345875
2016-04-18,31.89638609866285
2016-04-19,32.30887002752988
2016-04-20,32.32102571958502
2016-04-21,31.92942793979513
2016-04-22,32.22851712750222
2016-04-25,31.847362422250896
2016-04-26,32.21054242820326
2016-04-27,32.249880084865225
2016-04-28,31.75046914009441
2016-04-29,31.374175933202633
2016-05-02,31.582710469720837
2016-05-03,31.201553818313243
2016-05-04,30.913865214028984
2016-05-05,30.56048994335901
2016-05-06,30.845389705710026
2016-05-09,30.843675142037185
2016-05-10,31.216103282579052
2016-05-11,30.73175753348529
2016-05-12,30.29233101723251
2016-05-13,29.92209619480562
2016-05-16,30.14250617687625
2016-05-17,30.321943731019104
2016-05-18,30.41250032836426
2016-05-19,30.235254146180118
2016-05-20,30.578067626779127
2016-05-23,30.443348851381565
2016-05-24,30.61497453426131
2016-05-25,30.864321913893253
2016-05-26,30.780541832676178
2016-05-27,30.978193463339053
2016-05-31,31.08210263884469
2016-06-01,30.98206047584523
2016-06-02,30.941525933077937
2016-06-03,30.810195415744417
2016-06-06,30.978672217781188
2016-06-07,31.308372497440786
2016-06-08,31.48996250041697
2016-06-09,31.41642503964277
2016-06-10,30.948580749552463
2016-06-13,30.59484738612902
2016-06-14,30.15127555702362
2016-06-15,30.168253824312938
2016-06-16,30.07674166423978
2016-06-17,30.25103747352037
2016-06-20,30.580977130401035
2016-06-21,30.4879897838761
2016-06-22,30.29233101723251
2016-06-23,30.576631363452726
2016-06-24,29.17772061432028
2016-06-27,28.27236287958945
2016-06-28,28.907010277325337
2016-06-29,29.546003442009532
2016-06-30,29.833692046293788
2016-07-01,30.122618405965028
2016-07-05,29.7417011317785
2016-07-06,29.72567842721718
2016-07-07,29.86330670623665
2016-07-08,30.62346366790597
2016-07-11,30.73757654072911
2016-07-12,31.403790593145494
2016-07-13,31.609653057106588
2016-07-14,31.949317656862622
2016-07-15,31.826715650394828
2016-07-18,31.777651104701228
2016-07-19,31.732255063574385
2016-07-20,31.7356822447638
2016-07-21,31.32220188388713
2016-07-22,31.750229762873342
2016-07-25,31.459152900525044
2016-07-26,31.807304687769467
2016-07-27,31.333602467309962
2016-07-28,31.34428297291333
2016-07-29,31.273656961917307
2016-08-01,31.151054955449514
2016-08-02,30.48460152581206
2016-08-03,30.735383222614132
2016-08-04,30.769859380916543
2016-08-05,31.3540079157887
2016-08-08,31.364929744769398
2016-08-09,31.23527292182708
2016-08-10,31.100316715364716
2016-08-11,31.274612524645306
2016-08-12,31.1172969288103
2016-08-15,31.298168800123285
2016-08-16,31.29111398364876
2016-08-17,31.41738254852704
2016-08-18,31.575176898804177
2016-08-19,31.608218739936458
2016-08-22,31.466406224938993
2016-08-23,31.58051715160586
2016-08-24,31.561584943422634
2016-08-25,31.359826923032514
2016-08-26,31.18648862263619
2016-08-29,31.329017323140587
2016-08-30,31.527587539562354
2016-08-31,31.40231540669372
2016-09-01,31.557241122630593
2016-09-02,31.67374387535186
2016-09-06,31.696103264724506
2016-09-07,32.115402632845
2016-09-08,32.191131465577904
2016-09-09,31.178715674498463
2016-09-12,31.590481471702294
2016-09-13,30.976720223043547
2016-09-14,30.910914841125432
2016-09-15,31.090113018047216
2016-09-16,30.970422461357597
2016-09-19,31.058306986145645
2016-09-20,31.061695244209687
2016-09-21,31.612083806286364
2016-09-22,31.738831125606776
2016-09-23,31.634684519036345
2016-09-26,31.545801616082382
2016-09-27,31.81045356861244
2016-09-28,31.905513571563684
2016-09-29,31.825479841164118
2016-09-30,32.199859976443626
2016-10-03,32.281925493987856
2016-10-04,32.184316026324446
2016-10-05,32.39603642065473
2016-10-06,32.39675455231793
2016-10-07,32.11245225994144
2016-10-10,32.43222714262998
2016-10-11,32.230947876681995
2016-10-12,32.104959558306426
2016-10-13,32.10639387547656
2016-10-14,32.042423718919956
2016-10-17,31.923807440490734
2016-10-18,31.919942374140827
2016-10-19,32.14378148355715
2016-10-20,32.03066504274366
2016-10-21,31.992043571588624
2016-10-24,32.11077856555025
2016-10-25,31.962191480580966
2016-10-26,31.754375075725964
2016-10-27,31.94545064435645
2016-10-28,31.959758785244922
2016-10-31,32.1170763272362
2016-11-01,31.919224242477625
2016-11-02,31.988655313524582
2016-11-03,32.09742598738977
2016-11-04,32.18531245833409
2016-11-07,33.202550824647695
2016-11-08,33.19429912206784
2016-11-09,33.469392202980195
2016-11-10,34.10427897793715
2016-11-11,34.192167395037735
2016-11-14,34.93773596931587
2016-11-15,35.13219979601039
2016-11-16,34.87145377911189
2016-11-17,35.03945377286279
2016-11-18,35.299479711941835
2016-11-21,35.462376883955855
2016-11-22,35.51873756950132
2016-11-23,35.87171193197991
2016-11-25,36.04776122805872
2016-11-28,35.7219279609053
2016-11-29,35.646677882614526
2016-11-30,35.79841579458305
2016-12-01,36.01982220866333
2016-12-02,36.06669343624195
2016-12-05,36.196829013626406
2016-12-06,36.43062855082662
2016-12-07,37.35269014481286
2016-12-08,37.5498630210336
2016-12-09,37.49450265981032
2016-12-12,37.157506240298865
2016-12-13,37.250014832381666
2016-12-14,36.741877322901395
2016-12-15,36.903299308463644
2016-12-16,36.53912287050163
2016-12-19,36.80014913390285
2016-12-20,37.10581243748607
2016-12-21,36.7860395009538
2016-12-22,36.5078325700113
2016-12-23,36.6313901392071
2016-12-27,36.66563081260098
2016-12-28,36.22425035545429
2016-12-29,36.21089583113754
2016-12-30,36.04652736498428
2017-01-03,35.96665321939876
2017-01-04,36.33277970594214
2017-01-05,36.077852696287444
2017-01-06,36.28638723280565
2017-01-09,35.96254682967152
2017-01-10,36.25047675733311
2017-01-11,36.614174440852985
2017-01-12,36.44736938705114
2017-01-13,36.67802393572092
2017-01-17,36.268451456632064
2017-01-18,36.433022323037285
2017-01-19,36.52505216067796
2017-01-20,36.76662853832844
2017-01-23,36.422341817433924
2017-01-24,37.02179297904793
2017-01-25,37.54958277453089
2017-01-26,37.73994021149817
2017-01-27,37.64233268999103
2017-01-30,37.184211396619816
2017-01-31,36.63673428432132
2017-02-01,36.55466487446455
2017-02-02,36.28323835196267
2017-02-03,36.83434309954628
2017-02-06,36.7955250666081
2017-02-07,36.72194868270853
2017-02-08,36.85160161333831
2017-02-09,37.19150559031541
2017-02-10,37.441092347168414
2017-02-13,37.767883123206104
2017-02-14,37.64209136661369
2017-02-15,38.08103912842434
2017-02-16,37.76469531923776
2017-02-17,37.846040758962516
2017-02-21,37.99096323167758
2017-02-22,37.65934988040572
2017-02-23,37.209959044056504
2017-02-24,37.55301190187658
2017-02-27,37.762542870404424
2017-02-28,37.545001522674056
2017-03-01,38.238876294139395
2017-03-02,37.62315915843047
2017-03-03,37.83097750944174
2017-03-06,37.54667521706525
2017-03-07,37.13518772020787
2017-03-08,36.95355684795003
2017-03-09,36.703133243901426
2017-03-10,37.026654477407476
2017-03-13,36.874679134374155
2017-03-14,36.36203432697526
2017-03-15,36.78556074651166
2017-03-16,36.59328829177585
2017-03-17,36.45147577677838
2017-03-20,36.27427046387589
2017-03-21,35.59518258774115
2017-03-22,35.82049688360925
2017-03-23,35.617065168827935
2017-03-24,35.58768988610614
2017-03-27,35.61291985597531
2017-03-28,36.25749070452599
2017-03-29,36.172034982761446
2017-03-30,36.475787160888665
2017-03-31,36.335928586785116
2017-04-03,36.215282467367494
2017-04-04,36.27279527742411
2017-04-05,36.25410439261822
2017-04-06,36.406317166716335
2017-04-07,36.28929479027129
2017-04-10,36.58380272612155
2017-04-11,36.411937666020734
2017-04-12,35.759313622829616
2017-04-13,35.37158090938963
2017-04-17,35.83336876117132
2017-04-18,35.604905584460255
2017-04-19,35.77728832212858
2017-04-20,36.3742717575937
2017-04-21,36.40488090338994
2017-04-24,36.999474458956925
2017-04-25,36.86567232316199
2017-04-26,36.54011930251128
2017-04-27,36.644744663523845
2017-04-28,36.26067850849434
2017-05-01,36.151152725996845
2017-05-02,36.48523380341759
2017-05-03,36.402210776989094
2017-05-04,36.422100494056586
2017-05-05,36.628720012806255
2017-05-08,36.2414660538084
2017-05-09,36.390814085878795
2017-05-10,36.15991821383168
2017-05-11,36.0229710895063
2017-05-12,35.87609467589733
2017-05-15,36.139514711509214
2017-05-16,36.12205379746523
2017-05-17,35.00959973569886
2017-05-18,35.148461877792776
2017-05-19,35.39003825544326
2017-05-22,35.730658417927295
2017-05-23,35.91009402591387
2017-05-24,35.961309074284536
2017-05-25,36.524573406235824
2017-05-26,36.57383840602511
2017-05-30,36.52385722072889
2017-05-31,36.524814729613155
2017-06-01,36.97735444680535
2017-06-02,37.19369696227412
2017-06-05,37.095848117389636
2017-06-06,36.965237677875585
2017-06-07,37.20509754569695
2017-06-08,37.19537065666532
2017-06-09,37.178392389376
2017-06-12,37.42116370697555
2017-06-13,37.69163661290569
2017-06-14,37.41534469973173
2017-06-15,37.501754038068
2017-06-16,37.52192400163821
2017-06-19,37.77126943511388
2017-06-20,37.082497485385424
2017-06-21,37.03781762976551
2017-06-22,37.14634698025336
2017-06-23,37.42068495253341
2017-06-26,37.633364801904236
2017-06-27,37.40075631234055
2017-06-28,37.9339291760631
2017-06-29,37.79044296667444
2017-06-30,38.1184286826612
2017-07-03,38.42094310540144
2017-07-05,38.4459745673312
2017-07-06,38.16797003664066
2017-07-07,38.64139590290999
2017-07-10,38.55713512109451
2017-07-11,38.26071605978826
2017-07-12,38.72661030129719
2017-07-13,38.674437744042265
2017-07-14,38.83199077094207
2017-07-17,38.65438844216073
2017-07-18,38.39471670352262
2017-07-19,38.166257419124086
2017-07-20,37.79701708255057
2017-07-21,37.74990453159461
2017-07-24,37.57824187174575
2017-07-25,37.82248837579708
2017-07-26,37.80112347227781
2017-07-27,36.62728764179239
2017-07-28,36.77659285842488
2017-07-31,36.60006480790393
2017-08-01,36.45247220878802
2017-08-02,36.56901583079094
2017-08-03,36.678265259098254
2017-08-04,36.978109555437655
2017-08-07,37.00613031339634
2017-08-08,36.799627564022806
2017-08-09,36.809833207496574
2017-08-10,36.34880435665973
2017-08-11,36.66491073478151
2017-08-14,37.25679134850975
2017-08-15,37.350537695979526
2017-08-16,37.37504758802923
2017-08-17,36.47917736510898
2017-08-18,36.25143037390484
2017-08-21,36.35753092136918
2017-08-22,36.67244625185444
2017-08-23,36.21551989843229
2017-08-24,35.95573139041805
2017-08-25,36.404643472325134
2017-08-28,36.497152064407935
2017-08-29,36.816886077814836
2017-08-30,37.1062911919282
2017-08-31,37.14319809941039
2017-09-01,37.290549375148956
2017-09-05,36.93729476616765
2017-09-06,37.107727455254604
2017-09-07,37.25073491020113
2017-09-08,37.40103655884326
2017-09-11,37.799410854761234
2017-09-12,38.041979772108824
2017-09-13,37.98817244358808
2017-09-14,37.90335506107971
2017-09-15,38.04875628823691
2017-09-18,37.922766023705066
2017-09-19,37.89263563235097
2017-09-20,38.47969367084503
2017-09-21,38.537965481846484
2017-09-22,38.679018995899106
2017-09-25,38.721744910625105
2017-09-26,38.97982080112278
2017-09-27,39.227496432519786
2017-09-28,39.40617693187406
2017-09-29,39.51590122231097
2017-10-02,39.48991614380949
2017-10-03,39.752853532666705
2017-10-04,39.5457552594749
2017-10-05,39.49625282862082
2017-10-06,39.40641436293886
2017-10-09,39.318767269215606
2017-10-10,39.572222984731056
2017-10-11,39.76425411608954
2017-10-12,40.00925572877318
2017-10-13,39.60306956159209
2017-10-16,39.287920692354575
2017-10-17,39.15634885164372
2017-10-18,39.45739198024472
2017-10-19,39.40493917648708
2017-10-20,39.74607701653862
2017-10-23,39.61570400808937
2017-10-24,39.66401149899439
2017-10-25,39.02063559039278
2017-10-26,39.38481202835479
2017-10-27,39.584857431228336
2017-10-30,39.07089702219171
2017-10-31,38.89460640273557
2017-11-01,38.99560412846302
2017-11-02,38.97376436281416
2017-11-03,38.88077701628922
2017-11-06,38.78826842420642
2017-11-07,38.54912474189199
2017-11-08,38.38562815374716
2017-11-09,37.934166607127906
2017-11-10,37.869838357817834
2017-11-13,37.93950685992959
2017-11-14,37.82128954353548
2017-11-15,37.62874073460949
2017-11-16,38.235447166793705
2017-11-17,37.79701708255057
2017-11-20,37.95190387536206
2017-11-21,38.321657997190556
2017-11-22,38.36924930258865
2017-11-24,38.34350165515196
2017-11-27,38.24397911587628
2017-11-28,38.87691194993932
2017-11-29,40.161709826248625
2017-11-30,40.95243701058881
2017-12-01,40.60113634250141
2017-12-04,41.32634033758245
2017-12-05,40.77013276826196
2017-12-06,40.76526737758987
2017-12-07,41.29768124036759
2017-12-08,41.46157484439126
2017-12-11,41.335308225669245
2017-12-12,41.323670211181614
2017-12-13,41.447508026880115
2017-12-14,41.1644006744527
2017-12-15,41.423710428024805
2017-12-18,41.93886577701049
2017-12-19,41.99327252166204
2017-12-20,42.363267966867866
2017-12-21,42.367133033217776
2017-12-22,42.54752615008862
2017-12-26,42.53832083093703
2017-12-27,42.63616967582152
2017-12-28,42.48830072251544
2017-12-29,42.29770196217082
2018-01-02,43.08556051217074
2018-01-03,43.128527750274074
2018-01-04,43.263283502640746
2018-01-05,43.491229001784305
2018-01-08,43.833561781784915
2018-01-09,43.91658480821341
2018-01-10,43.9629772813499
2018-01-11,44.9762318657812
2018-01-12,45.331199092279086
2018-01-16,44.749002552144574
2018-01-17,44.87319846059654
2018-01-18,44.89069829776591
2018-01-19,45.060290247344724
2018-01-22,45.2682642908575
2018-01-23,45.216290241542
2018-01-24,44.577978231551896
2018-01-25,43.87353972385932
2018-01-26,44.344213725164515
2018-01-29,44.298300006470164
2018-01-30,43.70514271422957
2018-01-31,43.73164547029857
2018-02-01,43.52438761229271
2018-02-02,42.59619173374711
2018-02-05,41.253919970506566
2018-02-06,41.96513110201469
2018-02-07,42.09163904411404
2018-02-08,40.49340102377124
2018-02-09,40.401772094321956
2018-02-12,41.058101619048934
2018-02-13,41.37468675161285
2018-02-14,41.77903963958869
2018-02-15,42.074738623075476
2018-02-16,41.859431462741725
2018-02-20,41.21481779875314
2018-02-21,41.34020864715417
2018-02-22,41.56664003672058
2018-02-23,42.16461990419535
2018-02-26,42.925652636185646
2018-02-27,41.94496503075702
2018-02-28,41.37978957334974
2018-03-01,41.17543927280953
2018-03-02,41.184449976334236
2018-03-05,41.24566826792671
2018-03-06,41.59314279278958
2018-03-07,41.48696439907448
2018-03-08,41.71315446526355
2018-03-09,42.80636104153113
2018-03-12,42.67490986250895
2018-03-13,42.879976348556085
2018-03-14,42.14301756961128
2018-03-15,42.21687030770103
2018-03-16,42.58280217861753
2018-03-19,42.43433380918064
2018-03-20,42.62460950758464
2018-03-21,42.47881515686114
2018-03-22,41.26607566256171
2018-03-23,40.508230734539765
2018-03-26,41.344793791323546
2018-03-27,40.58037085511294
2018-03-28,40.60735625793661
2018-03-29,41.437858984099236
2018-04-02,40.61684182359091
2018-04-03,41.428653664947646
2018-04-04,41.40386352639523
2018-04-05,41.66544639048933
2018-04-06,40.44067186582343
2018-04-09,40.33301828565656
2018-04-10,40.76770007292592
2018-04-11,40.6258097116777
2018-04-12,41.293777250892305
2018-04-13,41.329967972867564
2018-04-16,42.289290674776915
2018-04-17,42.21906167965974
2018-04-18,42.92689039157262
2018-04-19,42.53493062671672
2018-04-20,42.16461990419535
2018-04-23,42.3330169138251
2018-04-24,41.45196861704829
2018-04-25,41.88254790690294
2018-04-26,41.50689303926735
2018-04-27,42.04704092705742
2018-04-30,41.545516456578646
2018-05-01,41.40529589740909
2018-05-02,40.996840512018544
2018-05-03,40.872204772249816
2018-05-04,41.33291834577112
2018-05-07,41.29911750369399
2018-05-08,41.63176621010087
2018-05-09,41.8815514748933
2018-05-10,42.27179472992009
2018-05-11,42.7013775877651
2018-05-14,42.50045641457058
2018-05-15,42.31117325586369
2018-05-16,42.65741391765212
2018-05-17,42.81851673358628
2018-05-18,42.7686951331041
2018-05-21,43.31418327369585
2018-05-22,42.8131764807846
2018-05-23,42.756298117671626
2018-05-24,43.256109970633815
2018-05-25,43.444673051521235
2018-05-29,42.867820656500946
2018-05-30,43.51904735949103
2018-05-31,42.84789201630807
2018-06-01,43.420400590536325
2018-06-04,43.10182259395312
2018-06-05,42.926170313753154
2018-06-06,43.20122836385267
2018-06-07,43.21653293675079
2018-06-08,43.59776548825287
2018-06-11,44.06114918817501
2018-06-12,44.19745797324421
2018-06-13,43.85556502456036
2018-06-14,43.88083391755492
2018-06-15,44.13791337604294
2018-06-18,44.041695410111735
2018-06-19,43.298158622978264
2018-06-20,43.336540716912225
2018-06-21,43.15283913438436
2018-06-22,42.939046083627765
2018-06-25,41.934763279595785
2018-06-26,41.75034161924845
2018-06-27,41.17886840015522
2018-06-28,41.08312918866615
2018-06-29,41.2323176359225
2018-07-02,41.64368447109122
2018-07-03,41.32075876140343
2018-07-05,41.55767214863379
2018-07-06,41.74623522952121
2018-07-09,42.598106751515644
2018-07-10,42.4688508367647
2018-07-11,41.62084438112017
2018-07-12,41.80478728702538
2018-07-13,42.03512266606707
2018-07-16,41.59314279278958
2018-07-17,41.70319014516712
2018-07-18,42.65618005457768
2018-07-19,42.837211510704705
2018-07-20,42.81269772634246
2018-07-23,43.09986865305921
2018-07-24,42.44238311150855
2018-07-25,43.41769154101011
2018-07-26,43.78266590304234
2018-07-27,43.67233830416209
2018-07-30,43.57807817143733
2018-07-31,44.15030649916287
2018-08-01,43.77537170934675
2018-08-02,44.063060313631006
2018-08-03,44.22950338236684
2018-08-06,44.48610408641274
2018-08-07,44.71014170376848
2018-08-08,44.5401916614362
2018-08-09,44.405435909069524
2018-08-10,44.20423448937229
2018-08-13,43.926031450742336
2018-08-14,44.29877486859976
2018-08-15,44.3014449950006
2018-08-16,44.60200936915947
2018-08-17,44.75095649303848
2018-08-20,45.285285373584735
2018-08-21,45.582222112458496
2018-08-22,45.12737036161893
2018-08-23,44.88073397766947
2018-08-24,44.978901992182045
2018-08-27,45.488195518486
2018-08-28,45.39975439300507
2018-08-29,45.42111929652434
2018-08-30,45.07778619220155
2018-08-31,45.05371223915606
2018-09-04,45.11640960951285
2018-09-05,45.38441089698157
2018-09-06,45.306926631294175
2018-09-07,45.22820850253234
2018-09-10,46.051420927311916
2018-09-11,45.97366030743434
2018-09-12,45.88377902631447
2018-09-13,45.68548905639541
2018-09-14,46.1182207950834
2018-09-17,45.71124059614464
2018-09-18,45.89542093311464
2018-09-19,45.89031811137776
2018-09-20,45.90514392983374
2018-09-21,45.965646035919285
2018-09-24,45.31856464578181
2018-09-25,45.08312644500323
2018-09-26,45.33630191401597
2018-09-27,45.374485500010515
2018-09-28,45.355035614259776
2018-10-01,45.476997335315126
2018-10-02,44.96331717278122
2018-10-03,45.20995355673067
2018-10-04,45.02358184780196
2018-10-05,44.66713554253976
2018-10-08,44.65569992830409
2018-10-09,43.82738468178763
2018-10-10,42.05309736536603
2018-10-11,41.440533002812614
2018-10-12,41.80745741342622
2018-10-15,42.065253057421174
2018-10-16,42.82604835834667
2018-10-17,42.58280217861753
2018-10-18,41.46847202220801
2018-10-19,41.606255993728986
2018-10-22,41.59410030167384
2018-10-23,40.80197577713264
2018-10-24,39.47915389964283
2018-10-25,40.22320836434381
2018-10-26,39.7204500307906
2018-10-29,39.44320450104492
2018-10-30,40.5570559030123
2018-10-31,40.619270626614416
2018-11-01,41.32609901420512
2018-11-02,41.317333526370284
2018-11-05,41.29935493475879
2018-11-06,41.74695530734068
2018-11-07,42.70504414617559
2018-11-08,42.49049209447415
2018-11-09,41.9187386288782
2018-11-12,41.318088635002596
2018-11-13,41.58489498252225
2018-11-14,41.677205066665636
2018-11-15,42.309698069411915
2018-11-16,42.18334971212661
2018-11-19,41.9874924375436
2018-11-20,40.70600302689131
2018-11-21,41.31418464552731
2018-11-23,41.32805295509903
2018-11-26,41.756678304059776
2018-11-27,41.873299772313445
2018-11-28,42.91278075862357
2018-11-29,42.56677752789994
2018-11-30,43.12637530144074
2018-12-03,43.246904651482225
2018-12-04,41.34822291866924
2018-12-06,41.28696181163885
2018-12-07,39.6626180511059
2018-12-10,39.365202557790006
2018-12-11,39.18369234722085
2018-12-12,39.194890530391724
2018-12-13,38.552911961991136
2018-12-14,37.92065639030965
2018-12-17,37.47991427241914
2018-12-18,37.647073526661906
2018-12-19,36.46008557211171
2018-12-20,35.99088675725829
2018-12-21,35.37249949514852
2018-12-24,34.42533248529431
2018-12-26,36.27857536154254
2018-12-27,36.486311973990524
2018-12-28,36.30651438093794
2018-12-31,36.550721961863886
2019-01-02,36.67854161328843
2019-01-03,35.399204651469475
2019-01-04,36.76841900209577
2019-01-07,37.052246432342656
2019-01-08,37.65655909231621
2019-01-09,38.19622822566414
2019-01-10,38.36143743132554
2019-01-11,38.36362880328425
2019-01-14,38.38622756987796
2019-01-15,38.09439365274108
2019-01-16,38.29606993456792
2019-01-17,38.88775204035673
2019-01-18,39.905346553267535
2019-01-22,39.148696565194655
2019-01-23,38.80074328588966
2019-01-24,39.2296060659152
2019-01-25,39.545517828410105
2019-01-28,39.54475882746526
2019-01-29,39.72702803897926
2019-01-30,40.17095796083813
2019-01-31,40.093913526467496
2019-02-01,40.35147173939765
2019-02-04,40.68874451309929
2019-02-05,40.8566627682869
2019-02-06,40.773558003295115
2019-02-07,40.6466919684423
2019-02-08,40.56287491025611
2019-02-11,41.07073606554621
2019-02-12,41.632003641165674
2019-02-13,41.838066559222455
2019-02-14,42.00012688404088
2019-02-15,42.11994004857544
2019-02-19,42.31918363506622
2019-02-20,42.35828580681965
2019-02-21,42.37821444701252
2019-02-22,42.22101562055364
2019-02-25,42.18893128830563
2019-02-26,42.035360097131864
2019-02-27,41.817900487964785
2019-02-28,41.71949115007488
2019-03-01,41.698846324375076
2019-03-04,41.45049732290905
2019-03-05,41.109118159480175
2019-03-06,40.89819374306384
2019-03-07,40.503606667245016
2019-03-08,40.32305396556012
2019-03-11,41.10449409218542
2019-03-12,40.89966892951561
2019-03-13,41.320521330338636
2019-03-14,41.23450900788121
2019-03-15,41.093334832139924
2019-03-18,41.50880805703588
2019-03-19,40.962603730937204
2019-03-20,40.42827485039095
2019-03-21,40.99588300313428
2019-03-22,40.06573318369476
2019-03-25,39.86042926658283
2019-03-26,40.28538805713309
2019-03-27,40.645018274051104
2019-03-28,41.13123817163175
2019-03-29,41.483297840663994
2019-04-01,42.42269579469301
2019-04-02,42.350512858681924
2019-04-03,42.41735164957879
2019-04-04,42.6010571244192
2019-04-05,42.78399970600222
2019-04-08,42.8265271127888
2019-04-09,42.42974866501127
2019-04-10,42.627758388427615
2019-04-11,42.98639606564852
2019-04-12,43.493023357864175
2019-04-15,43.123463851662564
2019-04-16,43.15236037994222
2019-04-17,43.586325981704654
2019-04-18,43.79605545817193
2019-04-22,43.75157411049143
2019-04-23,43.855323701183025
2019-04-24,44.23755657700728
2019-04-25,43.22769219679629
2019-04-26,43.371773930003215
2019-04-29,43.0755961920743
2019-04-30,43.23326988066277
2019-05-01,42.494119729759255
2019-05-02,42.996597816809754
2019-05-03,43.67915374341555
2019-05-06,43.45244599965896
2019-05-07,42.52959037391504
2019-05-08,42.40105064467103
2019-05-09,42.35780705237752
2019-05-10,42.257447665906234
2019-05-13,41.07631374941269
2019-05-14,41.67066598160235
2019-05-15,41.75082037369059
2019-05-16,42.27107854441316
2019-05-17,41.817659164587454
2019-05-20,41.697612461300636
2019-05-21,41.89346973588365
2019-05-22,41.184449976334236
2019-05-23,40.541272575672046
2019-05-24,40.40567608379724
2019-05-28,39.88107409228263
2019-05-29,39.57808091510025
2019-05-30,39.564208713216
2019-05-31,38.813140301322136
2019-06-03,38.90014905578921
2019-06-04,40.1911240320958
2019-06-05,40.540034820285065
2019-06-06,40.16633389354338
2019-06-07,40.417831775852385
2019-06-10,40.78157227481017
2019-06-11,40.64864590933621
2019-06-12,40.84159562645358
2019-06-13,41.24176427845143
2019-06-14,41.07412237745398
2019-06-17,40.65059985023012
2019-06-18,41.1360996699913
2019-06-19,41.21892418848038
2019-06-20,41.5020315409078
2019-06-21,41.2622105962118
2019-06-24,40.644021842041454
2019-06-25,40.29535237722953
2019-06-26,40.56191740137185
2019-06-27,41.08699814732859
2019-06-28,41.69860889331028
2019-07-01,41.87377852675558
2019-07-02,41.53311944114617
2019-07-03,41.943050012988486
2019-07-05,41.79043633069899
2019-07-08,41.51586092735414
2019-07-09,41.20848111394181
2019-07-10,41.01967670967706
2019-07-11,41.41187390559775
2019-07-12,42.397423009385925
2019-07-15,42.252823598611485
2019-07-16,43.02429940514035
2019-07-17,41.47919145093675
2019-07-18,41.99964812959875
2019-07-19,42.26545804510876
2019-07-22,42.34006978414335
2019-07-23,42.71743726929553
2019-07-24,42.94777264833722
2019-07-25,42.622659459003266
2019-07-26,42.952875470074105
2019-07-29,42.95020534367326
2019-07-30,42.98543855676425
2019-07-31,42.65426503680914
2019-08-01,41.58489498252225
2019-08-02,41.3496552896831
2019-08-05,40.0176280930417
2019-08-06,40.54489631864462
2019-08-07,40.45597643872155
2019-08-08,41.15017037981497
2019-08-09,40.68316293692027
2019-08-12,39.97752948927862
2019-08-13,40.44987718497502
2019-08-14,39.229131203785606
2019-08-15,38.9186025095303
2019-08-16,39.72702803897926
2019-08-19,40.1816384664415
2019-08-20,39.88131541565996
2019-08-21,40.28562548819789
2019-08-22,40.148837948686555
2019-08-23,38.819955740575594
2019-08-26,39.19851816567683
2019-08-27,38.79978577700539
2019-08-28,39.48720709428327
2019-08-29,40.277377677930566
2019-08-30,40.363390000387994
2019-09-03,39.82347954366273
2019-09-04,40.300930061096004
2019-09-05,41.33168059038414
2019-09-06,41.06463681179968
2019-09-09,41.89223198049667
2019-09-10,42.5361683821037
2019-09-11,42.8911784240395
2019-09-12,42.70113626438777
2019-09-13,43.10014889956192
2019-09-16,42.76797894759717
2019-09-17,42.6698109330846
2019-09-18,42.15441426072157
2019-09-19,41.866963087502114
2019-09-20,41.66823717857884
2019-09-23,41.38245969975058
2019-09-24,41.18576168565943
2019-09-25,41.58437730495474
2019-09-26,41.48756381520528
2019-09-27,41.217487925153975
2019-09-30,41.306411697389585
2019-10-01,40.333971902228285
2019-10-02,39.396329381153755
2019-10-03,39.562258664634626
2019-10-04,39.976213887640895
2019-10-07,39.91531087336397
2019-10-08,39.176518815213925
2019-10-09,39.631409489178864
2019-10-10,40.12563976596204
2019-10-11,41.0210351267527
2019-10-14,40.87802377949363
2019-10-15,41.3969274254531
2019-10-16,41.58234162549754
2019-10-17,41.834917678379476
2019-10-18,41.88498060223899
2019-10-21,42.456453821332225
2019-10-22,42.836970187327374
2019-10-23,42.75326989851732
2019-10-24,42.55390565033787
2019-10-25,43.270698358025
2019-10-28,43.25854266596986
2019-10-29,43.16451607199737
2019-10-30,42.40495852645885
2019-10-31,41.845602076295386
2019-11-01,42.80197440530118
2019-11-04,43.771864735750306
2019-11-05,44.0424154879312
2019-11-06,43.962739850285104
2019-11-07,44.207184862275845
2019-11-08,44.11069054215447
2019-11-11,43.96078590939119
2019-11-12,43.680628929867325
2019-11-13,43.21577393580594
2019-11-14,43.330242955226275
2019-11-15,43.34993416435435
2019-11-18,43.36109342439985
2019-11-19,43.235702575998815
2019-11-20,42.62752095736282
2019-11-21,42.57271719683242
2019-11-22,42.98667631215123
2019-11-25,43.637743430327276
2019-11-26,43.72435516891551
2019-11-27,43.63395621022812
2019-11-29,43.27532242531976
2019-12-02,42.78619107796093
2019-12-03,41.84731469381196
2019-12-04,42.14740031352869
2019-12-05,42.14859525347776
2019-12-06,42.681328285883566
2019-12-09,42.55366432696053
2019-12-10,42.36777137247395
2019-12-11,42.56314989261483
2019-12-12,43.00365457944055
2019-12-13,42.949247834789
2019-12-16,43.31418327369585
2019-12-17,43.36180960990678
2019-12-18,42.96527248550658
2019-12-19,43.06491568647093
2019-12-20,43.44734707023461
2019-12-23,43.494973406445546
2019-12-24,43.50641291299376
2019-12-26,43.646111902283266
2019-12-27,43.590712617934614
2019-12-30,43.343118725100894
2019-12-31,43.44953844219332
2020-01-02,43.82032791915683
2020-01-03,43.489874477021196
2020-01-06,43.24008921222877
2020-01-07,43.39485145103906
2020-01-08,43.777800512370256
2020-01-09,43.94592116780983
2020-01-10,43.73890074086878
2020-01-13,44.09307393560898
2020-01-14,44.49869960978464
2020-01-15,44.62177842453829
2020-01-16,45.058534814390235
2020-01-17,44.95442713094518
2020-01-21,44.141976950332264
2020-01-22,43.84045895960166
2020-01-23,44.414641228221114
2020-01-24,44.0815137673721
2020-01-27,43.03322837010176
2020-01-28,43.29034675171516
2020-01-29,43.46691372536148
2020-01-30,43.17806910425354
2020-01-31,42.11615282847628
2020-02-03,42.21149113177397
2020-02-04,42.97822610163195
2020-02-05,43.55938339431891
2020-02-06,43.34240253959396
2020-02-07,43.275960764575935
2020-02-10,43.3112329007923
2020-02-11,43.45527571087385
2020-02-12,43.85675996450942
2020-02-13,43.81965065677528
2020-02-14,43.29664451340111
2020-02-18,43.307247172753726
2020-02-19,43.61677943499939
2020-02-20,43.974377864772734
2020-02-21,43.48006974173881
2020-02-24,41.88968251578449
2020-02-25,40.102243075298105
2020-02-26,39.22310979628983
2020-02-27,37.80240015079016
2020-02-28,37.418773827077416
2020-03-02,37.76748221501473
2020-03-03,36.67136808128151
2020-03-04,37.91244361085517
2020-03-05,35.91507618596209
2020-03-06,35.696417744533406
2020-03-09,32.21859367668743
2020-03-10,33.96175027743275
2020-03-11,32.38838413420567
2020-03-12,28.93247962441558
2020-03-13,31.644288800223045
2020-03-16,27.993521501703317
2020-03-17,29.76633363167314
2020-03-18,27.78626364369747
2020-03-19,28.213892560648574
2020-03-20,27.25329318022687
2020-03-23,26.71884558414822
2020-03-24,30.0555772148162
2020-03-25,30.789231420416524
2020-03-26,32.0670562188146
2020-03-27,30.68683830064431
2020-03-30,31.052449055776453
2020-03-31,30.81892392661014
2020-04-01,29.305384573243316
2020-04-02,29.676574958398206
2020-04-03,29.11697913101367
2020-04-06,31.238900557112185
2020-04-07,31.349704964278303
2020-04-08,32.49320994931393
2020-04-09,32.830122684105824
2020-04-13,32.0332164536121
2020-04-14,32.59404809022734
2020-04-15,31.898698132310223
2020-04-16,31.813802903551107
2020-04-17,32.81772566867335
2020-04-20,31.765176243017997
2020-04-21,31.265525921026118
2020-04-22,31.250458779192797
2020-04-23,31.69315483797722
2020-04-24,32.25410519012486
2020-04-27,33.15097379121103
2020-04-28,33.50929229880385
2020-04-29,34.39133313527776
2020-04-30,33.38876294876236
2020-05-01,32.46319632733595
2020-05-04,31.80993589104493
2020-05-05,32.074348466353925
2020-05-06,31.614117539587294
2020-05-07,32.08746166729333
2020-05-08,33.211078881417734
2020-05-11,32.819200855125125
2020-05-12,31.88801568055059
2020-05-13,31.18353824973264
2020-05-14,31.333162635993208
2020-05-15,30.933235307372698
2020-05-18,33.17265786435839
2020-05-19,32.79827578292261
2020-05-20,33.834767473203804
2020-05-21,33.69075969393509
2020-05-22,33.75947457947512
2020-05-26,35.45548359845164
2020-05-27,36.47495031369307
2020-05-28,35.893193604875314
2020-05-29,35.75114365881305
2020-06-01,35.73567950110088
2020-06-02,36.40914687793122
2020-06-03,37.628339826418106
2020-06-04,38.164342401355555
2020-06-05,39.35093334002691
2020-06-08,40.06792455565347
2020-06-09,39.1620510895114
2020-06-10,38.17956912800292
2020-06-11,35.23128639628185
2020-06-12,36.19798503045009
2020-06-15,36.50958800296579
2020-06-16,36.90636645074333
2020-06-17,36.824499441138514
2020-06-18,36.69910859273748
2020-06-19,36.18144270216499
2020-06-22,36.1185896393067
2020-06-23,36.595242232669754
2020-06-24,35.46995132415416
2020-06-25,35.87274728711493
2020-06-26,35.09728575254749
2020-06-29,36.08135966988389
2020-06-30,36.559966204140856
2020-07-01,36.481407660193064
2020-07-02,36.81098922432026
2020-07-06,37.4137916670292
2020-07-07,36.98201743722548
2020-07-08,37.156669393103265
2020-07-09,36.431266890082796
2020-07-10,37.11701451296948
2020-07-13,37.09098661903008
2020-07-14,37.72587339398704
2020-07-15,38.810789344549384
2020-07-16,39.02581625838042
2020-07-17,39.459065674635916
2020-07-20,38.841437413471
2020-07-21,39.10122592148524
2020-07-22,39.04917402591898
2020-07-23,38.91541470556195
2020-07-24,38.781612569767006
2020-07-27,39.12956584907201
2020-07-28,38.64781043397207
2020-07-29,39.48413605969105
2020-07-30,39.488522695921006
2020-07-31,39.836592744602136
2020-08-03,39.903992028504426
2020-08-04,40.202684200332676
2020-08-05,40.71584668529908
2020-08-06,41.176914459261305
2020-08-07,42.15457384553562
2020-08-10,43.30469770804155
2020-08-11,43.40270613774008
2020-08-12,43.58831884572395
2020-08-13,43.39055044568494
2020-08-14,43.68174602356564
2020-08-17,43.65544177543606
2020-08-18,43.30541389354848
2020-08-19,43.37715699824281
2020-08-20,43.42024100572228
2020-08-21,43.60657379152562
2020-08-24,44.43532886935883
2020-08-25,44.34923480833811
2020-08-26,44.34740152913287
2020-08-27,44.662515367557546
2020-08-28,45.12641285273466
2020-08-31,44.58176155933851
2020-09-01,45.10525034946735
2020-09-02,45.64260355685537
2020-09-03,44.51488384531626
2020-09-04,44.74182902013765
2020-09-08,44.16533471787082
2020-09-09,44.81943394751371
2020-09-10,44.556333081529914
2020-09-11,44.96953319590387
2020-09-14,45.360932467754346
2020-09-15,45.744041113899584
2020-09-16,46.055644086415285
2020-09-17,46.04456656493308
2020-09-18,45.56452376734971
2020-09-21,44.35919912843455
2020-09-22,44.69997887573262
2020-09-23,44.222010680731834
2020-09-24,44.31125362259553
2020-09-25,44.919154994728814
2020-09-28,45.60051598138554
2020-09-29,45.04275148704998
2020-09-30,44.758608779487545
2020-10-01,44.684436871769705
2020-10-02,45.027166667649155
2020-10-05,45.764487431659965
2020-10-06,45.433870512397746
2020-10-07,46.59323861718064
2020-10-08,46.8823634847913
2020-10-09,47.27850748562519
2020-10-12,47.35220453121343
2020-10-13,46.96470924883824
2020-10-14,47.38030313542287
2020-10-15,47.784216192081956
2020-10-16,47.176789682078265
2020-10-19,46.665261968377685
2020-10-20,47.27192947743653
2020-10-21,46.73273909853073
2020-10-22,46.826524369125885
2020-10-23,47.35096677582646
2020-10-26,46.25365770214417
2020-10-27,45.563289904275265
2020-10-28,43.62626500065369
2020-10-29,44.57446736564292
2020-10-30,44.266254597347526
2020-11-02,44.70559937503702
2020-11-03,46.07485654110123
2020-11-04,45.405055722681375
2020-11-05,46.511772515767206
2020-11-06,46.29283772014835
2020-11-09,47.43199693823566
2020-11-10,48.21355772654963
2020-11-11,47.85548054233415
2020-11-12,47.18603781666776
2020-11-13,48.168800024678966
2020-11-16,49.39919115633673
2020-11-17,49.56240749797884
2020-11-18,49.21700368338601
2020-11-19,49.226730572417644
2020-11-20,48.75382238371583
2020-11-23,49.51912498255995
2020-11-24,50.680046120045375
2020-11-25,50.305547269233465
2020-11-27,50.0664425100444
2020-11-30,49.62299134262767
2020-12-01,49.79665075880835
2020-12-02,50.00709642078255
2020-12-03,50.16764263602382
2020-12-04,50.78646583713781
2020-12-07,50.719226138049564
2020-12-08,50.92584565679923
2020-12-09,51.02935392411349
2020-12-10,50.57558034384685
2020-12-11,50.5086598143867
2020-12-14,49.35514963997299
2020-12-15,49.76651647514171
2020-12-16,49.81343051815824
2020-12-17,50.37633286504353
2020-12-18,50.08493877922341
2020-12-21,49.76392808730416
2020-12-22,49.66141235968701
2020-12-23,49.887645241314
2020-12-24,49.912953057433924
2020-12-28,49.91733580135134
2020-12-29,49.540528809204595
2020-12-30,49.65910421835217
2020-12-31,49.84922033194212
2021-01-04,48.74557457344851
2021-01-05,49.26053141449477
2021-01-06,50.64393713663341
2021-01-07,51.06271493487385
2021-01-08,51.31887969991553
2021-01-11,51.29452550036732
2021-01-12,52.02084658914668
2021-01-13,51.70210511543689
2021-01-14,52.26529160113743
2021-01-15,51.60035228107712
2021-01-19,51.41649111373521
2021-01-20,52.31666623432213
2021-01-21,51.41214340063063
2021-01-22,51.242672112740486
2021-01-25,51.21588911016878
2021-01-26,50.39263386995129
2021-01-27,48.93294271438686
2021-01-28,49.44279673369624
2021-01-29,48.17944160715695
2021-02-01,48.82516847253132
2021-02-02,49.91319438081126
2021-02-03,49.93148824973831
2021-02-04,50.649514820499896
2021-02-05,50.97152194442879
2021-02-08,51.31592932701197
2021-02-09,51.654638364040004
2021-02-10,51.63323453739536
2021-02-11,51.63004673342701
2021-02-12,52.51232500096572
2021-02-16,52.53484592130868
2021-02-17,52.208814146215836
2021-02-18,52.01255596344144
2021-02-19,52.90739083122668
2021-02-22,53.33470057854969
2021-02-23,53.42115273232388
2021-02-24,54.32766453772213
2021-02-25,53.29819068694635
2021-02-26,53.134814760490194
2021-03-01,54.278002522053995
2021-03-02,54.09426201640075
2021-03-03,54.00039889955484
2021-03-04,52.68997014518497
2021-03-05,54.317423863435515
2021-03-08,54.686578569133204
2021-03-09,54.950516282312606
2021-03-10,55.28165087914233
2021-03-11,55.89074719122468
2021-03-12,56.424717979017466
2021-03-15,56.76740885177154
2021-03-16,55.88281855058545
2021-03-17,56.42922138462355
2021-03-18,56.39023987455879
2021-03-19,56.526112720623765
2021-03-22,56.47182663766088
2021-03-23,55.42772547636854
2021-03-24,56.004064086133866
2021-03-25,56.9083845195734
2021-03-26,58.21470688421603
2021-03-29,57.9023059876301
2021-03-30,58.6961042065625
2021-03-31,58.316739965078504
2021-04-01,58.783031222466285
2021-04-05,59.35227414647544
2021-04-06,59.15992384548886
2021-04-07,58.97538152345286
2021-04-08,58.94078664961805
2021-04-09,59.46040648108444
2021-04-12,59.66467504306136
2021-04-13,59.24246811747523
2021-04-14,59.28240324411172
2021-04-15,59.506919615909595
2021-04-16,59.46526797944399
2021-04-19,58.98415090360023
2021-04-20,59.3671388880568
2021-04-21,59.946626378665094
2021-04-22,59.47084955562301
2021-04-23,60.317735025256695
2021-04-26,60.16699743761035
2021-04-27,61.03209892992032
2021-04-28,60.93153714319708
2021-04-29,61.456497227465164
2021-04-30,61.16896820799495
2021-05-03,62.25149038634663
2021-05-04,62.27660358683968
2021-05-05,62.335751168162105
2021-05-06,62.67322244980316
2021-05-07,63.54565705893411
2021-05-10,63.490495205650255
2021-05-11,62.60920947780865
2021-05-12,61.175304892806274
2021-05-13,62.58386273856334
2021-05-14,63.442666469187365
2021-05-17,63.107226974690974
2021-05-18,62.3486658611621
2021-05-19,62.02849201643845
2021-05-20,61.66371616234564
2021-05-21,61.68225135465002
2021-05-24,62.216455681195065
2021-05-25,61.60675995298191
2021-05-26,62.194775500360244
2021-05-27,62.61431229954553
2021-05-28,62.776450470614705
2021-06-01,62.84393149308029
2021-06-02,62.235189381438865
2021-06-03,61.93789454981164
2021-06-04,61.64912777495445
2021-06-07,61.50815210715258
2021-06-08,61.702179994842886
2021-06-09,60.93592377942704
2021-06-10,60.49960332857932
2021-06-11,61.090806679926004
2021-06-14,60.55998866528873
2021-06-15,61.003120663077375
2021-06-16,60.338660097459204
2021-06-17,59.06861019335513
2021-06-18,58.282904092188545
2021-06-21,59.41779733573457
2021-06-22,59.549007191379424
2021-06-23,59.40026246775237
2021-06-24,59.716049676246065
2021-06-25,59.694128172033906
2021-06-28,59.126562834728496
2021-06-29,59.20651482656477
2021-06-30,59.31078209482387
2021-07-01,60.09513367122735
2021-07-02,59.930325373757334
2021-07-06,59.32752293104839
2021-07-07,59.649051300535156
2021-07-08,57.69428912867941
2021-07-09,59.15924269079477
2021-07-12,59.02671723351219
2021-07-13,58.48904485649608
2021-07-14,58.54715708268349
2021-07-15,58.57493651726484
2021-07-16,57.760812642260724
2021-07-19,56.85346009735434
2021-07-20,57.98560536824878
2021-07-21,58.549426300892954
2021-07-22,58.409408141975355
2021-07-23,58.81368318370044
2021-07-26,58.87996537390442
2021-07-27,57.58005754032387
2021-07-28,57.234256709852204
2021-07-29,57.68707667354711
2021-07-30,57.636815241748174
2021-08-02,57.3022554098853
2021-08-03,58.135868093765524
2021-08-04,56.77143350293549
2021-08-05,57.48579740759912
2021-08-06,57.80230469391229
2021-08-09,57.12975201052831
2021-08-10,58.19860438724769
2021-08-11,59.25749244387064
2021-08-12,59.38926279252091
2021-08-13,59.49727446544125
2021-08-16,59.733308190038095
2021-08-17,59.08897477255222
2021-08-18,58.6071804343269
2021-08-19,57.87332772078715
2021-08-20,58.01111558462067
2021-08-23,58.5571603259053
2021-08-24,58.68593748621411
2021-08-25,59.094754856670654
2021-08-26,58.68470362313967
2021-08-27,59.40727641494525
2021-08-30,59.13226118028364
2021-08-31,58.43667379130173
2021-09-01,58.79594591546628
2021-09-02,59.42927576540816
2021-09-03,58.79594591546628
2021-09-07,58.38740879151244
2021-09-08,58.181384796581035
2021-09-09,57.56403678191882
2021-09-10,57.262514898875686
2021-09-13,57.58802899640102
2021-09-14,56.93795831023462
2021-09-15,57.4755139178746
2021-09-16,57.616567431927216
2021-09-17,56.86820806955958
2021-09-20,56.18310267824161
2021-09-21,56.071101384970156
2021-09-22,55.80330249775339
2021-09-23,56.73444874920255
2021-09-24,57.16925119816058
2021-09-27,57.68831053662155
2021-09-28,57.08048701073902
2021-09-29,56.77067839430318
2021-09-30,55.80983769050414
2021-10-01,56.79945426089417
2021-10-04,56.63719542813633
2021-10-05,57.640563538721956
2021-10-06,57.98233971802967
2021-10-07,57.832076992512924
2021-10-08,58.35289176392838
2021-10-11,58.14762676994182
2021-10-12,58.68394462219482
2021-10-13,58.632172973131276
2021-10-14,59.56028711311359
2021-10-15,60.54591795546505
2021-10-18,60.91196659575768
2021-10-19,60.999496920104804
2021-10-20,61.626050253918606
2021-10-21,62.245632455977436
2021-10-22,62.86270411644947
2021-10-25,63.27052116258384
2021-10-26,63.51931388767916
2021-10-27,62.66967266076881
2021-10-28,63.45952796710055
2021-10-29,63.39930221520518
2021-11-01,63.54482021173851
2021-11-02,67.91433805115183
2021-11-03,67.20328261214522
2021-11-04,66.69370883933854
2021-11-05,67.13552523548945
2021-11-08,67.32054241965506
2021-11-09,66.38417657709287
2021-11-10,66.11537347324139
2021-11-11,66.59545908626268
2021-11-12,66.80020251036919
2021-11-15,66.87923980875911
2021-11-16,66.92599426696161
2021-11-17,65.96383796152483
2021-11-18,65.75131769696806
2021-11-19,65.8341071846443
2021-11-22,66.71721840706607
2021-11-23,67.25728455629284
2021-11-24,67.06473963967939
2021-11-26,64.63117242562726
2021-11-29,65.21452109027292
2021-11-30,63.14648873125845
2021-12-01,61.75307587358546
2021-12-02,63.56929507297538
2021-12-03,63.64107710079509
2021-12-06,65.07749222738425
2021-12-07,65.18825576526872
2021-12-08,64.9864977448786
2021-12-09,65.07526193230017
2021-12-10,65.3845528711685
2021-12-13,64.61192104781594
2021-12-14,63.80353444149235
2021-12-15,64.18616433319546
2021-12-16,63.77694994686007
2021-12-17,63.089968460898945
2021-12-20,62.11864575943596
2021-12-21,63.62477609588733
2021-12-22,63.61915559658293
2021-12-23,64.51682017558305
2021-12-27,65.32085906880206
2021-12-28,65.32986588001424
2021-12-29,65.62983862266738
2021-12-30,65.28841664380059
2021-12-31,65.67786197475715
2022-01-03,64.97848736567609
2022-01-04,66.08173610829085
2022-01-05,65.14333847858401
2022-01-06,65.14772122250143
2022-01-07,64.84289087380128
2022-01-10,63.84570375552547
2022-01-11,63.73522046414371
2022-01-12,63.65645951994396
2022-01-13,63.789864639860056
2022-01-14,63.39284486870519
2022-01-18,62.40641610228351
2022-01-19,62.12984783491937
2022-01-20,61.865034351419
2022-01-21,60.771512497835865
2022-01-24,61.523378833799946
2022-01-25,60.5088903862942
2022-01-26,59.89995365902589
2022-01-27,59.02835200477801
2022-01-28,59.97970714292275
2022-01-31,60.913204351144664
2022-02-01,62.21912969990844
2022-02-02,62.734643141647595
2022-02-03,61.65554619832906
2022-02-04,60.64010024193905
2022-02-07,60.55496758211513
2022-02-08,61.22389263021401
2022-02-09,62.40813261211262
2022-02-10,61.34314530174314
2022-02-11,59.78679634893075
2022-02-14,60.264527112866745
2022-02-15,60.63543725151892
2022-02-16,60.95979533222057
2022-02-17,59.782172281636
2022-02-18,59.67021380380246
2022-02-22,58.72962480213692
2022-02-23,57.8866005065406
2022-02-24,59.09615219687168
2022-02-25,60.61180312979019
2022-02-28,60.85589004902747
2022-03-01,59.85921671600664
2022-03-02,61.433380783303946
2022-03-03,61.39364416460687
2022-03-04,61.3499607409966
2022-03-07,58.96071528981092
2022-03-08,58.736078256324376
2022-03-09,60.35500391780488
2022-03-10,61.06952351497002
2022-03-11,60.71447454990885
2022-03-14,60.308409044416436
2022-03-15,61.854793677132385
2022-03-16,65.26011953165172
2022-03-17,66.09707960431435
2022-03-18,65.75542797900783
2022-03-21,65.2525840145788
2022-03-22,65.81860021149421
2022-03-23,64.6251120950061
2022-03-24,65.08454899001505
2022-03-25,65.31061450220291
2022-03-28,65.69591452030686
2022-03-29,66.63554990540068
2022-03-30,65.95124243815293
2022-03-31,64.89968749835096
2022-04-01,61.82382254627015
2022-04-04,61.7826107411213
2022-04-05,60.04698576513638
2022-04-06,58.04264331617579
2022-04-07,58.207533352209104
2022-04-08,57.67635335250583
2022-04-11,57.90146914043451
2022-04-12,58.024867124816254
2022-04-13,59.17323555436769
2022-04-14,59.16470360528512
2022-04-18,58.98251613233441
2022-04-19,60.61156569872539
2022-04-20,61.635298388508104
2022-04-21,61.42094484474609
2022-04-22,60.05431888195734
2022-04-25,60.71228317795014
2022-04-26,58.78155603601451
2022-04-27,59.518039952829724
2022-04-28,61.07781414067526
2022-04-29,59.248084724467084
2022-05-02,59.430034766353
2022-05-03,60.05942170369423
2022-05-04,61.911827732746865
2022-05-05,60.121118749728836
2022-05-06,59.39073408666015
2022-05-09,57.674920981491965
2022-05-10,57.642715987555285
2022-05-11,56.96039749201429
2022-05-12,57.076699790639864
2022-05-13,57.61931929689135
2022-05-16,57.13449284719919
2022-05-17,58.940588141678624
2022-05-18,54.571233779391896
2022-05-19,53.565035957591384
2022-05-20,53.77133630671297
2022-05-23,54.834848430630664
2022-05-24,54.120566264530325
2022-05-25,54.77972550047218
2022-05-26,56.364850319875565
2022-05-27,57.57248699243811
2022-05-31,57.00185062054047
2022-06-01,56.577767600311184
2022-06-02,57.755631974273086
2022-06-03,57.57320317794504
2022-06-06,58.01071856874182
2022-06-07,58.08608541640873
2022-06-08,55.87125838234857
2022-06-09,54.720457257461085
2022-06-10,53.284840054942144
2022-06-13,51.670421691380255
2022-06-14,52.767812503625834
2022-06-15,53.328005800984904
2022-06-16,51.51361988080023
2022-06-17,51.29073828026817
2022-06-21,52.060143376526995
2022-06-22,51.47507820205222
2022-06-23,51.942844645891775
2022-06-24,53.999838406549415
2022-06-27,53.8618131116511
2022-06-28,52.9321809697791
2022-06-29,52.699058694960435
2022-06-30,52.43982678763908
2022-07-01,52.968052522126264
2022-07-05,52.67785337625521
2022-07-06,52.65150631268772
2022-07-07,53.67914688425825
2022-07-08,53.39799347272474
2022-07-11,52.79391824381599
2022-07-12,52.49981121615711
2022-07-13,51.81868766056518
2022-07-14,51.67651705281425
2022-07-15,52.66027569283509
2022-07-18,52.93608885156692
2022-07-19,54.98969630031679
2022-07-20,55.47842284717169
2022-07-21,55.2637929492195
2022-07-22,55.04748935687611
2022-07-25,55.264551950164346
2022-07-26,54.262258117839124
2022-07-27,55.19041507325935
2022-07-28,56.897462690592704
2022-07-29,58.227500915527344
